timestamp,open,high,low,close,volume
2026-05-14 04:00:00,417.92,418.37,416.0216,417.43,9750
2026-05-14 04:01:00,416.84,418.2,416.23,417.17,10495
2026-05-14 04:03:00,416.78,416.854,416.78,416.854,208
2026-05-14 04:04:00,416.37,416.67,416.37,416.67,84
2026-05-14 04:05:00,416.61,416.61,416.61,416.61,490
2026-05-14 04:06:00,416.25,416.58,416.25,416.51,324
2026-05-14 04:08:00,416.75,416.75,416.75,416.75,73
2026-05-14 04:09:00,417.32,417.32,417.32,417.32,45
2026-05-14 04:13:00,417.28,417.29,417.28,417.29,351
2026-05-14 04:14:00,417.71,417.71,417.71,417.71,45
2026-05-14 04:16:00,417.78,417.8,417.66,417.8,396
2026-05-14 04:17:00,417.94,418.09,417.89,418.08,730
2026-05-14 04:19:00,417.64,417.64,417.64,417.64,48
2026-05-14 04:20:00,417.63,417.63,417.63,417.63,50
2026-05-14 04:25:00,417.95,417.96,417.95,417.96,98
2026-05-14 04:27:00,417.61,417.61,417.6,417.6,379
2026-05-14 04:30:00,417.95,418,417.95,418,797
2026-05-14 04:33:00,417.2303,418,417.2303,418,180
2026-05-14 04:36:00,417.6,417.6,417.6,417.6,50
2026-05-14 04:38:00,417.2,417.2,417.2,417.2,100
2026-05-14 04:39:00,416.85,417.06,416.79,417.06,390
2026-05-14 04:44:00,416.27,416.27,416.27,416.27,180
2026-05-14 04:45:00,416.71,416.71,416.71,416.71,56
2026-05-14 04:46:00,416.71,416.71,416.28,416.35,245
2026-05-14 04:48:00,416.79,417.08,416.79,417.08,98
2026-05-14 04:50:00,417.29,417.29,417.29,417.29,60
2026-05-14 04:51:00,416.7,416.7,416.7,416.7,40
2026-05-14 04:53:00,417.1,417.86,417.1,417.75,164
2026-05-14 04:55:00,417.94,417.94,417.94,417.94,69
2026-05-14 04:56:00,417.71,417.71,417.71,417.71,55
2026-05-14 05:00:00,417.77,417.77,417.74,417.74,107
2026-05-14 05:01:00,417.77,417.77,417.77,417.77,500
2026-05-14 05:03:00,417.8,417.8,417.8,417.8,250
2026-05-14 05:07:00,417.42,417.5,417.42,417.5,220
2026-05-14 05:08:00,417.49,417.49,417.49,417.49,80
2026-05-14 05:10:00,417.58,417.58,417.12,417.32,346
2026-05-14 05:11:00,417.27,417.27,417.27,417.27,91
2026-05-14 05:12:00,417.27,417.27,417,417,1467
2026-05-14 05:18:00,416.79,416.79,416.79,416.79,40
2026-05-14 05:19:00,417,417.01,417,417.01,102
2026-05-14 05:22:00,417.08,417.36,416,416.56,1454
2026-05-14 05:25:00,416.81,416.81,416.81,416.81,65
2026-05-14 05:26:00,416.21,416.21,416,416,694
2026-05-14 05:29:00,415.4672,415.4672,415.4672,415.4672,100
2026-05-14 05:31:00,416.5,416.5,416.49,416.49,130
2026-05-14 05:35:00,416.49,416.49,416.49,416.49,77
2026-05-14 05:36:00,416,416,416,416,50
2026-05-14 05:37:00,415.8,415.8,415.8,415.8,50
2026-05-14 05:38:00,415.37,415.37,415.37,415.37,71
2026-05-14 05:39:00,415.38,415.38,415.38,415.38,80
2026-05-14 05:40:00,415.17,415.17,415.17,415.17,40
2026-05-14 05:43:00,415.48,415.48,415.48,415.48,60
2026-05-14 05:44:00,415.92,415.92,415.92,415.92,50
2026-05-14 05:46:00,416.392,416.392,416.392,416.392,50
2026-05-14 05:47:00,416.39,416.39,416.39,416.39,100
2026-05-14 05:48:00,416.14,416.14,416.14,416.14,40
2026-05-14 05:49:00,416.14,416.4,416.14,416.4,147
2026-05-14 05:50:00,416.35,416.35,416.35,416.35,68
2026-05-14 05:52:00,416.29,416.29,416.29,416.29,40
2026-05-14 05:53:00,416.08,416.12,416.08,416.12,273
2026-05-14 05:55:00,416.4,416.4,416.32,416.38,582
2026-05-14 05:56:00,416.38,416.38,416.32,416.32,327
2026-05-14 05:57:00,416.09,416.09,416.09,416.09,300
2026-05-14 06:04:00,416.49,416.49,416.49,416.49,45
2026-05-14 06:05:00,416.7,416.7,416.56,416.56,131
2026-05-14 06:10:00,416.02,416.11,415.91,416.1,1098
2026-05-14 06:14:00,416.4,416.4,416.4,416.4,50
2026-05-14 06:18:00,416.51,416.51,416.51,416.51,50
2026-05-14 06:19:00,416.54,416.54,416.54,416.54,54
2026-05-14 06:21:00,416.45,416.45,416,416,311
2026-05-14 06:22:00,416.21,416.21,416.21,416.21,80
2026-05-14 06:23:00,416.46,416.99,416.21,416.94,1294
2026-05-14 06:25:00,416.79,416.86,416.79,416.86,420
2026-05-14 06:26:00,417.02,417.02,417.02,417.02,50
2026-05-14 06:27:00,417.02,417.02,417.02,417.02,97
2026-05-14 06:28:00,416.87,416.87,416.8,416.8,256
2026-05-14 06:29:00,416.8,416.8,416.8,416.8,48
2026-05-14 06:31:00,416.23,416.23,415.63,415.63,739
2026-05-14 06:32:00,416.02,416.02,416.02,416.02,69
2026-05-14 06:39:00,416.16,416.16,416,416,900
2026-05-14 06:40:00,415.8,415.8,415.56,415.56,134
2026-05-14 06:45:00,415.2649,415.2649,415.2649,415.2649,100
2026-05-14 06:46:00,415.82,415.82,415.82,415.82,48
2026-05-14 06:47:00,415.6,415.6,415.6,415.6,192
2026-05-14 06:48:00,415.6,415.6,415.6,415.6,42
2026-05-14 06:53:00,416.28,416.3,416.28,416.3,129
2026-05-14 06:54:00,416.44,416.44,416.44,416.44,49
2026-05-14 06:55:00,416.05,416.05,416.05,416.05,500
2026-05-14 06:56:00,416.21,416.21,416.21,416.21,47
2026-05-14 07:00:00,416.74,416.7719,416.2,416.7719,1510
2026-05-14 07:02:00,416.61,416.61,416.61,416.61,40
2026-05-14 07:04:00,416.6,416.8,416.5,416.7713,569
2026-05-14 07:05:00,417,417,416.8,416.8,180
2026-05-14 07:06:00,416.7,416.7997,416.66,416.66,1476
2026-05-14 07:10:00,417.25,417.25,417.13,417.13,1300
2026-05-14 07:12:00,417.19,417.5655,417.19,417.5655,262
2026-05-14 07:13:00,417.12,417.18,417.12,417.18,190
2026-05-14 07:14:00,417.19,417.475,417.19,417.32,653
2026-05-14 07:15:00,417.35,417.35,417.35,417.35,40
2026-05-14 07:16:00,417.08,417.19,417.08,417.19,116
2026-05-14 07:17:00,417.05,417.05,417.05,417.05,120
2026-05-14 07:18:00,417.13,417.14,417.13,417.14,380
2026-05-14 07:19:00,417.1,417.12,417.06,417.06,200
2026-05-14 07:20:00,417,417,416.61,416.61,1989
2026-05-14 07:23:00,416.57,416.65,416.33,416.33,1371
2026-05-14 07:24:00,416.32,416.32,416,416,2369
2026-05-14 07:25:00,416.15,416.15,415.93,416.04,723
2026-05-14 07:26:00,415.92,415.92,415.81,415.81,96
2026-05-14 07:27:00,416.1174,416.1174,415.76,415.76,1097
2026-05-14 07:28:00,415.78,415.78,415.29,415.52,888
2026-05-14 07:30:00,415.51,415.51,415.51,415.51,73
2026-05-14 07:31:00,416.22,416.22,416.22,416.22,48
2026-05-14 07:32:00,416.01,416.22,416.01,416.22,282
2026-05-14 07:34:00,415.9,416.161,415.9,416.161,222
2026-05-14 07:35:00,415.9201,415.9201,415.9201,415.9201,1000
2026-05-14 07:36:00,416.114,416.3,416.114,416.3,716
2026-05-14 07:37:00,416.3,416.65,415.9773,416.35,1367
2026-05-14 07:40:00,416.26,416.26,415.9,415.9,103
2026-05-14 07:41:00,416.01,416.01,416.01,416.01,40
2026-05-14 07:45:00,416.1,416.1,416.1,416.1,80
2026-05-14 07:47:00,416,416,416,416,84
2026-05-14 07:48:00,416.43,416.43,416.43,416.43,125
2026-05-14 07:51:00,416.21,416.21,416.21,416.21,98
2026-05-14 07:52:00,416.2,416.2,416.2,416.2,50
2026-05-14 07:53:00,416.11,416.27,415.9757,415.9757,212
2026-05-14 07:54:00,416.4,416.4,416.4,416.4,300
2026-05-14 07:57:00,416.29,416.31,416.1,416.1,139
2026-05-14 07:58:00,416.01,416.01,416.01,416.01,85
2026-05-14 07:59:00,416.01,416.01,415.95,415.95,279
2026-05-14 08:00:00,415.849,415.849,415.8345,415.8345,217
2026-05-14 08:02:00,415.9,416.2,415.9,416.2,175
2026-05-14 08:03:00,416.01,416.01,416.01,416.01,40
2026-05-14 08:06:00,416.25,416.25,416.25,416.25,150
2026-05-14 08:07:00,415.9,416.15,415.9,416.15,1595
2026-05-14 08:08:00,416.35,416.4,415.749,416.3214,580
2026-05-14 08:09:00,416.4,416.5763,416.4,416.5621,434
2026-05-14 08:10:00,416.64,416.64,416.64,416.64,90
2026-05-14 08:12:00,416.5,416.61,416.43,416.48,1085
2026-05-14 08:13:00,416.5,416.5,416.26,416.26,205
2026-05-14 08:14:00,416.4,416.5,416.4,416.416,661
2026-05-14 08:15:00,416.416,416.5,416.416,416.5,275
2026-05-14 08:16:00,416.59,416.59,416.59,416.59,85
2026-05-14 08:17:00,416.63,417.2,416.62,417.05,1820
2026-05-14 08:18:00,417,417.01,416.99,416.99,687
2026-05-14 08:20:00,416.815,416.815,416.815,416.815,80
2026-05-14 08:22:00,416.64,416.64,416.64,416.64,40
2026-05-14 08:23:00,416.75,416.81,416.75,416.81,201
2026-05-14 08:24:00,416.75,416.78,416.64,416.74,593
2026-05-14 08:25:00,416.75,416.82,416.7,416.82,1241
2026-05-14 08:26:00,416.51,416.51,416.4453,416.4453,291
2026-05-14 08:27:00,416.5,416.5,416.2,416.2,342
2026-05-14 08:28:00,416.8873,416.8873,416.8873,416.8873,100
2026-05-14 08:29:00,416.76,416.76,416.76,416.76,80
2026-05-14 08:30:00,416.2701,416.99,416.2701,416.99,100
2026-05-14 08:31:00,416.21,416.8232,416.21,416.8232,91
2026-05-14 08:32:00,416.2,416.2,416.06,416.1,705
2026-05-14 08:33:00,416.01,416.01,416,416,193
2026-05-14 08:36:00,416.48,416.48,416.1322,416.1322,150
2026-05-14 08:37:00,416,416.01,415.8,415.89,837
2026-05-14 08:39:00,416.2,416.2,416.2,416.2,300
2026-05-14 08:41:00,416.23,416.3086,415.98,415.98,1128
2026-05-14 08:42:00,415.88,415.88,415.88,415.88,120
2026-05-14 08:43:00,415.88,416.17,415.62,416.11,1275
2026-05-14 08:44:00,415.94,416.18,415.94,415.95,460
2026-05-14 08:45:00,415.67,415.85,415.67,415.85,745
2026-05-14 08:46:00,415.96,416,415.96,416,187
2026-05-14 08:47:00,415.85,415.85,415.85,415.85,72
2026-05-14 08:48:00,416.174,416.174,416,416,523
2026-05-14 08:49:00,415.9,415.9,415.85,415.85,80
2026-05-14 08:50:00,415.85,416.45,415.85,416.44,1655
2026-05-14 08:51:00,416.07,416.07,416.07,416.07,40
2026-05-14 08:52:00,416.1999,416.1999,415.8942,415.8942,372
2026-05-14 08:53:00,415.85,416.01,415.85,416.01,154
2026-05-14 08:54:00,415.85,415.9,415.55,415.55,1106
2026-05-14 08:55:00,415.42,415.42,415.33,415.33,142
2026-05-14 08:56:00,415.43,415.81,415.4,415.81,2072
2026-05-14 08:58:00,415.53,415.53,415.53,415.53,44
2026-05-14 08:59:00,415.675,415.675,415.3,415.3,1110
2026-05-14 09:00:00,415.17,415.17,414.9,414.9,3269
2026-05-14 09:01:00,414.96,415.3,414.7848,415.3,745
2026-05-14 09:02:00,415.45,415.6,415.11,415.6,888
2026-05-14 09:03:00,415.01,415.49,415.01,415.49,691
2026-05-14 09:04:00,415.18,415.18,415.1,415.1,170
2026-05-14 09:05:00,415.28,415.4079,415.19,415.4079,253
2026-05-14 09:06:00,414,414,414,414,40
2026-05-14 09:07:00,414.805,415,414.6,414.6,762
2026-05-14 09:08:00,414.81,414.81,414.6287,414.81,355
2026-05-14 09:09:00,414.9,415,414.56,414.6,1236
2026-05-14 09:10:00,414.56,414.56,413.86,413.86,4928
2026-05-14 09:11:00,413.98,414,413.79,413.87,2235
2026-05-14 09:12:00,413.5,413.86,413.38,413.86,662
2026-05-14 09:13:00,413.75,413.75,413.56,413.56,138
2026-05-14 09:14:00,413.55,413.85,413.55,413.85,295
2026-05-14 09:15:00,413.98,414.16,413.86,413.86,169
2026-05-14 09:16:00,414,414.25,414,414.14,428
2026-05-14 09:17:00,414.34,414.48,414,414.18,1757
2026-05-14 09:18:00,413.949,414,413.949,414,2051
2026-05-14 09:19:00,414,414.46,414,414.28,718
2026-05-14 09:20:00,414.12,414.48,414.12,414.3,689
2026-05-14 09:21:00,414.46,414.97,414.11,414.8843,1545
2026-05-14 09:22:00,414.5724,414.93,414.56,414.93,569
2026-05-14 09:23:00,414.72,414.73,414.46,414.6264,489
2026-05-14 09:24:00,414.66,414.66,414.5,414.5,155
2026-05-14 09:25:00,415.39,416.24,415.39,415.82,2908
2026-05-14 09:26:00,416,416.79,416,416.7831,2201
2026-05-14 09:27:00,416.72,416.72,416.11,416.57,1813
2026-05-14 09:28:00,416.88,417,416.32,416.93,3458
2026-05-14 09:29:00,416.97,416.97,416.64,416.72,2067
2026-05-14 09:30:00,416.73,419.055,415.59,418.7425,325554
2026-05-14 09:31:00,418.755,421.74,418.43,421.66,91277
2026-05-14 09:32:00,421.7395,423.24,421.66,422.75,77557
2026-05-14 09:33:00,422.88,427.16,422.88,426.74,150833
2026-05-14 09:34:00,426.79,429.66,426.2,429.62,135218
2026-05-14 09:35:00,429.66,430.9812,428.96,430.92,174165
2026-05-14 09:36:00,430.92,432.21,430.56,430.58,153664
2026-05-14 09:37:00,430.57,432.85,430.54,432.51,127545
2026-05-14 09:38:00,432.6499,432.86,431.6,431.915,76852
2026-05-14 09:39:00,432,433.3,431.64,432.2,131844
2026-05-14 09:40:00,432.0955,433.64,432.01,432.38,108980
2026-05-14 09:41:00,432.508,432.971,431.7301,432.61,71645
2026-05-14 09:42:00,432.46,434.66,432.03,433.09,120851
2026-05-14 09:43:00,433.09,433.67,431.6,431.97,60479
2026-05-14 09:44:00,431.98,432.51,430.1801,430.2113,86946
2026-05-14 09:45:00,430.48,432.3,430.3701,431.72,86588
2026-05-14 09:46:00,431.655,431.98,430.38,430.6,61375
2026-05-14 09:47:00,430.6,430.88,429.23,429.74,48446
2026-05-14 09:48:00,429.68,429.68,427.0601,427.395,55374
2026-05-14 09:49:00,427.48,428.88,427.39,428.515,43717
2026-05-14 09:50:00,428.55,429.94,428.2,429.05,66163
2026-05-14 09:51:00,429.13,429.31,428.4901,428.5,39358
2026-05-14 09:52:00,428.535,429.6,427.69,429.4297,49880
2026-05-14 09:53:00,429.51,429.6399,427.975,428.5,35566
2026-05-14 09:54:00,428.305,429.3,427.72,428.16,63901
2026-05-14 09:55:00,428.01,428.42,427.06,427.595,86100
2026-05-14 09:56:00,427.73,429.5,427.63,429.01,40996
2026-05-14 09:57:00,429.08,429.43,428,428.42,58463
2026-05-14 09:58:00,428.31,429.29,428.31,428.675,57763
2026-05-14 09:59:00,428.635,428.89,426.66,427.26,62862
2026-05-14 10:00:00,427.26,430.5,427.04,430.22,74463
2026-05-14 10:01:00,430.28,430.61,429.9201,430.315,36814
2026-05-14 10:02:00,430.25,430.78,429.39,430.7199,48996
2026-05-14 10:03:00,430.61,430.64,429.5101,430.1199,28566
2026-05-14 10:04:00,430.0111,430.12,429.0501,429.3964,24031
2026-05-14 10:05:00,429.54,429.72,428.3147,428.94,51171
2026-05-14 10:06:00,428.81,429.19,428.495,429.19,14453
2026-05-14 10:07:00,429.175,429.75,428,428.18,28477
2026-05-14 10:08:00,428.165,428.3899,427.16,428.15,56515
2026-05-14 10:09:00,428.31,428.7799,428.12,428.44,23065
2026-05-14 10:10:00,428.53,429.39,428.4,429.175,29912
2026-05-14 10:11:00,429.11,429.64,428.81,429.64,33953
2026-05-14 10:12:00,429.64,430,429.16,429.6698,25789
2026-05-14 10:13:00,429.67,430.7199,429.55,430.5,33466
2026-05-14 10:14:00,430.66,431.7,430.45,430.46,63557
2026-05-14 10:15:00,430.45,431.6,430.35,431.28,26182
2026-05-14 10:16:00,431.275,431.88,431,431.7375,42804
2026-05-14 10:17:00,431.69,432.48,431.129,432.4196,75249
2026-05-14 10:18:00,432.42,432.95,432.1,432.93,46799
2026-05-14 10:19:00,432.99,433.48,432.63,433.26,78639
2026-05-14 10:20:00,433.2,434.5,433.115,433.99,90124
2026-05-14 10:21:00,434.11,434.2999,433.56,433.68,44373
2026-05-14 10:22:00,433.77,435.27,433.01,434.625,162998
2026-05-14 10:23:00,434.625,435.35,434.41,435.19,48904
2026-05-14 10:24:00,435.155,435.65,434.1653,435.65,64322
2026-05-14 10:25:00,435.69,436.09,435,435.125,69804
2026-05-14 10:26:00,435.13,435.82,434.84,435.233,52309
2026-05-14 10:27:00,435.34,435.35,434.63,434.995,32217
2026-05-14 10:28:00,434.995,435.56,434.355,434.84,25562
2026-05-14 10:29:00,434.8225,435.335,433.82,435.0399,51234
2026-05-14 10:30:00,435.115,435.115,434.03,434.03,24435
2026-05-14 10:31:00,434.135,434.72,433.53,433.76,44733
2026-05-14 10:32:00,433.69,434.5,433.5,434.5,94199
2026-05-14 10:33:00,434.535,434.71,433.725,433.85,42576
2026-05-14 10:34:00,433.8001,434.95,433.66,434.82,28134
2026-05-14 10:35:00,434.7828,435,434.5901,434.815,46493
2026-05-14 10:36:00,434.7899,435.04,434.52,434.7,22239
2026-05-14 10:37:00,434.68,435.88,434.55,435.87,43390
2026-05-14 10:38:00,435.88,437.43,435.7505,437.2342,87601
2026-05-14 10:39:00,437.24,437.555,436.91,437.33,66902
2026-05-14 10:40:00,437.266,437.2699,436.33,437.05,40224
2026-05-14 10:41:00,437.06,437.06,436.58,436.835,41044
2026-05-14 10:42:00,436.835,437.28,436.6,436.72,41135
2026-05-14 10:43:00,436.72,437.4,436.54,436.775,30114
2026-05-14 10:44:00,436.78,437.1199,435.72,435.925,35212
2026-05-14 10:45:00,435.93,436.71,435.87,436.6403,53236
2026-05-14 10:46:00,436.6,436.82,436.41,436.69,19412
2026-05-14 10:47:00,436.69,437,436.3501,436.685,45378
2026-05-14 10:48:00,436.63,437.005,436.33,436.465,26392
2026-05-14 10:49:00,436.56,436.9699,436.2953,436.81,26839
2026-05-14 10:50:00,436.82,436.9599,436.27,436.55,27603
2026-05-14 10:51:00,436.56,436.77,436.08,436.19,30232
2026-05-14 10:52:00,436.2063,436.425,435.57,435.9,25110
2026-05-14 10:53:00,435.74,435.99,435.51,435.6,30025
2026-05-14 10:54:00,435.51,435.69,435.01,435.5357,23833
2026-05-14 10:55:00,435.6,435.8999,435.28,435.425,26462
2026-05-14 10:56:00,435.35,435.4,434.7801,435.12,30856
2026-05-14 10:57:00,435.11,435.37,434.9,435.04,22097
2026-05-14 10:58:00,435.085,435.24,434.6,434.6,20468
2026-05-14 10:59:00,434.6,434.74,433.5,434.62,43667
2026-05-14 11:00:00,434.63,435.0953,434.4,434.8,24189
2026-05-14 11:01:00,434.82,435.1599,434.2,434.52,29164
2026-05-14 11:02:00,434.53,435.24,434.33,434.36,26665
2026-05-14 11:03:00,434.26,434.7799,434.2,434.37,16871
2026-05-14 11:04:00,434.41,434.48,433.67,433.68,31200
2026-05-14 11:05:00,433.67,434.82,433.54,434.695,51448
2026-05-14 11:06:00,434.695,435.7899,434.68,435.715,36467
2026-05-14 11:07:00,435.7999,436.32,435.7,436.185,29646
2026-05-14 11:08:00,436.19,436.32,435.8,436.215,31075
2026-05-14 11:09:00,436.215,436.5,436.08,436.285,19311
2026-05-14 11:10:00,436.285,436.72,436.06,436.7,23504
2026-05-14 11:11:00,436.68,436.9799,436.32,436.555,28794
2026-05-14 11:12:00,436.555,436.555,435.87,436.1285,16202
2026-05-14 11:13:00,435.9775,436.105,435.54,435.88,31588
2026-05-14 11:14:00,435.8801,436.27,435.7632,436.205,21377
2026-05-14 11:15:00,436.2,436.5,436.07,436.5,17845
2026-05-14 11:16:00,436.51,436.9,436.2901,436.6,40429
2026-05-14 11:17:00,436.6214,437.48,436.6,437,51677
2026-05-14 11:18:00,437.06,437.4799,436.82,437.395,21632
2026-05-14 11:19:00,437.39,437.95,437.09,437.85,70506
2026-05-14 11:20:00,437.77,438.58,437.41,438.41,82390
2026-05-14 11:21:00,438.38,438.79,438.03,438.616,51574
2026-05-14 11:22:00,438.58,438.7,438.21,438.235,33552
2026-05-14 11:23:00,438.26,438.34,437.5,438.0225,48854
2026-05-14 11:24:00,438.025,438.4178,438.025,438.275,22270
2026-05-14 11:25:00,438.2001,438.99,438.2001,438.98,55807
2026-05-14 11:26:00,438.96,439.27,438.56,438.71,60343
2026-05-14 11:27:00,438.71,439.15,438.56,438.57,46687
2026-05-14 11:28:00,438.72,439.09,438.59,438.9056,35337
2026-05-14 11:29:00,438.97,439.14,438.7,438.78,32904
2026-05-14 11:30:00,438.79,439.75,438.7001,439.39,72101
2026-05-14 11:31:00,439.405,439.7,438.6,438.695,44245
2026-05-14 11:32:00,438.695,438.82,438,438.06,44185
2026-05-14 11:33:00,438.095,438.44,437.76,438.19,30199
2026-05-14 11:34:00,438.22,438.3,437.5101,437.735,19504
2026-05-14 11:35:00,437.61,438.19,437.41,437.98,53741
2026-05-14 11:36:00,437.925,438.13,437.76,437.85,19542
2026-05-14 11:37:00,437.85,438.1,437.73,437.91,16733
2026-05-14 11:38:00,437.88,438.36,437.76,438.175,27774
2026-05-14 11:39:00,438.215,438.61,437.96,438.47,19231
2026-05-14 11:40:00,438.47,439.045,438.18,438.225,47662
2026-05-14 11:41:00,438.28,438.49,437.71,437.8,73715
2026-05-14 11:42:00,437.8,438,437.61,437.765,46407
2026-05-14 11:43:00,437.76,437.77,437.1202,437.1202,36991
2026-05-14 11:44:00,437.12,437.43,437.02,437.256,32100
2026-05-14 11:45:00,437.205,437.4299,436.85,436.85,19045
2026-05-14 11:46:00,436.85,437.12,436.5001,436.57,19273
2026-05-14 11:47:00,436.57,436.57,435.676,435.695,42496
2026-05-14 11:48:00,435.69,436.15,435.53,435.985,21167
2026-05-14 11:49:00,435.985,436.46,435.82,436.38,14947
2026-05-14 11:50:00,436.38,436.6458,436.0042,436.195,38059
2026-05-14 11:51:00,436.2,436.37,435.77,435.77,21519
2026-05-14 11:52:00,435.69,435.74,435.24,435.435,24498
2026-05-14 11:53:00,435.435,435.95,435.435,435.76,13048
2026-05-14 11:54:00,435.73,435.9625,435.69,435.79,11811
2026-05-14 11:55:00,435.7,435.94,435.5521,435.6269,14994
2026-05-14 11:56:00,435.66,436.43,435.64,436.23,28903
2026-05-14 11:57:00,436.29,437.18,436.2495,437.04,44366
2026-05-14 11:58:00,437.04,437.045,436.31,436.524,29981
2026-05-14 11:59:00,436.51,436.53,435.8,436.075,28069
2026-05-14 12:00:00,436.075,436.24,435.9301,436.1425,13576
2026-05-14 12:01:00,436.095,436.46,436.09,436.385,11419
2026-05-14 12:02:00,436.38,436.45,436.0201,436.085,24989
2026-05-14 12:03:00,436.129,436.129,435.5001,435.78,19793
2026-05-14 12:04:00,435.76,436.09,435.76,436.01,7507
2026-05-14 12:05:00,436.01,436.4,435.81,436.04,12871
2026-05-14 12:06:00,436.04,436.08,435.29,435.89,11867
2026-05-14 12:07:00,435.92,436.18,435.621,435.94,14981
2026-05-14 12:08:00,435.89,436.23,435.84,435.9617,21041
2026-05-14 12:09:00,435.975,435.975,435.53,435.71,19605
2026-05-14 12:10:00,435.715,435.98,435.58,435.685,14697
2026-05-14 12:11:00,435.68,435.9306,435.625,435.7746,14864
2026-05-14 12:12:00,435.77,435.82,435.25,435.32,12237
2026-05-14 12:13:00,435.315,435.43,434.61,434.87,27471
2026-05-14 12:14:00,434.85,434.9,434.2,434.29,21681
2026-05-14 12:15:00,434.275,434.535,434.14,434.3481,16171
2026-05-14 12:16:00,434.29,434.3499,433.815,433.88,12608
2026-05-14 12:17:00,433.93,434.2099,433.86,434.0001,12016
2026-05-14 12:18:00,434.0001,434.11,433.64,433.92,13822
2026-05-14 12:19:00,433.93,434.01,433.25,433.325,21135
2026-05-14 12:20:00,433.25,433.57,433.2,433.57,21093
2026-05-14 12:21:00,433.555,434.0899,433.48,433.755,18832
2026-05-14 12:22:00,433.8383,434.0599,433.55,433.68,17051
2026-05-14 12:23:00,433.66,433.79,433.38,433.44,11651
2026-05-14 12:24:00,433.48,433.68,433.35,433.62,11155
2026-05-14 12:25:00,433.5115,433.93,433.5115,433.91,10853
2026-05-14 12:26:00,433.91,433.91,433.25,433.28,20947
2026-05-14 12:27:00,433.28,433.6099,433.21,433.415,12135
2026-05-14 12:28:00,433.49,433.49,433.03,433.09,12438
2026-05-14 12:29:00,433.16,433.28,432.85,433.1261,16677
2026-05-14 12:30:00,433.05,433.6,432.95,433.543,17723
2026-05-14 12:31:00,433.4175,433.75,433.16,433.4,18272
2026-05-14 12:32:00,433.3817,433.525,433.2501,433.31,15758
2026-05-14 12:33:00,433.25,433.28,432.75,432.795,11846
2026-05-14 12:34:00,432.75,433.14,432.58,432.735,16779
2026-05-14 12:35:00,432.735,432.87,432.32,432.5,23198
2026-05-14 12:36:00,432.34,432.47,432.1,432.235,21081
2026-05-14 12:37:00,432.24,432.41,432.02,432.075,18558
2026-05-14 12:38:00,432.07,432.29,432.02,432.29,20699
2026-05-14 12:39:00,432.28,432.61,432.2,432.47,18559
2026-05-14 12:40:00,432.48,432.6999,432.24,432.6999,21611
2026-05-14 12:41:00,432.57,432.91,432.365,432.89,15874
2026-05-14 12:42:00,432.89,432.9399,432.53,432.77,8553
2026-05-14 12:43:00,432.77,432.98,432.61,432.9799,10541
2026-05-14 12:44:00,432.965,432.965,432.23,432.23,34525
2026-05-14 12:45:00,432.13,432.61,431.8,432.27,20116
2026-05-14 12:46:00,432.08,432.5,431.84,432.5,23635
2026-05-14 12:47:00,432.425,433.09,432.425,433.09,15028
2026-05-14 12:48:00,433.0899,433.34,432.95,433.29,12425
2026-05-14 12:49:00,433.289,433.39,433.03,433.065,11213
2026-05-14 12:50:00,433.03,433.1,432.7001,432.81,8087
2026-05-14 12:51:00,432.81,432.945,432.54,432.8497,9424
2026-05-14 12:52:00,432.85,433.35,432.77,433.19,16039
2026-05-14 12:53:00,433.16,433.2999,432.8,432.905,17590
2026-05-14 12:54:00,432.885,433.4,432.81,433.33,10057
2026-05-14 12:55:00,433.29,433.43,432.9711,433.19,9920
2026-05-14 12:56:00,433.155,433.155,432.285,432.81,11926
2026-05-14 12:57:00,432.73,432.98,432.36,432.79,11985
2026-05-14 12:58:00,432.79,432.97,432.62,432.86,5094
2026-05-14 12:59:00,432.86,433.09,432.86,432.945,4994
2026-05-14 13:00:00,433.13,433.5,433.055,433.2,13579
2026-05-14 13:01:00,433.2543,433.73,433.13,433.55,9371
2026-05-14 13:02:00,433.55,433.61,433.4,433.45,8637
2026-05-14 13:03:00,433.45,433.62,433.2618,433.3,13556
2026-05-14 13:04:00,433.425,433.62,433.29,433.48,5221
2026-05-14 13:05:00,433.45,433.46,433,433.15,13257
2026-05-14 13:06:00,433.215,433.2699,432.85,433.13,9731
2026-05-14 13:07:00,433.07,433.25,432.86,433.1873,6385
2026-05-14 13:08:00,433.3,433.31,432.7101,433.21,15073
2026-05-14 13:09:00,433.115,433.33,432.965,433.29,14833
2026-05-14 13:10:00,433.24,433.74,433.01,433.5389,9765
2026-05-14 13:11:00,433.75,433.75,433.5338,433.63,9845
2026-05-14 13:12:00,433.58,433.6499,433.17,433.17,8913
2026-05-14 13:13:00,433.25,433.25,432.9175,432.9175,18405
2026-05-14 13:14:00,432.925,432.93,431.8365,432.005,24433
2026-05-14 13:15:00,432.005,432.66,431.87,432.105,13160
2026-05-14 13:16:00,432.025,432.195,431.21,431.53,17803
2026-05-14 13:17:00,431.485,431.9899,431.28,431.8851,14861
2026-05-14 13:18:00,431.885,431.99,431.66,431.71,16612
2026-05-14 13:19:00,431.715,431.89,431.38,431.52,19479
2026-05-14 13:20:00,431.575,432.26,431.52,432.1896,21093
2026-05-14 13:21:00,432.175,432.67,431.66,431.91,12039
2026-05-14 13:22:00,431.915,432.55,431.8,432.45,12876
2026-05-14 13:23:00,432.4231,432.5,431.99,432.26,10310
2026-05-14 13:24:00,432.27,432.355,431.61,431.735,9894
2026-05-14 13:25:00,431.8,431.96,431.26,431.455,16205
2026-05-14 13:26:00,431.6,431.845,431.19,431.69,7843
2026-05-14 13:27:00,431.69,432.24,431.66,431.67,13761
2026-05-14 13:28:00,431.83,433.11,431.6801,433.11,125136
2026-05-14 13:29:00,433.07,433.54,432.73,433.41,21060
2026-05-14 13:30:00,433.36,434.1,433.145,434.01,24180
2026-05-14 13:31:00,433.98,434.3899,433.74,433.74,19776
2026-05-14 13:32:00,433.795,434.01,433.34,433.69,21085
2026-05-14 13:33:00,433.645,433.645,432.79,433.02,12918
2026-05-14 13:34:00,433.1599,433.1599,432.81,433.005,7554
2026-05-14 13:35:00,433.005,433.8462,432.97,433.8462,16813
2026-05-14 13:36:00,433.835,433.95,433.38,433.49,14176
2026-05-14 13:37:00,433.48,434.19,433.381,434.19,11874
2026-05-14 13:38:00,434.056,434.34,433.9901,434.34,18378
2026-05-14 13:39:00,434.34,434.73,434.26,434.3283,26229
2026-05-14 13:40:00,434.26,434.63,434.26,434.365,8766
2026-05-14 13:41:00,434.41,434.57,434.26,434.42,14633
2026-05-14 13:42:00,434.41,434.7,434.37,434.595,9516
2026-05-14 13:43:00,434.595,434.7,434.19,434.255,22268
2026-05-14 13:44:00,434.31,434.32,433.86,434.3199,10281
2026-05-14 13:45:00,434.32,434.56,434.245,434.56,4633
2026-05-14 13:46:00,434.525,435,434.4,434.59,24016
2026-05-14 13:47:00,434.6499,434.83,434.4701,434.56,7061
2026-05-14 13:48:00,434.63,434.83,434.54,434.645,4894
2026-05-14 13:49:00,434.645,435.13,434.645,435.075,15712
2026-05-14 13:50:00,435.09,435.29,434.91,435.29,13175
2026-05-14 13:51:00,435.24,435.5,435.2,435.32,13090
2026-05-14 13:52:00,435.295,435.55,435.2274,435.39,14965
2026-05-14 13:53:00,435.47,436.48,435.47,436.36,19427
2026-05-14 13:54:00,436.34,436.48,436.24,436.355,15045
2026-05-14 13:55:00,436.355,436.59,436.355,436.49,13626
2026-05-14 13:56:00,436.53,436.55,435.68,435.75,20703
2026-05-14 13:57:00,435.75,435.98,435.65,435.925,11686
2026-05-14 13:58:00,435.925,435.925,435.2626,435.5,10395
2026-05-14 13:59:00,435.465,435.6,435.16,435.37,7352
2026-05-14 14:00:00,435.18,435.39,434.12,434.21,50061
2026-05-14 14:01:00,434.21,434.625,433.7479,434.34,38487
2026-05-14 14:02:00,434.32,434.7199,434.24,434.32,8881
2026-05-14 14:03:00,434.41,434.65,434,434.3609,29582
2026-05-14 14:04:00,434.31,434.6299,434.195,434.27,13140
2026-05-14 14:05:00,434.255,434.98,434.16,434.64,12303
2026-05-14 14:06:00,434.5901,434.8653,434.445,434.53,16939
2026-05-14 14:07:00,434.52,434.8499,434.38,434.59,12695
2026-05-14 14:08:00,434.55,434.66,434.41,434.48,10926
2026-05-14 14:09:00,434.47,434.75,434.46,434.725,9624
2026-05-14 14:10:00,434.75,434.96,434.51,434.845,15630
2026-05-14 14:11:00,434.845,435.61,434.845,435.21,18672
2026-05-14 14:12:00,435.205,435.41,434.89,435.114,20933
2026-05-14 14:13:00,435.16,435.29,434.91,435.1099,20196
2026-05-14 14:14:00,435.11,435.3,435.11,435.24,6603
2026-05-14 14:15:00,435.235,435.86,435.18,435.82,11537
2026-05-14 14:16:00,435.859,435.98,435.475,435.485,16145
2026-05-14 14:17:00,435.48,435.5799,435.3238,435.5799,12721
2026-05-14 14:18:00,435.54,435.56,435.14,435.14,6092
2026-05-14 14:19:00,435.17,435.64,435.17,435.64,9740
2026-05-14 14:20:00,435.58,435.68,435.4101,435.58,9646
2026-05-14 14:21:00,435.6381,435.93,435.2755,435.2755,16901
2026-05-14 14:22:00,435.2301,435.76,435.2301,435.63,9987
2026-05-14 14:23:00,435.595,435.65,434.98,435.05,14058
2026-05-14 14:24:00,434.98,435.1946,434.87,435.1946,13006
2026-05-14 14:25:00,435.1,435.24,435,435.12,10784
2026-05-14 14:26:00,435.0501,435.43,435.0501,435.375,6915
2026-05-14 14:27:00,435.375,435.5799,435.28,435.5699,9212
2026-05-14 14:28:00,435.56,435.79,435.3855,435.435,11431
2026-05-14 14:29:00,435.4,436.195,435.4,436.12,10993
2026-05-14 14:30:00,436.08,436.3399,436.01,436.2154,12498
2026-05-14 14:31:00,436.2226,436.24,435.78,435.83,7567
2026-05-14 14:32:00,435.81,436.2499,435.81,436.1688,17761
2026-05-14 14:33:00,436.155,436.24,435.96,436.24,7537
2026-05-14 14:34:00,436.24,436.3,436.1,436.1,19612
2026-05-14 14:35:00,436.1,436.25,435.91,435.921,12925
2026-05-14 14:36:00,435.88,435.89,435.3602,435.5301,13763
2026-05-14 14:37:00,435.64,435.71,435.5201,435.6327,6107
2026-05-14 14:38:00,435.64,435.81,435.45,435.645,10521
2026-05-14 14:39:00,435.645,435.9,435.645,435.86,7462
2026-05-14 14:40:00,435.795,436,435.5275,435.53,14000
2026-05-14 14:41:00,435.53,435.98,435.3801,435.86,14053
2026-05-14 14:42:00,435.86,436.19,435.7501,436.045,23062
2026-05-14 14:43:00,436.1,436.19,435.815,436.14,28665
2026-05-14 14:44:00,436.16,436.4,436.16,436.4,9077
2026-05-14 14:45:00,436.3101,436.5,436,436,19853
2026-05-14 14:46:00,436.07,436.44,436.0565,436.348,13090
2026-05-14 14:47:00,436.37,436.78,436.335,436.6,19716
2026-05-14 14:48:00,436.637,437,436.5405,436.96,29204
2026-05-14 14:49:00,436.9799,437.035,436.705,436.72,17510
2026-05-14 14:50:00,436.75,436.97,436.63,436.91,10819
2026-05-14 14:51:00,436.91,437.5,436.85,437.39,17887
2026-05-14 14:52:00,437.39,437.7,437.39,437.596,14888
2026-05-14 14:53:00,437.61,437.98,437.56,437.9562,28871
2026-05-14 14:54:00,437.96,437.99,437.81,437.99,22742
2026-05-14 14:55:00,437.99,438.595,437.99,438.545,55815
2026-05-14 14:56:00,438.545,438.75,438.5,438.635,31346
2026-05-14 14:57:00,438.67,439.15,438.62,439.0699,55504
2026-05-14 14:58:00,439.07,439.2899,439.02,439.1402,26997
2026-05-14 14:59:00,439.1606,439.62,438.8201,439.57,51747
2026-05-14 15:00:00,439.505,440.44,439.505,440.39,229185
2026-05-14 15:01:00,440.39,440.88,440.301,440.52,65499
2026-05-14 15:02:00,440.52,440.61,439.67,439.67,36362
2026-05-14 15:03:00,439.72,440.37,439.62,439.849,37557
2026-05-14 15:04:00,439.85,440.39,439.66,440.2826,26151
2026-05-14 15:05:00,440.335,440.415,440.02,440.185,18472
2026-05-14 15:06:00,440.25,440.25,439.62,439.885,20077
2026-05-14 15:07:00,439.85,440.1,439.67,440,11994
2026-05-14 15:08:00,440.1,440.85,439.87,440.85,28509
2026-05-14 15:09:00,440.83,440.96,440.39,440.55,45368
2026-05-14 15:10:00,440.46,440.62,440.0901,440.2048,20309
2026-05-14 15:11:00,440.17,440.2899,440.02,440.095,21979
2026-05-14 15:12:00,440.09,440.35,439.7488,439.835,15375
2026-05-14 15:13:00,439.83,439.92,439.2601,439.42,24157
2026-05-14 15:14:00,439.4,439.99,439.4,439.98,19567
2026-05-14 15:15:00,439.92,440.39,439.7001,440.285,29846
2026-05-14 15:16:00,440.285,440.45,440.1942,440.345,20927
2026-05-14 15:17:00,440.275,440.4,439.9201,440.11,17540
2026-05-14 15:18:00,440.19,440.6,440.1,440.5274,24652
2026-05-14 15:19:00,440.6,440.91,440.5,440.715,32862
2026-05-14 15:20:00,440.715,440.8,440.43,440.725,30006
2026-05-14 15:21:00,440.725,440.9,440.23,440.45,31863
2026-05-14 15:22:00,440.45,440.9775,440.45,440.955,25114
2026-05-14 15:23:00,440.98,441.35,440.79,441.18,49795
2026-05-14 15:24:00,441.1594,441.32,440.755,440.9,34449
2026-05-14 15:25:00,440.82,441.1,440.81,440.865,31192
2026-05-14 15:26:00,440.865,441.22,440.55,441.1318,21633
2026-05-14 15:27:00,441.105,441.14,440.702,440.73,15634
2026-05-14 15:28:00,440.74,441.17,440.56,440.575,30642
2026-05-14 15:29:00,440.56,440.79,440.17,440.275,28062
2026-05-14 15:30:00,440.22,441,440.15,440.83,26705
2026-05-14 15:31:00,440.9,440.98,440.76,440.85,19247
2026-05-14 15:32:00,440.845,440.85,440.295,440.62,20628
2026-05-14 15:33:00,440.565,440.9,440.5101,440.58,20826
2026-05-14 15:34:00,440.595,440.8,440.43,440.51,27415
2026-05-14 15:35:00,440.52,440.58,440.1501,440.23,20629
2026-05-14 15:36:00,440.3,440.47,440.23,440.41,23074
2026-05-14 15:37:00,440.38,440.61,440.28,440.53,30848
2026-05-14 15:38:00,440.4784,440.642,440.4,440.51,13804
2026-05-14 15:39:00,440.56,441,440.51,440.875,30108
2026-05-14 15:40:00,440.84,441.46,440.79,441.4106,57901
2026-05-14 15:41:00,441.37,441.4763,441.08,441.215,28422
2026-05-14 15:42:00,441.26,441.55,441.16,441.54,40365
2026-05-14 15:43:00,441.49,442.1,441.38,442.075,85435
2026-05-14 15:44:00,442.07,442.13,441.73,441.75,58015
2026-05-14 15:45:00,441.78,442.1,441.74,441.7927,47012
2026-05-14 15:46:00,441.84,441.93,441.56,441.815,23431
2026-05-14 15:47:00,441.815,442.22,441.51,442.15,57846
2026-05-14 15:48:00,442.155,442.36,442,442.05,55503
2026-05-14 15:49:00,442.04,442.06,441.39,441.64,63385
2026-05-14 15:50:00,441.58,442.025,440.9,441.56,64680
2026-05-14 15:51:00,441.45,441.56,440.775,440.905,38276
2026-05-14 15:52:00,440.97,441.18,440.84,441.01,48204
2026-05-14 15:53:00,440.93,441.405,440.8801,441.405,43358
2026-05-14 15:54:00,441.335,441.405,440.7,441.01,55324
2026-05-14 15:55:00,441.09,441.16,440.7,440.9699,65714
2026-05-14 15:56:00,440.94,440.99,440.27,440.27,81825
2026-05-14 15:57:00,440.265,440.6099,440.0482,440.36,98171
2026-05-14 15:58:00,440.315,440.315,439.94,440.03,101996
2026-05-14 15:59:00,440.01,440.07,439.32,439.69,333680
2026-05-14 16:00:00,439.79,440.17,439.4,440.06,2444458
2026-05-14 16:01:00,440.06,440.4,440.06,440.4,931
2026-05-14 16:02:00,440.44,441.01,440.41,440.41,3319
2026-05-14 16:03:00,441.19,441.19,440.51,440.8,3220
2026-05-14 16:04:00,440.755,441,440.755,441,496
2026-05-14 16:05:00,440.8912,441.06,440.71,441,3888
2026-05-14 16:06:00,440.9,441,440.55,440.55,405
2026-05-14 16:07:00,441,441,441,441,80
2026-05-14 16:08:00,440.5955,440.6,440.5,440.6,955
2026-05-14 16:09:00,440.5,440.5,440.37,440.37,445
2026-05-14 16:10:00,440.2,440.36,440.2,440.36,138
2026-05-14 16:11:00,440.1694,440.1694,440.1694,440.1694,70
2026-05-14 16:12:00,440.12,440.17,440.12,440.13,1036
2026-05-14 16:13:00,440.26,440.4,440.26,440.4,796
2026-05-14 16:14:00,440.2,440.2,440.2,440.2,100
2026-05-14 16:15:00,440.16,440.5,440.16,440.48,2938
2026-05-14 16:16:00,440.5776,440.5776,440.17,440.17,6540
2026-05-14 16:17:00,440.2,440.25,440.2,440.25,2171
2026-05-14 16:18:00,440.2,440.2496,440.2,440.2,1011
2026-05-14 16:19:00,440.2,440.22,440.2,440.2,377
2026-05-14 16:20:00,440.25,440.25,440.21,440.21,1227
2026-05-14 16:21:00,440.12,440.25,440,440,912
2026-05-14 16:22:00,439.91,439.91,439.79,439.79,1071
2026-05-14 16:23:00,439.79,439.9,439.79,439.86,236
2026-05-14 16:24:00,439.86,439.86,439.79,439.81,1008
2026-05-14 16:25:00,439.79,439.845,439.79,439.845,1363
2026-05-14 16:26:00,439.79,439.845,439.79,439.79,3257
2026-05-14 16:27:00,439.84,439.88,439.79,439.79,1882
2026-05-14 16:28:00,439.8,439.8,439.79,439.7917,793
2026-05-14 16:29:00,439.79,439.85,439.78,439.825,7792
2026-05-14 16:30:00,439.79,439.825,439.79,439.825,2574
2026-05-14 16:31:00,439.79,439.9,439.79,439.79,738
2026-05-14 16:32:00,439.79,439.82,439.79,439.79,862
2026-05-14 16:33:00,439.79,439.82,439.79,439.805,1198
2026-05-14 16:34:00,439.79,439.79,439.79,439.79,1081
2026-05-14 16:35:00,439.79,439.79,439.79,439.79,801
2026-05-14 16:36:00,439.8,439.8,439.79,439.79,3665
2026-05-14 16:37:00,439.79,439.795,439.79,439.79,2657
2026-05-14 16:38:00,439.79,439.795,439.35,439.35,3281
2026-05-14 16:39:00,439.35,439.4,439.33,439.4,320
2026-05-14 16:40:00,439.43,439.43,438.95,439.221,1401
2026-05-14 16:41:00,439,439.5,439,439.5,1592
2026-05-14 16:42:00,439.64,439.8,439.6217,439.79,2117
2026-05-14 16:43:00,439.45,439.45,439.45,439.45,125
2026-05-14 16:45:00,439.67,439.67,439.67,439.67,80
2026-05-14 16:46:00,439.79,439.79,439.48,439.48,170
2026-05-14 16:47:00,439.34,439.59,439.34,439.59,527
2026-05-14 16:48:00,439.48,439.77,439.48,439.77,419
2026-05-14 16:49:00,439.62,439.77,439.62,439.77,582
2026-05-14 16:50:00,439.71,439.71,439.71,439.71,120
2026-05-14 16:51:00,439.7,439.79,439.7,439.79,187
2026-05-14 16:52:00,439.79,439.88,439.79,439.83,1474
2026-05-14 16:53:00,439.83,439.83,439.83,439.83,51
2026-05-14 16:54:00,439.73,439.81,439.72,439.81,182
2026-05-14 16:56:00,439.7987,439.7987,439.7987,439.7987,50
2026-05-14 16:57:00,439.79,439.89,439.79,439.89,1158
2026-05-14 16:58:00,439.825,440.25,439.76,440.25,797
2026-05-14 16:59:00,439.98,440.25,439.8097,440.25,300
2026-05-14 17:00:00,440,440.235,440,440.235,200
2026-05-14 17:01:00,440.06,440.25,440.06,440.0673,1185
2026-05-14 17:02:00,440.25,440.25,440.2487,440.2487,609
2026-05-14 17:03:00,440.25,440.25,440.2,440.2,633
2026-05-14 17:04:00,440.15,440.35,440.15,440.25,2269
2026-05-14 17:05:00,440.25,440.25,440.25,440.25,220
2026-05-14 17:06:00,440.25,440.25,440.2475,440.2498,418
2026-05-14 17:07:00,440.25,440.25,440.25,440.25,80
2026-05-14 17:08:00,440.2435,440.2435,440,440.2399,1035
2026-05-14 17:11:00,440.016,440.016,440.016,440.016,50
2026-05-14 17:12:00,439.97,439.97,439.95,439.95,160
2026-05-14 17:13:00,440,440,439.9,439.99,587
2026-05-14 17:14:00,440,440,440,440,498
2026-05-14 17:15:00,440,440,440,440,221
2026-05-14 17:18:00,439.75,439.75,439.75,439.75,359
2026-05-14 17:20:00,439.91,440.24,439.91,440.21,529
2026-05-14 17:22:00,439.7702,440.12,439.7702,440.06,390
2026-05-14 17:23:00,440.01,440.01,440.01,440.01,40
2026-05-14 17:27:00,439.85,439.85,439.85,439.85,100
2026-05-14 17:29:00,439.85,439.98,439.85,439.98,99
2026-05-14 17:32:00,439.92,439.92,439.92,439.92,49
2026-05-14 17:33:00,439.92,439.92,439.92,439.92,71
2026-05-14 17:34:00,439.91,439.91,439.8,439.8,218
2026-05-14 17:35:00,439.8665,439.92,439.8665,439.92,119
2026-05-14 17:37:00,439.8,439.8,439.8,439.8,364
2026-05-14 17:38:00,439.8,439.8,439.6695,439.68,145
2026-05-14 17:39:00,439.78,439.78,439.78,439.78,40
2026-05-14 17:41:00,439.7,439.7,439.7,439.7,40
2026-05-14 17:43:00,439.8,439.8,439.7999,439.7999,290
2026-05-14 17:44:00,439.65,439.65,439.65,439.65,50
2026-05-14 17:46:00,439.8,439.8,439.8,439.8,40
2026-05-14 17:47:00,439.6956,439.6956,439.6956,439.6956,110
2026-05-14 17:48:00,439.9911,439.9911,439.9911,439.9911,45
2026-05-14 17:49:00,439.92,439.92,439.92,439.92,87
2026-05-14 17:50:00,439.99,439.99,439.99,439.99,463
2026-05-14 17:52:00,439.9921,439.9921,439.9921,439.9921,40
2026-05-14 17:53:00,440.18,440.18,440.18,440.18,40
2026-05-14 17:55:00,440.08,440.24,440.08,440.24,1980
2026-05-14 17:56:00,440.0805,440.0805,440.0805,440.0805,120
2026-05-14 17:57:00,440.24,440.24,440.2,440.2,188
2026-05-14 17:58:00,440.24,440.24,440.22,440.22,105
2026-05-14 17:59:00,440.2,440.24,440.2,440.24,1456
2026-05-14 18:00:00,440.24,440.24,440,440,476
2026-05-14 18:01:00,440.12,440.25,440.12,440.24,1839
2026-05-14 18:02:00,440.24,440.24,440.24,440.24,400
2026-05-14 18:03:00,440.24,440.24,440.24,440.24,60
2026-05-14 18:04:00,440.24,440.25,440.24,440.25,1372
2026-05-14 18:05:00,440.21,440.25,440,440.25,855
2026-05-14 18:06:00,440.25,440.25,440.24,440.25,1080
2026-05-14 18:08:00,440.23,440.23,440.19,440.19,80
2026-05-14 18:09:00,440.18,440.18,440,440.18,1522
2026-05-14 18:10:00,440.17,440.17,440.01,440.01,139
2026-05-14 18:11:00,440,440,439.98,439.98,1015
2026-05-14 18:12:00,440,440,440,440,55
2026-05-14 18:13:00,440,440,440,440,68
2026-05-14 18:14:00,439.95,439.95,439.95,439.95,200
2026-05-14 18:15:00,440.01,440.01,440.01,440.01,50
2026-05-14 18:16:00,440.01,440.01,440.01,440.01,40
2026-05-14 18:18:00,439.86,439.86,439.65,439.65,1220
2026-05-14 18:19:00,440,440,439.8,439.8,698
2026-05-14 18:20:00,440,440.6,440,440.25,736
2026-05-14 18:22:00,440.1713,440.1713,440.1713,440.1713,188
2026-05-14 18:23:00,440.11,440.11,440.11,440.11,40
2026-05-14 18:25:00,440,440,440,440,100
2026-05-14 18:26:00,440.1,440.1,440.0999,440.0999,100
2026-05-14 18:27:00,440.1,440.25,440.0877,440.244,647
2026-05-14 18:28:00,440.25,440.25,440.25,440.25,140
2026-05-14 18:29:00,440.18,440.25,440.1195,440.25,769
2026-05-14 18:30:00,440.5,440.51,440.4999,440.51,1592
2026-05-14 18:31:00,440.91,440.91,440.69,440.69,148
2026-05-14 18:32:00,441,441,440.95,440.97,340
2026-05-14 18:33:00,441,441,440.9293,440.9293,356
2026-05-14 18:34:00,440.8695,440.94,440.85,440.94,246
2026-05-14 18:36:00,440.9335,440.9335,440.9335,440.9335,200
2026-05-14 18:37:00,440.76,440.76,440.55,440.55,1215
2026-05-14 18:39:00,440.1022,440.1022,440.1022,440.1022,55
2026-05-14 18:42:00,440.2131,440.2131,440.2131,440.2131,100
2026-05-14 18:44:00,440.9,440.9,440.9,440.9,50
2026-05-14 18:45:00,440.2599,440.2599,440.2599,440.2599,50
2026-05-14 18:46:00,440.97,441,440.88,441,1242
2026-05-14 18:50:00,440.88,440.9,440.86,440.9,555
2026-05-14 18:51:00,440.81,440.83,440.81,440.83,157
2026-05-14 18:54:00,440.79,440.79,440.79,440.79,100
2026-05-14 18:55:00,440.89,440.9,440.89,440.9,100
2026-05-14 18:56:00,440.98,440.98,440.8,440.8,286
2026-05-14 18:57:00,440.8,440.8,440.8,440.8,131
2026-05-14 18:58:00,441,441,440.87,440.87,104
2026-05-14 19:00:00,440.96,441,440.76,441,2179
2026-05-14 19:01:00,441,441.15,441,441.15,672
2026-05-14 19:02:00,441.1,441.1,441.1,441.1,100
2026-05-14 19:03:00,441.44,441.44,441,441.4,386
2026-05-14 19:04:00,441.3182,441.3182,441.15,441.15,841
2026-05-14 19:05:00,441.25,441.3,441.039,441.039,716
2026-05-14 19:06:00,441,441,441,441,50
2026-05-14 19:07:00,441.12,441.1865,441.12,441.1865,611
2026-05-14 19:09:00,441.21,441.44,441.15,441.44,895
2026-05-14 19:10:00,441.42,441.42,441.39,441.39,1496
2026-05-14 19:11:00,441.2,441.4,441.2,441.39,429
2026-05-14 19:13:00,441.39,441.55,441.39,441.47,1004
2026-05-14 19:14:00,441.47,441.47,441.3,441.3,1093
2026-05-14 19:15:00,441.2,441.37,440.72,441,886
2026-05-14 19:17:00,440.98,440.98,440.76,440.76,90
2026-05-14 19:18:00,440.75,440.75,440.75,440.75,200
2026-05-14 19:19:00,441,441,440.65,440.65,970
2026-05-14 19:20:00,440.5,440.5,440.5,440.5,140
2026-05-14 19:21:00,440.5,440.5,440.5,440.5,60
2026-05-14 19:22:00,440.7773,440.8,440.7773,440.8,249
2026-05-14 19:26:00,440.75,440.79,440.51,440.79,182
2026-05-14 19:27:00,440.8462,440.8462,440.79,440.8,640
2026-05-14 19:28:00,440.6,440.8,440.6,440.8,242
2026-05-14 19:29:00,441,441.0833,440.9755,441.0833,3843
2026-05-14 19:30:00,441.1,441.19,440.6,441.01,477
2026-05-14 19:32:00,441.2797,441.2797,441.2589,441.2589,123
2026-05-14 19:33:00,441.3,441.3,441.3,441.3,40
2026-05-14 19:34:00,441.19,441.19,441.19,441.19,42
2026-05-14 19:35:00,441,441,441,441,300
2026-05-14 19:36:00,441.1,441.19,441.1,441.19,1191
2026-05-14 19:37:00,441.1718,441.1718,441.13,441.13,140
2026-05-14 19:38:00,441.03,441.03,441.03,441.03,100
2026-05-14 19:39:00,440.98,441,440.98,441,145
2026-05-14 19:40:00,441,441,440.91,440.91,530
2026-05-14 19:41:00,440.739,440.739,440.739,440.739,100
2026-05-14 19:42:00,440.7,440.7,440.6,440.6,195
2026-05-14 19:43:00,440.62,440.65,440.25,440.25,3160
2026-05-14 19:44:00,440.51,440.51,440.51,440.51,45
2026-05-14 19:45:00,440.5,441,440.5,441,329
2026-05-14 19:47:00,440.6,440.6,440.5,440.5,194
2026-05-14 19:50:00,440.6,440.89,440.6,440.68,642
2026-05-14 19:52:00,440.05,440.32,440,440,4452
2026-05-14 19:53:00,440.13,440.36,440.13,440.36,166
2026-05-14 19:54:00,440.3475,440.3475,440.3475,440.3475,500
2026-05-14 19:56:00,440.36,440.36,440.36,440.36,100
2026-05-14 19:57:00,440.35,440.35,440.2109,440.2109,90
2026-05-14 19:58:00,440,440.04,440,440.04,595
2026-05-14 19:59:00,440,440,440,440,143
2026-05-15 04:00:00,432.98,437.41,428,431.1,23730
2026-05-15 04:01:00,431.12,437.75,428.2,431.44,27369
2026-05-15 04:02:00,431.43,432.05,430.14,430.99,1956
2026-05-15 04:03:00,431,431.93,431,431.03,781
2026-05-15 04:04:00,431,431.61,431,431.59,184
2026-05-15 04:06:00,431.45,431.93,431.41,431.93,627
2026-05-15 04:07:00,431.1,431.6,431.1,431.6,94
2026-05-15 04:08:00,431.5,431.58,431.11,431.11,504
2026-05-15 04:10:00,431.93,432.56,430.88,430.88,353
2026-05-15 04:11:00,435.62,435.62,431.44,432.3,690
2026-05-15 04:13:00,431.5,431.52,431.5,431.51,150
2026-05-15 04:14:00,432,432.06,431.93,432.01,561
2026-05-15 04:15:00,431.65,431.65,431.65,431.65,100
2026-05-15 04:16:00,431.62,431.62,431.1,431.1,1018
2026-05-15 04:17:00,431.12,431.2,430.93,431.2,1333
2026-05-15 04:18:00,431.2,431.2,431.2,431.2,42
2026-05-15 04:19:00,431.23,431.23,431.02,431.02,90
2026-05-15 04:20:00,431.0231,431.0379,431,431.0379,400
2026-05-15 04:21:00,431.02,431.02,430.31,430.31,182
2026-05-15 04:22:00,430.59,430.59,430.59,430.59,100
2026-05-15 04:23:00,430.71,431.17,430.17,430.17,125
2026-05-15 04:24:00,430.17,430.17,430.17,430.17,45
2026-05-15 04:25:00,430.19,430.21,430.16,430.16,159
2026-05-15 04:26:00,429.82,429.82,429.19,429.19,796
2026-05-15 04:27:00,429.22,429.22,429,429,1241
2026-05-15 04:28:00,429.25,429.69,429.25,429.69,110
2026-05-15 04:29:00,429,429,429,429,300
2026-05-15 04:30:00,429,429.02,427.6,428,1614
2026-05-15 04:31:00,427.4875,428.59,427.4875,428.45,911
2026-05-15 04:32:00,428.1989,428.6,428.1989,428.6,168
2026-05-15 04:33:00,428.14,428.14,428.02,428.02,212
2026-05-15 04:34:00,428.69,428.75,427.52,428.75,270
2026-05-15 04:35:00,428,428.99,428,428.1197,600
2026-05-15 04:36:00,428.5,428.5,428.5,428.5,75
2026-05-15 04:37:00,428.99,429,428.99,429,105
2026-05-15 04:38:00,429.26,429.48,429.26,429.48,350
2026-05-15 04:39:00,429.51,429.52,429.51,429.52,647
2026-05-15 04:41:00,428.91,428.91,428.91,428.91,96
2026-05-15 04:44:00,429.36,430.3,429.36,430.3,3072
2026-05-15 04:46:00,430.45,430.45,429,429,159
2026-05-15 04:47:00,430.78,430.78,430.78,430.78,99
2026-05-15 04:51:00,429.4,429.4,429.4,429.4,60
2026-05-15 04:52:00,428.66,428.66,428.46,428.46,114
2026-05-15 04:55:00,428.33,428.7,428.33,428.7,650
2026-05-15 04:57:00,428.39,428.39,428.39,428.39,40
2026-05-15 04:59:00,428.92,428.92,428.92,428.92,44
2026-05-15 05:00:00,428.75,428.75,428.75,428.75,50
2026-05-15 05:02:00,428.75,428.75,428.35,428.35,679
2026-05-15 05:03:00,428.63,428.77,428.59,428.77,320
2026-05-15 05:04:00,429,429,429,429,280
2026-05-15 05:06:00,429.84,429.96,429.84,429.96,280
2026-05-15 05:09:00,429.5,429.59,429.5,429.59,306
2026-05-15 05:12:00,429,429,429,429,60
2026-05-15 05:15:00,428.9,429,428.9,429,140
2026-05-15 05:20:00,428.42,428.42,427.46,427.46,1927
2026-05-15 05:22:00,427.49,427.49,427.49,427.49,80
2026-05-15 05:23:00,427.65,427.65,427.43,427.43,80
2026-05-15 05:24:00,427.56,427.56,427.53,427.53,420
2026-05-15 05:25:00,427.53,427.99,427.52,427.52,1128
2026-05-15 05:26:00,427.29,427.48,427.29,427.48,283
2026-05-15 05:27:00,427.44,427.62,427.44,427.49,227
2026-05-15 05:28:00,427.25,428.23,427.25,428.23,530
2026-05-15 05:29:00,428.27,428.35,427.2716,427.2716,853
2026-05-15 05:30:00,427.3,427.3,427.3,427.3,2000
2026-05-15 05:31:00,428.87,429.45,428.87,429.45,780
2026-05-15 05:33:00,428.77,429.09,428.62,429.09,424
2026-05-15 05:34:00,428.6,428.6,428.6,428.6,40
2026-05-15 05:37:00,428.56,428.56,428.56,428.56,324
2026-05-15 05:39:00,428.81,428.81,428.81,428.81,82
2026-05-15 05:40:00,428.02,428.3,428.02,428.3,146
2026-05-15 05:41:00,428,428,427.51,427.51,317
2026-05-15 05:44:00,428.12,428.12,427.5,427.5,576
2026-05-15 05:45:00,427.25,427.5,427.25,427.5,967
2026-05-15 05:46:00,427.21,427.21,427,427,812
2026-05-15 05:47:00,426.8,427,426.8,426.84,424
2026-05-15 05:48:00,427,427,427,427,595
2026-05-15 05:49:00,426.5,426.5,426.5,426.5,113
2026-05-15 05:50:00,426.66,426.66,426.66,426.66,62
2026-05-15 05:51:00,427.2826,427.2826,427.2826,427.2826,53
2026-05-15 05:52:00,426.9,427,426.9,427,270
2026-05-15 05:53:00,427.34,427.42,427.34,427.42,240
2026-05-15 05:56:00,428.5,428.5,428.5,428.5,60
2026-05-15 05:59:00,427.28,427.28,427.28,427.28,40
2026-05-15 06:02:00,427.6,428.25,427.6,428.25,131
2026-05-15 06:03:00,428,428,428,428,50
2026-05-15 06:04:00,427.874,427.874,427.874,427.874,50
2026-05-15 06:05:00,427.86,427.86,427.2954,427.2954,695
2026-05-15 06:08:00,428.8172,428.8172,428.8172,428.8172,92
2026-05-15 06:09:00,428.84,428.84,428.84,428.84,100
2026-05-15 06:10:00,428.98,428.98,428.98,428.98,100
2026-05-15 06:11:00,429,429.36,429,429.36,426
2026-05-15 06:12:00,429.39,429.39,428.28,428.28,117
2026-05-15 06:13:00,429.57,429.93,429.3,429.3,378
2026-05-15 06:16:00,429.54,429.54,429.54,429.54,45
2026-05-15 06:18:00,429.79,429.79,429.69,429.69,100
2026-05-15 06:19:00,429.8,429.8,429.6,429.6,100
2026-05-15 06:20:00,429.0261,429.0261,429.0261,429.0261,100
2026-05-15 06:23:00,429.99,430.31,429.99,430.31,167
2026-05-15 06:24:00,430,430,430,430,100
2026-05-15 06:25:00,430.15,430.49,430,430.38,558
2026-05-15 06:26:00,430.25,430.25,430,430,163
2026-05-15 06:27:00,430.34,430.45,429.92,429.92,646
2026-05-15 06:29:00,430,430.01,429.98,429.98,120
2026-05-15 06:30:00,430.2,430.2,430.2,430.2,100
2026-05-15 06:31:00,430.5,430.5,430.48,430.48,413
2026-05-15 06:32:00,430.49,430.49,430.47,430.47,180
2026-05-15 06:33:00,430.48,430.5,430.48,430.5,748
2026-05-15 06:34:00,430.5,430.5,430.5,430.5,40
2026-05-15 06:35:00,430.5,430.5,430.5,430.5,158
2026-05-15 06:36:00,430.34,430.49,430.28,430.49,317
2026-05-15 06:37:00,430.49,430.5,430.12,430.12,971
2026-05-15 06:38:00,430,430.1,429.89,429.89,240
2026-05-15 06:39:00,429.6,429.6,429.6,429.6,120
2026-05-15 06:43:00,429.77,429.95,429.77,429.95,205
2026-05-15 06:44:00,429.26,429.26,429.26,429.26,75
2026-05-15 06:45:00,430.2,430.48,430.2,430.48,130
2026-05-15 06:46:00,430.5,430.88,430.4781,430.75,1753
2026-05-15 06:47:00,430.16,430.16,430.16,430.16,77
2026-05-15 06:48:00,430.8737,431.02,430.58,431,651
2026-05-15 06:49:00,431.19,431.19,431.12,431.12,198
2026-05-15 06:50:00,431.06,431.48,431,431.48,1465
2026-05-15 06:51:00,431.5745,431.98,431.5745,431.97,668
2026-05-15 06:53:00,432.1674,432.1674,432.1674,432.1674,500
2026-05-15 06:54:00,431.98,432.18,431.84,432,1054
2026-05-15 06:55:00,432.18,432.18,431.89,432,350
2026-05-15 06:57:00,432,432.1614,432,432,2054
2026-05-15 06:59:00,431.97,432,431.97,432,126
2026-05-15 07:00:00,431.56,432.5,431.51,432.49,2249
2026-05-15 07:01:00,432.5,432.5,432.28,432.5,380
2026-05-15 07:02:00,432.4618,432.49,431.69,432.01,2451
2026-05-15 07:03:00,432.4907,432.4907,431.81,431.81,1580
2026-05-15 07:04:00,431.94,432.3817,431.59,431.7423,3435
2026-05-15 07:05:00,431.57,431.8,431.57,431.7885,1265
2026-05-15 07:06:00,432,432.25,431.88,432.25,383
2026-05-15 07:07:00,432,432.5,431.8,431.8,636
2026-05-15 07:08:00,432,432,432,432,41
2026-05-15 07:09:00,431.91,431.91,431.8,431.85,1188
2026-05-15 07:10:00,431.8,431.8,431.75,431.75,428
2026-05-15 07:11:00,432.31,432.31,432.31,432.31,47
2026-05-15 07:12:00,432.07,432.07,432.07,432.07,45
2026-05-15 07:13:00,432,432,431.16,431.16,2648
2026-05-15 07:14:00,431.5,431.9494,431.5,431.9494,590
2026-05-15 07:15:00,432,432,432,432,75
2026-05-15 07:16:00,431.9,432.49,431.68,431.68,1228
2026-05-15 07:17:00,431.74,432,431.74,431.8401,428
2026-05-15 07:18:00,431.85,431.85,431.21,431.8,1694
2026-05-15 07:19:00,431.5,431.8843,431.31,431.31,496
2026-05-15 07:20:00,431.39,432,431.11,431.8843,4142
2026-05-15 07:21:00,431.12,431.3175,431.12,431.3175,299
2026-05-15 07:22:00,431.16,431.8428,431.1,431.1,1719
2026-05-15 07:23:00,431.6487,431.6487,430.67,430.68,2614
2026-05-15 07:24:00,430.7,431,430.59,430.59,235
2026-05-15 07:25:00,430.75,430.75,430.65,430.65,555
2026-05-15 07:26:00,430.58,430.58,430.4,430.4,1740
2026-05-15 07:27:00,430.5,430.75,430.2,430.36,930
2026-05-15 07:28:00,430.99,431.8085,430.5,431.34,828
2026-05-15 07:29:00,431,431.336,431,431.336,158
2026-05-15 07:32:00,431.5,431.9162,431.3,431.3,418
2026-05-15 07:33:00,431.1,431.2131,431.05,431.17,1306
2026-05-15 07:34:00,431,431,430.69,430.75,627
2026-05-15 07:35:00,430.7,431,430.5,430.5,598
2026-05-15 07:36:00,430.4,430.4,430.4,430.4,320
2026-05-15 07:37:00,430.4816,430.8042,430.4816,430.8042,300
2026-05-15 07:38:00,430.41,430.41,430.26,430.26,664
2026-05-15 07:39:00,430.22,430.22,430.1,430.1,260
2026-05-15 07:40:00,430,430.49,430,430.19,4854
2026-05-15 07:41:00,430.0001,430.05,429.53,429.6,2535
2026-05-15 07:42:00,429.86,430.2,429.55,429.91,650
2026-05-15 07:43:00,430.18,430.44,430.18,430.4,555
2026-05-15 07:44:00,429.56,429.99,429.56,429.99,94
2026-05-15 07:45:00,429.8,429.88,429.7,429.7,719
2026-05-15 07:46:00,430,430,430,430,3102
2026-05-15 07:47:00,430,430.01,429.5092,429.56,8023
2026-05-15 07:48:00,430.2,430.95,430.1,430.95,791
2026-05-15 07:49:00,430.03,430.03,430,430,80
2026-05-15 07:50:00,430.0579,430.06,429.6046,429.6046,412
2026-05-15 07:51:00,430.22,430.22,430.1,430.1,500
2026-05-15 07:52:00,430.34,430.34,430.217,430.217,139
2026-05-15 07:53:00,430.55,431,430.55,430.56,1500
2026-05-15 07:55:00,430.73,430.73,430.1323,430.1323,1053
2026-05-15 07:56:00,430.04,430.5,430.04,430.5,679
2026-05-15 07:57:00,430.5,430.5,430.2,430.2,2000
2026-05-15 07:58:00,430.04,430.1663,429.76,429.76,2000
2026-05-15 07:59:00,429.5,429.5546,429.5,429.5266,745
2026-05-15 08:00:00,429.85,430,429.4693,429.4693,2456
2026-05-15 08:01:00,430,430,429.37,429.37,1300
2026-05-15 08:02:00,429.1666,429.205,429.12,429.205,213
2026-05-15 08:03:00,429.28,429.3,428.776,428.776,1611
2026-05-15 08:04:00,429.23,429.23,429,429,90
2026-05-15 08:06:00,438.691,438.691,429,429.13,1100
2026-05-15 08:07:00,429.2078,429.2078,428.91,428.9873,685
2026-05-15 08:08:00,428.7989,428.97,428.79,428.97,368
2026-05-15 08:09:00,428.98,429,428.6,428.89,675
2026-05-15 08:10:00,428.99,428.99,428.61,428.66,1085
2026-05-15 08:11:00,428.7,428.87,428.58,428.87,679
2026-05-15 08:12:00,428.58,428.58,427.55,428.12,3138
2026-05-15 08:13:00,428.38,428.38,428.38,428.38,175
2026-05-15 08:14:00,428.1,428.37,428,428.37,756
2026-05-15 08:15:00,427.8561,427.9999,427.83,427.9999,1215
2026-05-15 08:16:00,427.6694,428.0668,427.63,428.0668,846
2026-05-15 08:17:00,428.185,428.185,428.185,428.185,50
2026-05-15 08:18:00,428,428,428,428,50
2026-05-15 08:19:00,427.8,427.81,427.6,427.79,2296
2026-05-15 08:20:00,427.71,428.19,427.55,428,634
2026-05-15 08:21:00,427.7519,428.3,427.7519,428.11,1193
2026-05-15 08:22:00,428.26,428.33,428.26,428.33,541
2026-05-15 08:23:00,428.28,428.3,428,428,529
2026-05-15 08:24:00,427.9,427.9,427.5,427.58,1244
2026-05-15 08:25:00,427.33,427.33,426.55,426.97,1507
2026-05-15 08:26:00,426.97,427.4999,426.97,427.17,833
2026-05-15 08:27:00,426.77,426.81,426.76,426.76,371
2026-05-15 08:28:00,426.76,427.17,426.14,427.17,10690
2026-05-15 08:29:00,426.5,427.03,426.5,427,1724
2026-05-15 08:30:00,426.6785,426.6785,426.1493,426.1493,1333
2026-05-15 08:31:00,426.2344,426.9503,426.2344,426.6,349
2026-05-15 08:32:00,426.23,426.62,426.12,426.37,1097
2026-05-15 08:33:00,426.58,426.91,426.25,426.89,1425
2026-05-15 08:34:00,426.7,426.76,426.6133,426.6133,711
2026-05-15 08:35:00,426.5015,426.92,426.5015,426.8,683
2026-05-15 08:36:00,426.93,427.9,426.76,427.0545,1604
2026-05-15 08:37:00,426.76,426.91,426.59,426.91,3320
2026-05-15 08:38:00,427.3,427.3,427,427.0256,469
2026-05-15 08:39:00,427.14,427.1853,427.0585,427.1853,560
2026-05-15 08:40:00,427.7847,427.7847,427.08,427.5823,1213
2026-05-15 08:41:00,427.59,427.9,427.35,427.6,3670
2026-05-15 08:42:00,427.52,427.52,426.8,426.8,1540
2026-05-15 08:43:00,426.863,427,426.863,427,168
2026-05-15 08:44:00,427.9,427.9,427,427.1735,692
2026-05-15 08:45:00,427,427,426.75,426.75,541
2026-05-15 08:46:00,426.99,427.8658,426.8,427.8658,1026
2026-05-15 08:47:00,426.852,427,426.8,426.8,433
2026-05-15 08:48:00,426.59,426.824,426.59,426.824,768
2026-05-15 08:49:00,426.6279,427,426.6279,426.8001,860
2026-05-15 08:50:00,427,427,426.76,426.76,5190
2026-05-15 08:51:00,426.95,427.25,426.6476,427.25,1936
2026-05-15 08:52:00,426.908,427.492,426.908,427.492,200
2026-05-15 08:53:00,427.68,427.68,427,427.43,1039
2026-05-15 08:54:00,427.29,427.29,427.24,427.26,195
2026-05-15 08:55:00,427.25,427.28,427.2,427.28,1825
2026-05-15 08:56:00,427.28,427.54,427.14,427.53,3626
2026-05-15 08:57:00,427.4,427.4,427.14,427.14,329
2026-05-15 08:58:00,427.4,427.68,427.4,427.59,643
2026-05-15 08:59:00,427.4,427.44,427.27,427.27,1037
2026-05-15 09:00:00,427.5,427.5,426.8,426.9894,3590
2026-05-15 09:01:00,426.8,426.8,426.58,426.58,319
2026-05-15 09:02:00,426.63,427,426.63,426.66,933
2026-05-15 09:03:00,426.86,427.3973,426.71,427,1765
2026-05-15 09:05:00,427.5,427.5,427.0783,427.0783,1975
2026-05-15 09:06:00,427.23,427.25,426.89,427.07,685
2026-05-15 09:07:00,427.07,427.2034,426.83,426.83,823
2026-05-15 09:08:00,426.7,426.8605,426.26,426.26,2925
2026-05-15 09:09:00,426.39,426.99,426.14,426.99,3644
2026-05-15 09:10:00,426.58,426.9999,426.41,426.68,1658
2026-05-15 09:11:00,426.7,427,426.41,426.79,4203
2026-05-15 09:12:00,426.6,426.6,426.35,426.43,2436
2026-05-15 09:13:00,426.55,426.81,426.48,426.48,2286
2026-05-15 09:14:00,426.7,427,426.52,427,1461
2026-05-15 09:15:00,426.59,426.6575,426.5,426.6575,480
2026-05-15 09:16:00,426.46,427,426.33,427,969
2026-05-15 09:17:00,426.95,427.26,426.73,426.73,2021
2026-05-15 09:18:00,427,427.4362,426.96,427,613
2026-05-15 09:19:00,427.21,427.3,426.75,426.75,530
2026-05-15 09:20:00,427.04,427.45,427,427.45,479
2026-05-15 09:21:00,427.23,427.75,427.01,427.01,1125
2026-05-15 09:22:00,427.18,427.6,427,427,1296
2026-05-15 09:23:00,427.03,427.3,427.03,427.3,717
2026-05-15 09:24:00,427.3,427.3,426.7,426.7,792
2026-05-15 09:25:00,426.96,428.45,426.96,428.37,4783
2026-05-15 09:26:00,428.35,428.66,428.15,428.58,538
2026-05-15 09:27:00,428.6,429.5,428.0461,429.16,3895
2026-05-15 09:28:00,429.36,431.68,429.36,431,23936
2026-05-15 09:29:00,431.45,433.1,431.06,432.76,46389
2026-05-15 09:30:00,432.86,432.86,428.15,428.43,1337341
2026-05-15 09:31:00,428.34,428.66,425.43,426.98,141492
2026-05-15 09:32:00,426.855,428.24,426.46,427.715,84323
2026-05-15 09:33:00,427.89,427.89,424.2,425.02,106745
2026-05-15 09:34:00,425.155,425.97,424.2958,425.81,65065
2026-05-15 09:35:00,425.815,426.89,424.96,426.29,59355
2026-05-15 09:36:00,426.275,428.13,425.935,427.35,42362
2026-05-15 09:37:00,427.08,428.2699,427.08,427.605,27465
2026-05-15 09:38:00,427.41,427.5,425.8,426.215,39684
2026-05-15 09:39:00,426.215,427.28,426,426.03,31887
2026-05-15 09:40:00,426.18,427.95,426.03,427.72,62067
2026-05-15 09:41:00,427.85,428.19,426.01,426.452,49245
2026-05-15 09:42:00,426.5,426.86,425.32,425.63,39925
2026-05-15 09:43:00,425.63,427.54,425.54,427.025,26956
2026-05-15 09:44:00,427.025,427.21,426.22,426.52,63046
2026-05-15 09:45:00,426.5,427.22,425.01,425.435,69886
2026-05-15 09:46:00,425.22,425.81,424,424.1,68023
2026-05-15 09:47:00,424.1,424.9982,422.81,424.63,100089
2026-05-15 09:48:00,424.7,427.31,424.49,426.9311,49769
2026-05-15 09:49:00,426.68,427.8399,426,427.49,39641
2026-05-15 09:50:00,427.5,427.69,425.315,425.535,41262
2026-05-15 09:51:00,425.58,426.1799,424.9418,426.1799,32722
2026-05-15 09:52:00,425.8793,426.99,425.6501,426.835,25863
2026-05-15 09:53:00,426.84,427.65,426.75,427.4026,37107
2026-05-15 09:54:00,427.47,428.105,427.04,427.26,50261
2026-05-15 09:55:00,427.36,427.685,426.58,427.4416,35727
2026-05-15 09:56:00,427.36,427.81,426.7,426.8,39817
2026-05-15 09:57:00,426.8,426.8,425.21,425.225,47476
2026-05-15 09:58:00,425.19,425.22,424,424.09,30942
2026-05-15 09:59:00,424.04,424.6,423.8,424.09,44876
2026-05-15 10:00:00,423.92,424.45,423.82,424.31,15958
2026-05-15 10:01:00,424.4,425.01,423.91,424.8,21781
2026-05-15 10:02:00,425,425.84,424.915,425.73,20495
2026-05-15 10:03:00,425.58,425.74,423.83,424.38,37199
2026-05-15 10:04:00,424.39,425.5,424.0501,425.365,27637
2026-05-15 10:05:00,425.365,426.12,424.915,425.56,26415
2026-05-15 10:06:00,425.495,426.2,425.3401,425.605,25221
2026-05-15 10:07:00,425.605,426.1,424.77,424.87,18951
2026-05-15 10:08:00,424.87,426.19,424.87,426.18,11408
2026-05-15 10:09:00,426.18,426.83,426,426.2,19356
2026-05-15 10:10:00,426.1,427.12,426.1,426.92,23709
2026-05-15 10:11:00,426.975,427.01,425.92,426.855,24683
2026-05-15 10:12:00,426.77,428.67,426.77,428.0801,51440
2026-05-15 10:13:00,428.23,429.5199,428.23,428.775,29538
2026-05-15 10:14:00,428.7,429.36,419.8,428.7,47229
2026-05-15 10:15:00,428.7,429.29,428.2701,429.02,19289
2026-05-15 10:16:00,428.7601,429.17,428.19,428.695,15238
2026-05-15 10:17:00,428.7,428.99,428.52,428.58,13795
2026-05-15 10:18:00,428.84,429.95,428.68,429.61,58134
2026-05-15 10:19:00,429.61,429.82,429,429.185,14969
2026-05-15 10:20:00,429.185,429.57,429,429.57,27692
2026-05-15 10:21:00,429.57,430.02,429.46,429.635,26308
2026-05-15 10:22:00,429.51,429.83,428.8,428.9,29642
2026-05-15 10:23:00,428.925,430.03,428.7501,429.68,50008
2026-05-15 10:24:00,429.68,429.88,428.87,429.1,17754
2026-05-15 10:25:00,428.96,429.1,428.39,428.475,9838
2026-05-15 10:26:00,428.62,428.87,427.8,428.2,11110
2026-05-15 10:27:00,428.18,428.2,427.44,427.62,13256
2026-05-15 10:28:00,427.44,427.9999,427.24,427.78,9074
2026-05-15 10:29:00,427.76,427.79,426.5803,426.76,28334
2026-05-15 10:30:00,426.765,427.54,426.765,427.235,10943
2026-05-15 10:31:00,427.08,427.73,427.04,427.055,12482
2026-05-15 10:32:00,427.22,427.36,426.44,427.2,12876
2026-05-15 10:33:00,427.24,427.5,426.835,427.22,10127
2026-05-15 10:34:00,427.12,428.05,426.93,427.99,13278
2026-05-15 10:35:00,427.855,428,427.65,427.825,9816
2026-05-15 10:36:00,427.825,427.99,426.91,427.335,18953
2026-05-15 10:37:00,427.555,427.83,427.21,427.23,6961
2026-05-15 10:38:00,427.23,427.64,427.2,427.64,6242
2026-05-15 10:39:00,427.64,427.67,427.09,427.12,8062
2026-05-15 10:40:00,427.165,428.21,427.165,428.12,9982
2026-05-15 10:41:00,428.13,428.185,427.7325,427.945,11639
2026-05-15 10:42:00,428.1,428.1,427.1618,427.43,18036
2026-05-15 10:43:00,427.38,427.54,427.02,427.165,10917
2026-05-15 10:44:00,427.05,427.44,426.62,426.91,49005
2026-05-15 10:45:00,426.965,427.08,426,426.155,22308
2026-05-15 10:46:00,426.09,426.5,425.25,425.33,33146
2026-05-15 10:47:00,425.43,426,425.1301,425.44,16332
2026-05-15 10:48:00,425.44,425.4401,424.67,425.11,40163
2026-05-15 10:49:00,425,425.26,424.455,424.455,25186
2026-05-15 10:50:00,424.485,424.64,423.3301,423.79,35048
2026-05-15 10:51:00,423.8,423.9499,423.15,423.24,37479
2026-05-15 10:52:00,423.145,423.145,422.55,422.71,43722
2026-05-15 10:53:00,422.78,423.59,422.78,423.31,24710
2026-05-15 10:54:00,423.4,423.71,423.22,423.71,14338
2026-05-15 10:55:00,423.8299,424.3799,423.435,424.02,17763
2026-05-15 10:56:00,423.9,424.83,423.9,424.655,27455
2026-05-15 10:57:00,424.655,425.04,424.3,424.4188,25551
2026-05-15 10:58:00,424.47,424.48,423.3201,423.63,21253
2026-05-15 10:59:00,423.725,423.78,422.96,423.06,21030
2026-05-15 11:00:00,423.09,423.26,422.5601,422.91,13591
2026-05-15 11:01:00,422.74,423.41,422.58,422.665,18759
2026-05-15 11:02:00,422.73,423.05,422.45,422.885,43693
2026-05-15 11:03:00,422.79,422.79,422,422.45,35986
2026-05-15 11:04:00,422.45,423.035,422,422.54,24263
2026-05-15 11:05:00,422.6499,422.6499,422.22,422.38,17664
2026-05-15 11:06:00,422.39,422.91,422.1,422.81,68742
2026-05-15 11:07:00,422.81,423.32,422.65,422.755,27771
2026-05-15 11:08:00,422.62,423.3799,422.62,423.3799,18149
2026-05-15 11:09:00,423.255,424.3099,423.01,424.09,12760
2026-05-15 11:10:00,424.18,424.36,423.88,424.145,16743
2026-05-15 11:11:00,424.01,424.12,423.27,423.73,24998
2026-05-15 11:12:00,423.79,423.92,423.5,423.77,15128
2026-05-15 11:13:00,423.785,424.215,423.67,424.12,17904
2026-05-15 11:14:00,424.16,424.16,423.14,423.74,20036
2026-05-15 11:15:00,423.775,423.99,423.38,423.385,17048
2026-05-15 11:16:00,423.38,424.205,423.38,424.11,21719
2026-05-15 11:17:00,424.265,425.39,423.92,425.32,40936
2026-05-15 11:18:00,425.32,425.4,424.82,424.92,24801
2026-05-15 11:19:00,424.9375,425.2,424.865,424.965,20223
2026-05-15 11:20:00,425.02,425.61,424.695,425.4101,34195
2026-05-15 11:21:00,425.525,425.88,425.3,425.797,13035
2026-05-15 11:22:00,425.85,426.3899,425.767,425.935,17585
2026-05-15 11:23:00,425.92,426.02,425.09,425.245,17564
2026-05-15 11:24:00,425.14,425.59,424.83,425.29,11778
2026-05-15 11:25:00,425.29,425.4,424.6301,424.9369,14128
2026-05-15 11:26:00,424.92,425.44,424.87,425.425,8894
2026-05-15 11:27:00,425.35,425.92,425.15,425.56,9967
2026-05-15 11:28:00,425.58,425.72,425.0492,425.6799,21569
2026-05-15 11:29:00,425.41,425.73,425.3801,425.72,8762
2026-05-15 11:30:00,425.76,426.2,425.71,425.9,9046
2026-05-15 11:31:00,425.88,426.43,425.85,426.43,15878
2026-05-15 11:32:00,426.35,426.83,426.28,426.707,12168
2026-05-15 11:33:00,426.7,426.7,426.21,426.45,11729
2026-05-15 11:34:00,426.3,426.8,426.16,426.67,7487
2026-05-15 11:35:00,426.56,427.05,426.465,426.755,17327
2026-05-15 11:36:00,426.755,427.36,426.755,427,18728
2026-05-15 11:37:00,427,427.75,426.98,427.715,11108
2026-05-15 11:38:00,427.66,427.8594,427.2501,427.55,17923
2026-05-15 11:39:00,427.55,427.709,426.8401,426.965,21981
2026-05-15 11:40:00,426.9184,427.33,426.5,427.29,31508
2026-05-15 11:41:00,427.255,427.4,426.8,427.02,12028
2026-05-15 11:42:00,427.03,427.16,426.74,427,9158
2026-05-15 11:43:00,427.04,427.065,426.465,426.635,8245
2026-05-15 11:44:00,426.635,426.7499,426.01,426.375,19604
2026-05-15 11:45:00,426.31,426.59,425.97,426.14,13701
2026-05-15 11:46:00,426.14,426.92,426.12,426.9,21154
2026-05-15 11:47:00,426.93,426.93,426.285,426.385,12045
2026-05-15 11:48:00,426.25,427.23,426.25,427.025,24625
2026-05-15 11:49:00,426.9219,427.03,426.03,426.475,9715
2026-05-15 11:50:00,426.475,426.64,426.06,426.29,25502
2026-05-15 11:51:00,426.18,426.9,426.06,426.51,13100
2026-05-15 11:52:00,426.58,426.6999,426.29,426.4,11652
2026-05-15 11:53:00,426.48,426.56,425.73,426.12,23376
2026-05-15 11:54:00,426.13,426.74,426.11,426.4451,13770
2026-05-15 11:55:00,426.4451,426.4451,425.6301,425.94,18975
2026-05-15 11:56:00,426.03,426.05,425.5,426.01,18911
2026-05-15 11:57:00,426.1,426.1299,425.53,425.725,12550
2026-05-15 11:58:00,425.68,426.4,425.68,426.4,11911
2026-05-15 11:59:00,426.4699,427,426.4,426.925,14046
2026-05-15 12:00:00,426.86,427.1599,426.71,427.08,14375
2026-05-15 12:01:00,427.085,427.14,426.79,427.11,11383
2026-05-15 12:02:00,427.06,427.08,426.7,426.935,11099
2026-05-15 12:03:00,426.93,427,426.28,426.53,19757
2026-05-15 12:04:00,426.47,426.7,426.26,426.51,5928
2026-05-15 12:05:00,426.495,427.3,426.495,427.165,17895
2026-05-15 12:06:00,427.165,427.165,426.37,426.415,10325
2026-05-15 12:07:00,426.33,426.834,426.22,426.68,17117
2026-05-15 12:08:00,426.68,427.23,426.68,426.99,18773
2026-05-15 12:09:00,427.01,427.43,426.9,427.23,4383
2026-05-15 12:10:00,427.2325,427.73,427.22,427.35,15097
2026-05-15 12:11:00,427.35,427.44,426.6801,427.14,10334
2026-05-15 12:12:00,427.14,427.63,427.08,427.575,12862
2026-05-15 12:13:00,427.575,427.71,427.46,427.51,8026
2026-05-15 12:14:00,427.595,428.3699,427.595,428.301,24703
2026-05-15 12:15:00,428.31,428.5,427.93,427.98,19667
2026-05-15 12:16:00,428.09,428.22,427.5731,427.89,6116
2026-05-15 12:17:00,427.905,427.905,427.48,427.78,7897
2026-05-15 12:18:00,427.785,427.85,427.48,427.65,3622
2026-05-15 12:19:00,427.6891,427.95,427.43,427.85,12626
2026-05-15 12:20:00,427.775,428.39,427.775,428.3082,10908
2026-05-15 12:21:00,428.4,428.825,428.1794,428.28,16683
2026-05-15 12:22:00,428.215,428.7,428.1,428.55,5506
2026-05-15 12:23:00,428.645,428.67,428.05,428.28,9571
2026-05-15 12:24:00,428.255,428.48,428.2,428.42,5706
2026-05-15 12:25:00,428.42,428.58,428.22,428.53,9280
2026-05-15 12:26:00,428.515,428.56,428.16,428.3699,7848
2026-05-15 12:27:00,428.28,428.94,428.2,428.825,9922
2026-05-15 12:28:00,428.825,429.07,428.66,428.66,14210
2026-05-15 12:29:00,428.66,429.07,428.58,429.07,9887
2026-05-15 12:30:00,429.1,429.2199,428.89,428.97,12307
2026-05-15 12:31:00,428.97,429.3199,428.97,429.17,10646
2026-05-15 12:32:00,429.17,429.445,429,429.325,14284
2026-05-15 12:33:00,429.3535,429.51,429.105,429.3,21800
2026-05-15 12:34:00,429.28,429.54,429.17,429.45,23313
2026-05-15 12:35:00,429.4,429.4,428.9001,428.98,6492
2026-05-15 12:36:00,429.1,429.4799,429.1,429.32,9975
2026-05-15 12:37:00,429.32,429.8,429.3,429.6,9088
2026-05-15 12:38:00,429.605,429.92,429.58,429.825,17194
2026-05-15 12:39:00,429.825,430.02,429.79,429.855,19888
2026-05-15 12:40:00,429.9,430.05,429.55,429.655,10799
2026-05-15 12:41:00,429.68,429.81,429.66,429.74,4519
2026-05-15 12:42:00,429.745,430.055,429.59,429.955,11578
2026-05-15 12:43:00,429.955,430.2697,429.87,430.015,10689
2026-05-15 12:44:00,430.015,430.47,429.9,430.45,17836
2026-05-15 12:45:00,430.45,430.836,430.18,430.475,28920
2026-05-15 12:46:00,430.475,430.64,429.9,429.91,17744
2026-05-15 12:47:00,429.925,430.34,429.9,430.34,6726
2026-05-15 12:48:00,430.265,430.33,429.87,429.985,12556
2026-05-15 12:49:00,429.87,430.05,429.87,429.985,11921
2026-05-15 12:50:00,429.985,430.1775,429.9,429.9899,9353
2026-05-15 12:51:00,429.99,430.41,429.97,430.075,13997
2026-05-15 12:52:00,430.07,430.14,429.16,429.25,10539
2026-05-15 12:53:00,429.1,429.3699,429.02,429.24,6297
2026-05-15 12:54:00,429.24,429.28,428.49,428.49,11702
2026-05-15 12:55:00,428.48,428.93,428.47,428.89,12585
2026-05-15 12:56:00,428.83,428.98,428.7801,428.93,7541
2026-05-15 12:57:00,428.937,428.9999,428.6,428.65,14690
2026-05-15 12:58:00,428.72,428.79,427.98,428.38,19713
2026-05-15 12:59:00,428.38,428.83,428.28,428.76,12474
2026-05-15 13:00:00,428.69,428.96,428.61,428.805,7660
2026-05-15 13:01:00,428.805,428.91,428.3314,428.825,14021
2026-05-15 13:02:00,428.74,428.88,428.6,428.72,7181
2026-05-15 13:03:00,428.73,428.73,428.34,428.51,7283
2026-05-15 13:04:00,428.5,428.58,428.3401,428.53,9596
2026-05-15 13:05:00,428.53,428.53,428.3001,428.46,5099
2026-05-15 13:06:00,428.46,428.84,428.46,428.82,6976
2026-05-15 13:07:00,428.8151,428.87,428.5,428.54,7977
2026-05-15 13:08:00,428.63,428.71,428.46,428.56,5482
2026-05-15 13:09:00,428.68,428.79,428.49,428.79,8092
2026-05-15 13:10:00,428.79,428.96,428.71,428.7801,7979
2026-05-15 13:11:00,428.735,428.79,428.4601,428.595,7167
2026-05-15 13:12:00,428.595,428.91,428.36,428.91,12041
2026-05-15 13:13:00,428.91,428.93,428.44,428.57,14031
2026-05-15 13:14:00,428.62,428.79,428.53,428.74,8152
2026-05-15 13:15:00,428.74,428.75,428.35,428.42,6865
2026-05-15 13:16:00,428.5687,428.5999,428.35,428.51,7745
2026-05-15 13:17:00,428.51,428.68,428.45,428.506,42710
2026-05-15 13:18:00,428.64,429.09,428.64,429.09,5399
2026-05-15 13:19:00,429.03,429.09,428.77,428.865,12746
2026-05-15 13:20:00,428.87,429.325,428.73,429.2574,7552
2026-05-15 13:21:00,429.14,429.33,429.07,429.07,6715
2026-05-15 13:22:00,429.03,429.32,428.85,429.315,9166
2026-05-15 13:23:00,429.31,429.31,428.955,428.955,6356
2026-05-15 13:24:00,429.05,429.32,429.02,429.2,7750
2026-05-15 13:25:00,429.19,429.55,429.19,429.44,14237
2026-05-15 13:26:00,429.44,429.51,429.11,429.34,21967
2026-05-15 13:27:00,429.28,429.325,429.03,429.185,6554
2026-05-15 13:28:00,429.14,429.21,428.882,429.07,19011
2026-05-15 13:29:00,429.07,429.08,428.9,428.975,5625
2026-05-15 13:30:00,429.04,429.11,428.9101,429.07,12992
2026-05-15 13:31:00,428.995,429.12,428.72,429.085,21996
2026-05-15 13:32:00,429.015,429.15,428.89,429.15,4872
2026-05-15 13:33:00,429.19,429.2399,429.06,429.17,13428
2026-05-15 13:34:00,429.175,429.505,429.06,429.47,22997
2026-05-15 13:35:00,429.52,429.62,429.31,429.4001,35091
2026-05-15 13:36:00,429.49,429.61,428.95,429.14,24269
2026-05-15 13:37:00,429.14,429.14,428.72,428.735,6769
2026-05-15 13:38:00,428.735,428.85,428.28,428.61,10325
2026-05-15 13:39:00,428.63,428.63,428.4,428.56,6999
2026-05-15 13:40:00,428.56,428.8103,428.44,428.5399,14366
2026-05-15 13:41:00,428.485,428.64,427.625,427.64,30761
2026-05-15 13:42:00,427.625,427.74,427.49,427.67,9699
2026-05-15 13:43:00,427.66,427.8,427.5,427.6,13778
2026-05-15 13:44:00,427.6,427.67,427.35,427.465,23403
2026-05-15 13:45:00,427.4625,427.87,427.355,427.77,16972
2026-05-15 13:46:00,427.815,427.815,427.49,427.66,7773
2026-05-15 13:47:00,427.66,427.9525,427.66,427.845,5802
2026-05-15 13:48:00,427.845,427.95,427.45,427.49,9329
2026-05-15 13:49:00,427.4,427.77,427.4,427.685,5868
2026-05-15 13:50:00,427.69,428.1,427.685,428.04,7409
2026-05-15 13:51:00,428.05,428.185,427.94,428.14,5534
2026-05-15 13:52:00,428.12,428.6305,428.06,428.6,9132
2026-05-15 13:53:00,428.6,428.97,428.55,428.855,5415
2026-05-15 13:54:00,428.92,428.92,428.6,428.83,6855
2026-05-15 13:55:00,428.83,428.83,428.48,428.655,8114
2026-05-15 13:56:00,428.6525,429.2,428.56,429.095,6850
2026-05-15 13:57:00,429.12,429.31,428.6501,428.8,9837
2026-05-15 13:58:00,428.85,429.2,428.8,429.2,5936
2026-05-15 13:59:00,429.25,429.78,429.2,429.6699,12264
2026-05-15 14:00:00,429.66,429.7,429.36,429.52,7576
2026-05-15 14:01:00,429.445,429.615,429.3,429.455,9072
2026-05-15 14:02:00,429.405,429.65,429.32,429.5375,26890
2026-05-15 14:03:00,429.535,429.69,429.498,429.58,8329
2026-05-15 14:04:00,429.65,429.72,429.31,429.66,14131
2026-05-15 14:05:00,429.66,429.77,429.46,429.705,5219
2026-05-15 14:06:00,429.69,429.79,429.33,429.645,8266
2026-05-15 14:07:00,429.612,430.21,429.57,430.0697,31729
2026-05-15 14:08:00,430.125,430.3199,429.74,429.839,10170
2026-05-15 14:09:00,429.839,430.0366,429.68,429.74,8962
2026-05-15 14:10:00,429.74,430.04,429.74,429.99,5417
2026-05-15 14:11:00,429.96,430.019,429.7901,430.019,8032
2026-05-15 14:12:00,430.02,430.11,429.93,430.025,3650
2026-05-15 14:13:00,430.02,430.139,429.89,430.139,8791
2026-05-15 14:14:00,430.1278,430.1351,429.7701,429.815,8988
2026-05-15 14:15:00,429.86,429.955,429.5,429.595,7149
2026-05-15 14:16:00,429.6,429.71,429.55,429.56,4968
2026-05-15 14:17:00,429.7,429.725,429.61,429.7,11361
2026-05-15 14:18:00,429.67,429.67,428.66,428.87,11539
2026-05-15 14:19:00,428.81,428.83,428,428.26,11106
2026-05-15 14:20:00,428.29,428.74,428.12,428.575,8054
2026-05-15 14:21:00,428.62,428.69,428.5,428.655,5915
2026-05-15 14:22:00,428.6,428.88,428.54,428.81,12690
2026-05-15 14:23:00,428.805,428.91,428.58,428.785,19000
2026-05-15 14:24:00,428.85,429.0176,428.575,428.59,10681
2026-05-15 14:25:00,428.54,428.715,428.14,428.31,13377
2026-05-15 14:26:00,428.325,428.325,427.8,427.96,14948
2026-05-15 14:27:00,427.97,427.97,427.5,427.725,11084
2026-05-15 14:28:00,427.7,427.94,427.5101,427.655,6453
2026-05-15 14:29:00,427.61,427.99,427.54,427.765,13747
2026-05-15 14:30:00,427.765,427.775,427.16,427.23,11471
2026-05-15 14:31:00,427.245,427.245,426.22,426.22,16508
2026-05-15 14:32:00,426.2,426.47,425.89,426.385,14029
2026-05-15 14:33:00,426.385,426.52,426.09,426.4499,11048
2026-05-15 14:34:00,426.31,426.7,426.2,426.595,11334
2026-05-15 14:35:00,426.63,427,426.63,426.735,12477
2026-05-15 14:36:00,426.74,427.165,426.6934,427.165,7802
2026-05-15 14:37:00,427.085,427.16,426.89,427.0899,9689
2026-05-15 14:38:00,426.99,427.17,426.82,427.14,6380
2026-05-15 14:39:00,427.14,427.67,427,427.67,14287
2026-05-15 14:40:00,427.66,427.66,426.54,426.68,28543
2026-05-15 14:41:00,426.72,426.97,426.6,426.69,11012
2026-05-15 14:42:00,426.77,426.77,426.305,426.485,10476
2026-05-15 14:43:00,426.53,426.9,426.48,426.8,12339
2026-05-15 14:44:00,426.75,426.82,426.635,426.645,7268
2026-05-15 14:45:00,426.73,426.73,426.32,426.47,7888
2026-05-15 14:46:00,426.47,426.86,426.4257,426.86,9699
2026-05-15 14:47:00,426.76,426.86,426.43,426.75,8023
2026-05-15 14:48:00,426.8,427.305,426.74,427.22,7823
2026-05-15 14:49:00,427.38,427.45,427.24,427.305,8582
2026-05-15 14:50:00,427.3025,427.57,426.79,426.84,12870
2026-05-15 14:51:00,426.81,427.11,426.81,427.04,8139
2026-05-15 14:52:00,427.04,427.1,426.81,427.08,10365
2026-05-15 14:53:00,427.08,427.56,427.0579,427.56,13910
2026-05-15 14:54:00,427.55,427.85,427.34,427.745,9650
2026-05-15 14:55:00,427.67,427.83,427.51,427.77,8376
2026-05-15 14:56:00,427.83,427.83,427.435,427.5,11586
2026-05-15 14:57:00,427.42,427.67,427.05,427.19,9771
2026-05-15 14:58:00,427.04,427.295,426.92,427.145,17647
2026-05-15 14:59:00,427.145,427.79,427.145,427.61,22264
2026-05-15 15:00:00,427.65,427.96,427.12,427.155,16497
2026-05-15 15:01:00,427.155,427.35,427.03,427.12,9602
2026-05-15 15:02:00,427.2,427.28,426.825,426.98,15668
2026-05-15 15:03:00,426.985,427.25,426.92,427.0501,13486
2026-05-15 15:04:00,427.105,427.25,426.69,426.69,11366
2026-05-15 15:05:00,426.735,427.1,426.69,426.93,26958
2026-05-15 15:06:00,426.85,426.8599,425.95,426.1,13256
2026-05-15 15:07:00,426.03,426.38,426,426.28,11009
2026-05-15 15:08:00,426.32,426.505,426,426.32,14744
2026-05-15 15:09:00,426.4,426.59,425.907,426.45,13354
2026-05-15 15:10:00,426.43,426.43,426.12,426.34,9066
2026-05-15 15:11:00,426.285,426.39,426.1,426.17,16990
2026-05-15 15:12:00,426.13,426.2,425.67,426.2,14950
2026-05-15 15:13:00,426.2,426.615,426.11,426.41,14152
2026-05-15 15:14:00,426.44,426.72,426.36,426.4799,23143
2026-05-15 15:15:00,426.4,426.6995,426.26,426.68,22270
2026-05-15 15:16:00,426.67,426.71,426.3268,426.46,16319
2026-05-15 15:17:00,426.505,426.53,426.25,426.38,13759
2026-05-15 15:18:00,426.34,426.705,425.97,426.67,17469
2026-05-15 15:19:00,426.615,426.97,426.45,426.54,15372
2026-05-15 15:20:00,426.52,426.56,426.28,426.52,12433
2026-05-15 15:21:00,426.56,426.74,426.175,426.49,15917
2026-05-15 15:22:00,426.43,426.89,426.3101,426.65,12106
2026-05-15 15:23:00,426.67,426.8,426.3501,426.435,9068
2026-05-15 15:24:00,426.435,426.62,426.42,426.545,11704
2026-05-15 15:25:00,426.47,426.64,426.4,426.56,15484
2026-05-15 15:26:00,426.58,426.67,426.4,426.455,9246
2026-05-15 15:27:00,426.455,426.62,426.4,426.535,12986
2026-05-15 15:28:00,426.6,426.6,426.365,426.555,9545
2026-05-15 15:29:00,426.555,426.88,426.555,426.81,10293
2026-05-15 15:30:00,426.74,427.2787,426.73,427.24,25126
2026-05-15 15:31:00,427.205,427.3,426.8475,426.98,17068
2026-05-15 15:32:00,426.92,427.07,426.63,426.905,15936
2026-05-15 15:33:00,426.85,426.97,426.63,426.63,14004
2026-05-15 15:34:00,426.63,426.97,426.59,426.94,17466
2026-05-15 15:35:00,426.93,427.03,426.58,427.02,16075
2026-05-15 15:36:00,427.07,427.2,426.9301,427.19,21907
2026-05-15 15:37:00,427.16,427.16,426.83,426.83,15302
2026-05-15 15:38:00,426.865,427.16,426.85,426.98,20859
2026-05-15 15:39:00,426.98,427.36,426.97,427.16,21904
2026-05-15 15:40:00,427.17,427.45,427.15,427.27,17999
2026-05-15 15:41:00,427.31,427.67,427.2801,427.61,21763
2026-05-15 15:42:00,427.59,427.61,427.28,427.31,15636
2026-05-15 15:43:00,427.3,427.46,427.22,427.37,18545
2026-05-15 15:44:00,427.33,427.37,426.75,426.82,21028
2026-05-15 15:45:00,426.82,426.91,426.37,426.425,30140
2026-05-15 15:46:00,426.48,426.49,425.93,426.43,30535
2026-05-15 15:47:00,426.38,427,426.3,426.77,27156
2026-05-15 15:48:00,426.77,426.86,426.58,426.77,24166
2026-05-15 15:49:00,426.81,426.915,426.46,426.79,22355
2026-05-15 15:50:00,426.75,426.79,426.12,426.44,48106
2026-05-15 15:51:00,426.38,426.76,426.22,426.74,36505
2026-05-15 15:52:00,426.69,426.69,425.72,425.73,57029
2026-05-15 15:53:00,425.72,426.095,425.56,425.64,72010
2026-05-15 15:54:00,425.59,425.82,425,425.32,82509
2026-05-15 15:55:00,425.29,425.73,424.52,425.445,149469
2026-05-15 15:56:00,425.445,425.79,425.25,425.4,97802
2026-05-15 15:57:00,425.45,425.92,425.325,425.78,132023
2026-05-15 15:58:00,425.81,425.96,425.45,425.46,125809
2026-05-15 15:59:00,425.45,425.79,424.77,425.1,513408
2026-05-15 16:00:00,425.35,425.67,425.19,425.19,4287771
2026-05-15 16:01:00,425,425.3501,424.39,424.4821,929
2026-05-15 16:02:00,424.61,424.99,424.61,424.8,770
2026-05-15 16:03:00,424.66,424.72,424.6,424.6,1387
2026-05-15 16:04:00,425.19,425.19,425.19,425.19,51
2026-05-15 16:05:00,424.99,424.99,424.6,424.69,2949
2026-05-15 16:06:00,424.6,424.6,424,424.33,4261
2026-05-15 16:07:00,424,424.23,423.8,424.23,762
2026-05-15 16:08:00,424.289,424.289,424.289,424.289,100
2026-05-15 16:09:00,424.72,424.72,424,424,992
2026-05-15 16:10:00,423.9,423.9,423.6,423.6,288
2026-05-15 16:11:00,423.62,425.19,423.26,423.26,398
2026-05-15 16:12:00,423.37,424.1296,423.22,424.1296,277
2026-05-15 16:13:00,423.4316,423.4316,423.4316,423.4316,49
2026-05-15 16:15:00,424.27,424.27,423.76,423.76,3692
2026-05-15 16:17:00,423.8263,424.27,423.8263,424.27,913
2026-05-15 16:18:00,424.23,424.27,423.8828,424.27,10399
2026-05-15 16:19:00,424.35,424.3707,424.35,424.3707,480
2026-05-15 16:20:00,424.35,424.35,424,424,1379
2026-05-15 16:21:00,424,424.12,424,424.11,199
2026-05-15 16:22:00,424.06,424.28,424,424,346
2026-05-15 16:23:00,424,424,424,424,80
2026-05-15 16:24:00,424.9945,424.9945,424.9945,424.9945,1000
2026-05-15 16:25:00,424.1008,424.1008,424.1008,424.1008,100
2026-05-15 16:26:00,424.49,424.5,424.4,424.5,1381
2026-05-15 16:27:00,424.7263,424.7263,424.7263,424.7263,200
2026-05-15 16:28:00,424.45,424.49,424.45,424.47,556
2026-05-15 16:29:00,424.5,424.5,424.5,424.5,40
2026-05-15 16:30:00,424.4,424.4,424.34,424.34,588
2026-05-15 16:35:00,424.8,424.8,424.8,424.8,117
2026-05-15 16:36:00,424.71,424.71,424.71,424.71,40
2026-05-15 16:37:00,424.75,425.19,424.75,425.19,290
2026-05-15 16:38:00,424.72,424.72,424.72,424.72,120
2026-05-15 16:39:00,424.62,424.62,424.62,424.62,105
2026-05-15 16:41:00,424.8,424.8,424.8,424.8,50
2026-05-15 16:42:00,424.8,424.8,424.8,424.8,100
2026-05-15 16:43:00,424.8,424.8,424.8,424.8,70
2026-05-15 16:44:00,424.7,424.7,424.7,424.7,140
2026-05-15 16:47:00,424.7,424.7,424.7,424.7,100
2026-05-15 16:48:00,424.8,424.8,424.8,424.8,55
2026-05-15 16:50:00,424.8,424.8,424.795,424.8,829
2026-05-15 16:52:00,425,425,424.9998,425,237
2026-05-15 16:53:00,425.03,425.19,425.01,425.19,411
2026-05-15 16:55:00,424.99,424.99,424.98,424.98,210
2026-05-15 16:57:00,424.98,424.98,424.98,424.98,90
2026-05-15 16:58:00,425.03,425.03,425.03,425.03,58
2026-05-15 16:59:00,425.18,425.19,425.18,425.19,1509
2026-05-15 17:00:00,425.18,425.18,424.8172,424.8172,150
2026-05-15 17:01:00,425,425,425,425,193
2026-05-15 17:02:00,425.2,425.3,425.2,425.3,100
2026-05-15 17:03:00,425.19,425.25,425.16,425.25,396
2026-05-15 17:05:00,425.5,425.5,425.21,425.21,209
2026-05-15 17:06:00,425.19,425.19,425,425.01,483
2026-05-15 17:10:00,425,425,424.89,424.99,822
2026-05-15 17:11:00,424.83,424.83,424.81,424.81,1204
2026-05-15 17:15:00,424.99,424.99,424.99,424.99,76
2026-05-15 17:16:00,424.8,424.98,424.71,424.71,315
2026-05-15 17:18:00,424.98,424.98,424.75,424.75,140
2026-05-15 17:24:00,424.8287,424.9623,424.8287,424.9623,300
2026-05-15 17:26:00,424.71,424.71,424.71,424.71,109
2026-05-15 17:27:00,424.72,424.72,424.5,424.5,612
2026-05-15 17:31:00,424.2001,424.2001,424.2001,424.2001,100
2026-05-15 17:33:00,424.2,424.2,424,424,1048
2026-05-15 17:34:00,424.351,424.351,424.351,424.351,375
2026-05-15 17:35:00,425,425,425,425,1172
2026-05-15 17:36:00,424.01,424.1,424.01,424.1,97
2026-05-15 17:38:00,424.8247,424.8247,424.8247,424.8247,630
2026-05-15 17:39:00,425,425,425,425,100
2026-05-15 17:42:00,424.2,424.2,424.1,424.1,150
2026-05-15 17:44:00,424.5,424.5,424.5,424.5,95
2026-05-15 17:45:00,424,424,424,424,360
2026-05-15 17:46:00,424.94,424.94,424.35,424.35,160
2026-05-15 17:51:00,424.8,424.8,424.8,424.8,60
2026-05-15 17:52:00,424.99,424.99,424.99,424.99,40
2026-05-15 17:53:00,424.88,424.88,424.7251,424.7251,160
2026-05-15 17:54:00,424.5,424.5,424.5,424.5,250
2026-05-15 17:56:00,424.6405,424.6405,424.5,424.5,879
2026-05-15 17:59:00,424.1,424.1,424.1,424.1,100
2026-05-15 18:00:00,424.01,424.01,424.01,424.01,100
2026-05-15 18:01:00,424.49,424.49,424.4885,424.4885,329
2026-05-15 18:02:00,424.25,424.25,424.25,424.25,50
2026-05-15 18:03:00,424.48,424.55,424.01,424.01,168
2026-05-15 18:04:00,424.55,424.55,424.55,424.55,50
2026-05-15 18:05:00,424.5,424.5,424.5,424.5,50
2026-05-15 18:07:00,424.56,424.56,424.53,424.53,83
2026-05-15 18:09:00,424.41,424.55,424.41,424.55,120
2026-05-15 18:10:00,424.55,424.55,424.55,424.55,40
2026-05-15 18:11:00,424.56,424.56,424.3967,424.3967,241
2026-05-15 18:13:00,424.5305,424.5305,424.5305,424.5305,385
2026-05-15 18:14:00,424.1601,424.1601,424.1601,424.1601,65
2026-05-15 18:15:00,424.3594,424.3594,424.3594,424.3594,50
2026-05-15 18:16:00,424.37,424.55,424.25,424.25,464
2026-05-15 18:17:00,424.376,424.376,424.376,424.376,65
2026-05-15 18:20:00,424.2111,424.2111,424.21,424.21,265
2026-05-15 18:21:00,424,424,423.75,423.75,503
2026-05-15 18:22:00,423.5006,423.5597,423.5,423.5597,980
2026-05-15 18:27:00,423.552,423.552,423.552,423.552,500
2026-05-15 18:28:00,423.62,423.62,423.6,423.6,503
2026-05-15 18:30:00,423.5018,423.5018,423.5018,423.5018,59
2026-05-15 18:31:00,423.6,423.6,423.6,423.6,45
2026-05-15 18:36:00,423.5897,423.5897,423.5897,423.5897,660
2026-05-15 18:37:00,423.52,423.52,423.52,423.52,50
2026-05-15 18:38:00,423.51,423.55,423.5,423.55,826
2026-05-15 18:39:00,423.5,423.5,423.5,423.5,250
2026-05-15 18:40:00,423.3,423.3,423.3,423.3,50
2026-05-15 18:41:00,423.21,423.21,423.2,423.2,940
2026-05-15 18:42:00,423.204,423.204,423.204,423.204,60
2026-05-15 18:43:00,423.49,423.49,423.49,423.49,160
2026-05-15 18:44:00,423.2455,423.2455,423.2455,423.2455,200
2026-05-15 18:46:00,423.2455,423.2455,423.2455,423.2455,300
2026-05-15 18:47:00,423.33,423.33,423.33,423.33,42
2026-05-15 18:48:00,423.265,423.265,423.265,423.265,100
2026-05-15 18:49:00,423.2068,423.2068,423.2068,423.2068,100
2026-05-15 18:50:00,423.21,423.25,423.08,423.08,1012
2026-05-15 18:51:00,423.08,423.08,423.08,423.08,48
2026-05-15 18:52:00,423.08,423.08,423.08,423.08,100
2026-05-15 18:53:00,423,423.03,423,423.03,150
2026-05-15 18:55:00,423.06,423.1155,423.06,423.1155,1099
2026-05-15 18:56:00,423.33,423.5,423.195,423.195,606
2026-05-15 18:57:00,423.33,423.55,423.33,423.36,318
2026-05-15 18:58:00,423.34,424.19,423.34,423.38,808
2026-05-15 18:59:00,423.83,423.83,423.83,423.83,41
2026-05-15 19:00:00,424.13,424.13,424.13,424.13,47
2026-05-15 19:02:00,424,424,423.4554,423.4554,90
2026-05-15 19:03:00,424.1455,424.1455,423.99,424,482
2026-05-15 19:04:00,423.4554,423.4554,423.4554,423.4554,40
2026-05-15 19:06:00,424.18,424.18,424.18,424.18,50
2026-05-15 19:10:00,423.99,423.99,423.99,423.99,50
2026-05-15 19:14:00,423.4766,423.4766,423.4766,423.4766,200
2026-05-15 19:16:00,423.532,423.532,423.532,423.532,80
2026-05-15 19:18:00,423.9555,423.9555,423.9555,423.9555,200
2026-05-15 19:21:00,423.9949,423.9949,423.9949,423.9949,100
2026-05-15 19:26:00,423.5,423.5,423.33,423.33,159
2026-05-15 19:27:00,423.33,423.3724,423.33,423.3724,1000
2026-05-15 19:28:00,423.7824,423.7824,423.7824,423.7824,50
2026-05-15 19:33:00,423.7,423.7,423.5,423.5,557
2026-05-15 19:34:00,423.65,423.65,423.4,423.4,367
2026-05-15 19:35:00,423.38,423.38,423.3586,423.3586,400
2026-05-15 19:36:00,423.33,423.33,423.2085,423.2085,240
2026-05-15 19:37:00,423.0528,423.0528,423.0528,423.0528,100
2026-05-15 19:39:00,423.21,423.21,423.18,423.21,291
2026-05-15 19:41:00,423.01,423.01,423.01,423.01,40
2026-05-15 19:42:00,423.0368,423.0368,423.0368,423.0368,100
2026-05-15 19:43:00,423.03,423.03,423.03,423.03,50
2026-05-15 19:46:00,423.28,423.28,423.28,423.28,80
2026-05-15 19:47:00,423.2,423.2,423.2,423.2,691
2026-05-15 19:49:00,423.59,423.59,423.4867,423.4867,455
2026-05-15 19:50:00,423.1,423.39,423.1,423.39,85
2026-05-15 19:51:00,423.1,423.3,423.1,423.3,80
2026-05-15 19:52:00,423.3,423.3,423.3,423.3,97
2026-05-15 19:53:00,423.2825,423.2825,423.2745,423.2745,80
2026-05-15 19:54:00,423.28,423.4,423.28,423.4,1088
2026-05-15 19:55:00,423.3,423.3,423.3,423.3,801
2026-05-15 19:56:00,423.3,423.6,423.3,423.426,670
2026-05-15 19:57:00,423.41,423.487,423.4,423.487,244
2026-05-15 19:58:00,423.5,423.5,423.5,423.5,75
2026-05-15 19:59:00,423.57,423.57,423.57,423.57,42
2026-05-18 04:00:00,421.26,424.84,420.65,423.5,28226
2026-05-18 04:01:00,422.1,424,419.76,422.43,21870
2026-05-18 04:02:00,423.06,423.11,422.41,422.46,535
2026-05-18 04:03:00,422.5044,422.5044,422.46,422.46,151
2026-05-18 04:04:00,424,424.1,423.17,423.17,419
2026-05-18 04:06:00,424.75,424.75,423.2,423.2,691
2026-05-18 04:07:00,423.2,424.36,423.2,424.36,292
2026-05-18 04:08:00,422.41,422.9,420.78,422.74,587
2026-05-18 04:09:00,421.23,424.53,421.23,424.53,377
2026-05-18 04:10:00,423.79,423.79,423.79,423.79,300
2026-05-18 04:11:00,424.02,424.18,424.01,424.18,604
2026-05-18 04:12:00,424.37,424.37,424.28,424.37,630
2026-05-18 04:14:00,424,424,424,424,200
2026-05-18 04:17:00,424.03,424.03,424.03,424.03,100
2026-05-18 04:19:00,424.02,424.25,424.02,424.25,224
2026-05-18 04:20:00,424.25,424.48,424.25,424.48,447
2026-05-18 04:21:00,424.48,424.5,424.47,424.5,160
2026-05-18 04:22:00,424.77,424.77,424.77,424.77,50
2026-05-18 04:23:00,424.8,425.29,424.8,425.29,728
2026-05-18 04:24:00,426,426,426,426,180
2026-05-18 04:25:00,425.92,425.98,425.92,425.98,278
2026-05-18 04:27:00,426.5051,426.5051,426.5051,426.5051,50
2026-05-18 04:28:00,426.14,426.14,425.69,425.69,857
2026-05-18 04:29:00,426.52,426.52,426.52,426.52,140
2026-05-18 04:34:00,426.48,426.48,426.46,426.46,163
2026-05-18 04:35:00,426,426.06,425.9,426,737
2026-05-18 04:36:00,426.75,426.75,426.75,426.75,60
2026-05-18 04:39:00,425.97,425.98,425.97,425.98,145
2026-05-18 04:41:00,425.6,425.6,425.6,425.6,70
2026-05-18 04:42:00,425.3,425.3,425.3,425.3,280
2026-05-18 04:43:00,425.27,425.27,425.27,425.27,40
2026-05-18 04:46:00,425.52,425.7,425.52,425.7,206
2026-05-18 04:47:00,425.7,425.7,425.68,425.68,197
2026-05-18 04:48:00,425.52,425.85,425.51,425.85,594
2026-05-18 04:49:00,425.86,425.86,425.86,425.86,100
2026-05-18 04:50:00,425.8562,426.18,425.8562,426.18,1006
2026-05-18 04:51:00,426.3,426.3,426.3,426.3,40
2026-05-18 04:53:00,426.67,426.74,426.67,426.74,270
2026-05-18 04:54:00,426.69,426.75,426.65,426.75,418
2026-05-18 04:55:00,426.3,426.3,426.3,426.3,108
2026-05-18 04:57:00,426.37,426.37,426.37,426.37,50
2026-05-18 04:59:00,426.37,426.37,426.3421,426.3421,110
2026-05-18 05:00:00,426.36,426.4,426.36,426.39,353
2026-05-18 05:01:00,426.66,426.66,426.66,426.66,150
2026-05-18 05:04:00,426,426.01,426,426,451
2026-05-18 05:07:00,426.4,426.4,426.29,426.29,171
2026-05-18 05:09:00,426.27,426.27,425.9,425.9,96
2026-05-18 05:10:00,425.48,425.48,425.48,425.48,80
2026-05-18 05:11:00,426.15,426.15,425.3,425.3,80
2026-05-18 05:15:00,425.3765,425.3765,425.3765,425.3765,160
2026-05-18 05:16:00,426,426,426,426,195
2026-05-18 05:25:00,425.97,425.97,425.6,425.6,1231
2026-05-18 05:26:00,425.3,425.3,425.3,425.3,100
2026-05-18 05:27:00,425.3,425.3,425.3,425.3,271
2026-05-18 05:28:00,425.36,425.5,425.36,425.5,107
2026-05-18 05:30:00,425.37,425.37,425.37,425.37,99
2026-05-18 05:35:00,425.6,425.6,425.6,425.6,50
2026-05-18 05:36:00,425.21,425.45,425.21,425.45,172
2026-05-18 05:37:00,425.22,425.23,425,425,463
2026-05-18 05:38:00,424.84,425,424.84,425,424
2026-05-18 05:39:00,425,425,425,425,140
2026-05-18 05:43:00,425.1,425.41,425.1,425.41,596
2026-05-18 05:47:00,425.41,425.41,425.41,425.41,49
2026-05-18 05:50:00,425.3173,425.3173,425.3,425.3,450
2026-05-18 05:52:00,425.1,425.19,424.6,424.6,1838
2026-05-18 05:53:00,424.52,424.52,424.4,424.4,99
2026-05-18 05:54:00,424.2,424.2,424,424,171
2026-05-18 05:55:00,423.77,424.05,423.77,424.05,549
2026-05-18 05:56:00,423.75,423.75,423.63,423.63,255
2026-05-18 05:57:00,424.4669,424.4669,424.4669,424.4669,54
2026-05-18 05:58:00,423.58,423.67,423.5,423.6,1485
2026-05-18 06:00:00,423.98,423.99,423.6,423.6,1307
2026-05-18 06:01:00,423.99,423.99,423.99,423.99,46
2026-05-18 06:02:00,423.47,423.47,423.45,423.45,87
2026-05-18 06:05:00,423.2,423.2,422.47,423.01,985
2026-05-18 06:06:00,422.43,423.58,421.9,423,2736
2026-05-18 06:10:00,422.1,422.42,422.1,422.42,134
2026-05-18 06:11:00,422.43,422.44,422.43,422.44,128
2026-05-18 06:17:00,422,422.6,422,422,3820
2026-05-18 06:18:00,421.75,421.75,421.75,421.75,600
2026-05-18 06:19:00,421.76,421.76,421.76,421.76,267
2026-05-18 06:20:00,422.63,422.63,422.63,422.63,49
2026-05-18 06:23:00,422.6,422.6,422.6,422.6,50
2026-05-18 06:24:00,422.59,422.61,422.59,422.61,103
2026-05-18 06:25:00,422.67,422.67,422.67,422.67,40
2026-05-18 06:27:00,422.61,422.61,422.54,422.54,178
2026-05-18 06:28:00,422.9219,422.9219,422.74,422.79,235
2026-05-18 06:35:00,421.8,421.8,421.8,421.8,95
2026-05-18 06:36:00,422.02,422.03,421.85,422.03,139
2026-05-18 06:37:00,421.8,421.8,421.75,421.8,632
2026-05-18 06:38:00,421.31,421.31,421.31,421.31,250
2026-05-18 06:39:00,421.58,421.58,421.58,421.58,45
2026-05-18 06:40:00,421.42,421.88,421.42,421.88,392
2026-05-18 06:41:00,421.4,421.4,421.4,421.4,300
2026-05-18 06:42:00,421.52,421.52,421.52,421.52,40
2026-05-18 06:43:00,421.96,421.96,421.96,421.96,75
2026-05-18 06:44:00,422.44,422.51,422.44,422.51,166
2026-05-18 06:45:00,422.49,422.64,422.49,422.64,108
2026-05-18 06:46:00,421.91,421.91,421.91,421.91,81
2026-05-18 06:48:00,422.9,422.9,422.9,422.9,80
2026-05-18 06:49:00,422.97,423,422.97,423,195
2026-05-18 06:52:00,423.49,423.49,423.38,423.38,185
2026-05-18 06:54:00,423.01,423.01,423,423,298
2026-05-18 06:56:00,422.4668,422.4668,422.4668,422.4668,81
2026-05-18 06:58:00,422.54,422.54,422.54,422.54,80
2026-05-18 06:59:00,422.52,422.52,422.52,422.52,50
2026-05-18 07:00:00,422.68,423.15,422.57,422.7427,1193
2026-05-18 07:01:00,422.74,422.74,422.74,422.74,201
2026-05-18 07:02:00,422.5518,422.5518,422.45,422.45,352
2026-05-18 07:03:00,422.47,422.5518,422.47,422.5518,107
2026-05-18 07:04:00,422.44,422.44,422,422,1423
2026-05-18 07:05:00,422.1,422.1,422.1,422.1,80
2026-05-18 07:06:00,422.19,422.23,422.19,422.23,103
2026-05-18 07:07:00,422.36,422.37,422.0432,422.37,354
2026-05-18 07:08:00,422,422.1,422,422.1,617
2026-05-18 07:09:00,422.0388,422.37,421.8,421.8,892
2026-05-18 07:10:00,421.78,421.78,421.77,421.77,90
2026-05-18 07:11:00,422.1,422.38,422.06,422.06,505
2026-05-18 07:12:00,422.023,422.14,422.02,422.02,410
2026-05-18 07:13:00,422.14,422.14,422.14,422.14,103
2026-05-18 07:14:00,422.3,422.3,421.94,422.09,483
2026-05-18 07:15:00,421.68,421.68,420.99,421.02,3443
2026-05-18 07:16:00,421.5,421.5,421.5,421.5,50
2026-05-18 07:17:00,421.2,421.43,421,421.41,633
2026-05-18 07:18:00,421.8999,421.8999,421.8999,421.8999,50
2026-05-18 07:19:00,421.5353,421.9,421.5353,421.9,160
2026-05-18 07:20:00,421.9,421.9,421.72,421.72,145
2026-05-18 07:21:00,421.91,421.91,421.9,421.9,190
2026-05-18 07:22:00,422.01,422.077,422,422,153
2026-05-18 07:24:00,422,422,422,422,84
2026-05-18 07:26:00,421.4367,421.62,421.4367,421.56,1299
2026-05-18 07:27:00,421.774,421.774,421.7,421.7,553
2026-05-18 07:28:00,421.55,421.55,421.55,421.55,100
2026-05-18 07:29:00,421.4311,421.4311,421.022,421.022,158
2026-05-18 07:30:00,421.21,421.21,421.17,421.17,118
2026-05-18 07:31:00,421.1,421.22,420.21,420.21,2748
2026-05-18 07:33:00,421,421,420.2,420.6,722
2026-05-18 07:34:00,420.83,421.33,420.83,421.13,155
2026-05-18 07:35:00,421.21,422.02,421.21,421.96,1790
2026-05-18 07:36:00,421.72,422.07,421.67,421.87,598
2026-05-18 07:37:00,421.76,422.0131,420.9,420.9,1525
2026-05-18 07:38:00,420.59,420.59,420.59,420.59,253
2026-05-18 07:39:00,421,423.45,421,423.45,4847
2026-05-18 07:40:00,423.39,424.99,423.39,424.98,1540
2026-05-18 07:41:00,424.7503,424.95,424.7503,424.8,353
2026-05-18 07:42:00,424.73,425,424.02,424.02,773
2026-05-18 07:43:00,423.88,423.88,423.88,423.88,250
2026-05-18 07:44:00,424.76,424.9,423.95,424.08,877
2026-05-18 07:45:00,423.93,424.35,423.88,424.1485,559
2026-05-18 07:47:00,423.73,423.73,422.8,423,3586
2026-05-18 07:48:00,422.91,423,422.91,423,189
2026-05-18 07:49:00,422.6233,422.6233,422.6233,422.6233,69
2026-05-18 07:50:00,422.23,422.89,422.1,422.56,1338
2026-05-18 07:51:00,422.23,422.23,422.2,422.2,696
2026-05-18 07:52:00,422.7717,422.7717,422.7717,422.7717,50
2026-05-18 07:53:00,422.22,422.22,422.12,422.12,324
2026-05-18 07:55:00,422.0501,423,422.0501,423,1195
2026-05-18 07:56:00,422.98,422.98,422.29,422.29,400
2026-05-18 07:57:00,422,422.49,422,422.05,383
2026-05-18 07:59:00,422.4875,422.4875,421.94,421.97,847
2026-05-18 08:00:00,421.98,422,421.7582,422,680
2026-05-18 08:01:00,422,422.7499,422,422,1133
2026-05-18 08:02:00,422.5,422.5,421.8,422,1088
2026-05-18 08:03:00,422.4274,422.4274,422,422.1,308
2026-05-18 08:04:00,421.9622,422.75,421.9615,422.75,349
2026-05-18 08:05:00,422,422.37,422,422.37,754
2026-05-18 08:06:00,422.63,424.128,422.63,424.128,825
2026-05-18 08:07:00,422.85,423.38,422.85,423.38,502
2026-05-18 08:08:00,423.45,423.71,423.304,423.71,388
2026-05-18 08:09:00,423.2,423.669,423.2,423.669,391
2026-05-18 08:10:00,423,423.5,423,423.5,462
2026-05-18 08:11:00,423.42,423.45,423.42,423.45,128
2026-05-18 08:12:00,423.56,423.56,423.56,423.56,45
2026-05-18 08:13:00,423.5,423.5,423.27,423.27,731
2026-05-18 08:14:00,423.83,423.83,423.83,423.83,40
2026-05-18 08:15:00,423.83,423.83,423.2462,423.34,325
2026-05-18 08:16:00,422.97,422.97,422.59,422.59,293
2026-05-18 08:18:00,423.55,423.56,423.55,423.56,100
2026-05-18 08:20:00,423.13,423.13,423.13,423.13,120
2026-05-18 08:22:00,423.49,423.49,423.49,423.49,80
2026-05-18 08:24:00,423.4,423.4,423.1785,423.1785,200
2026-05-18 08:25:00,423.29,423.29,423.29,423.29,75
2026-05-18 08:26:00,423.47,423.51,423.47,423.51,122
2026-05-18 08:27:00,423.2634,423.2634,423.25,423.25,168
2026-05-18 08:30:00,423,423,423,423,500
2026-05-18 08:31:00,423.1307,423.1307,422.9941,422.9941,150
2026-05-18 08:34:00,422.78,423.68,422.78,423,1625
2026-05-18 08:35:00,423,423.66,423,423.66,365
2026-05-18 08:36:00,423.75,423.75,423.66,423.75,634
2026-05-18 08:37:00,423.75,424.3057,423.75,424.3057,898
2026-05-18 08:38:00,423.75,424.343,423.75,423.75,547
2026-05-18 08:39:00,423.57,423.57,423.57,423.57,59
2026-05-18 08:40:00,423.75,423.75,423.75,423.75,224
2026-05-18 08:41:00,423.96,424.32,423.96,424.32,606
2026-05-18 08:42:00,424.977,424.977,424.977,424.977,500
2026-05-18 08:43:00,424.63,424.63,424.38,424.38,359
2026-05-18 08:44:00,424.54,424.94,424.54,424.7,1630
2026-05-18 08:45:00,424.7,425.84,424.7,425.84,1511
2026-05-18 08:46:00,425.97,425.97,425.559,425.559,509
2026-05-18 08:47:00,425.78,425.89,425.5885,425.85,2689
2026-05-18 08:48:00,425.78,426,425.78,425.98,1186
2026-05-18 08:49:00,426.4,427.04,426.05,426.528,2490
2026-05-18 08:50:00,426.45,426.99,426.45,426.7685,1312
2026-05-18 08:51:00,426.81,426.81,426.23,426.23,1425
2026-05-18 08:52:00,426.5,426.5,426.5,426.5,100
2026-05-18 08:53:00,426.56,426.8,426.2,426.2,1982
2026-05-18 08:54:00,425.76,425.99,425.485,425.99,424
2026-05-18 08:55:00,425.89,425.89,425.56,425.7,735
2026-05-18 08:56:00,425.79,426.93,425.79,426.93,1488
2026-05-18 08:57:00,426.5,426.99,426.33,426.33,207
2026-05-18 08:58:00,426.89,426.94,426.7,426.7,716
2026-05-18 08:59:00,426.98,427.1,426.97,427.06,1457
2026-05-18 09:00:00,427.01,427.0899,426.7,427.0857,700
2026-05-18 09:01:00,427.0643,427.0643,426.58,426.58,770
2026-05-18 09:02:00,426.53,426.54,425.79,425.8,1509
2026-05-18 09:03:00,425.7983,426.3,425.71,426.3,1078
2026-05-18 09:04:00,425.96,426.9834,425.96,426.53,835
2026-05-18 09:05:00,426.54,426.9314,426.1,426.23,825
2026-05-18 09:06:00,426.17,426.17,425.95,425.95,406
2026-05-18 09:07:00,426.54,426.54,426.16,426.48,428
2026-05-18 09:08:00,426.4,426.4,425.82,426.09,1241
2026-05-18 09:09:00,426.1038,426.27,426.1,426.27,140
2026-05-18 09:11:00,426.04,426.04,425.8,425.84,818
2026-05-18 09:12:00,425.98,425.98,425.75,425.938,715
2026-05-18 09:13:00,425.75,425.8899,425.65,425.65,1542
2026-05-18 09:14:00,425.5715,425.7,425.53,425.7,1174
2026-05-18 09:15:00,425.7,425.7,425.05,425.2535,1395
2026-05-18 09:16:00,425,425.13,423.94,423.94,7460
2026-05-18 09:18:00,424.5,424.6575,424.01,424.6575,375
2026-05-18 09:19:00,424,424.3945,423,423.49,5411
2026-05-18 09:20:00,423.8328,423.89,423,423,2716
2026-05-18 09:21:00,423.05,423.24,422.68,423.23,3306
2026-05-18 09:22:00,423.25,423.7535,423,423.03,2951
2026-05-18 09:23:00,422.97,423,422.59,423,2671
2026-05-18 09:24:00,423,423.33,422.8,423.33,1946
2026-05-18 09:25:00,422.8,423.38,421.96,421.96,4412
2026-05-18 09:26:00,422.03,422.98,421.86,422.98,1177
2026-05-18 09:27:00,423.28,423.8793,421.8,422.59,4421
2026-05-18 09:28:00,422,422,421.16,421.57,1794
2026-05-18 09:29:00,421.4,421.6,421.4,421.6,1554
2026-05-18 09:30:00,421.4,422.01,419.86,420.45,448678
2026-05-18 09:31:00,420.45,421.3299,418,418.84,136352
2026-05-18 09:32:00,418.7,419.46,417.5,418.895,95808
2026-05-18 09:33:00,418.971,420.8,418.37,420.6,71015
2026-05-18 09:34:00,420.56,421.365,420.11,420.56,69044
2026-05-18 09:35:00,420.63,421.34,420.24,420.56,48192
2026-05-18 09:36:00,420.7125,420.725,418.91,420.01,93001
2026-05-18 09:37:00,419.97,420.52,419.5,419.51,48547
2026-05-18 09:38:00,419.54,420.42,419.48,419.7175,57593
2026-05-18 09:39:00,419.77,420.38,419.48,419.91,64568
2026-05-18 09:40:00,419.86,419.96,418.71,419.83,51233
2026-05-18 09:41:00,419.595,421.34,419.595,420.41,35804
2026-05-18 09:42:00,420.4,420.97,419.16,419.235,44715
2026-05-18 09:43:00,419.235,419.47,418.27,418.76,43214
2026-05-18 09:44:00,418.92,418.99,416.9,417.305,68667
2026-05-18 09:45:00,417.24,418.46,416.83,418.17,73585
2026-05-18 09:46:00,418.305,418.56,417.39,418,37825
2026-05-18 09:47:00,418.005,418.005,416.3664,417.5,87682
2026-05-18 09:48:00,417.4019,418.25,416.81,417.14,35574
2026-05-18 09:49:00,417.036,417.5899,416.295,416.295,44046
2026-05-18 09:50:00,416.39,418.31,416.32,418.305,29875
2026-05-18 09:51:00,418.305,419.14,417.65,419.085,62635
2026-05-18 09:52:00,419.135,420.22,419.05,419.315,54949
2026-05-18 09:53:00,419.315,419.96,418.795,419.025,37402
2026-05-18 09:54:00,419.0045,420.5,418.19,420.38,37994
2026-05-18 09:55:00,420.642,420.8,420.14,420.48,37492
2026-05-18 09:56:00,420.5799,420.9,419.99,420.185,34957
2026-05-18 09:57:00,420.17,420.17,418.16,418.38,56535
2026-05-18 09:58:00,418.215,418.9,418,418.3109,36610
2026-05-18 09:59:00,418.37,419.34,418.28,418.59,35640
2026-05-18 10:00:00,418.51,418.555,415.85,416.4,72262
2026-05-18 10:01:00,416.33,417.25,416.1299,416.26,32593
2026-05-18 10:02:00,416.28,416.5799,415.71,415.755,38911
2026-05-18 10:03:00,415.71,416.72,415,416.305,121086
2026-05-18 10:04:00,416.18,416.5,415.7001,415.87,23174
2026-05-18 10:05:00,415.935,417,415,415.355,101915
2026-05-18 10:06:00,415.36,417.34,415.24,417.16,36670
2026-05-18 10:07:00,417.175,417.575,416.46,416.54,40924
2026-05-18 10:08:00,416.55,417.5,416.21,417.39,32956
2026-05-18 10:09:00,417.415,418.32,417.21,418.05,49432
2026-05-18 10:10:00,417.94,419.13,417,418.98,39939
2026-05-18 10:11:00,418.83,419.13,417.89,418.09,37827
2026-05-18 10:12:00,418.21,419,417.44,418.0061,25472
2026-05-18 10:13:00,418.1,418.67,417.49,417.77,29514
2026-05-18 10:14:00,417.77,419,417.6001,418.78,19206
2026-05-18 10:15:00,418.67,419.62,418.67,419.53,21965
2026-05-18 10:16:00,419.53,420.26,419.0501,419.345,28984
2026-05-18 10:17:00,419.47,419.47,418.0409,418.07,22268
2026-05-18 10:18:00,418.16,418.75,417.28,417.28,42607
2026-05-18 10:19:00,417.27,418.3539,417.19,418.24,17856
2026-05-18 10:20:00,418.33,418.95,418.33,418.58,18139
2026-05-18 10:21:00,418.52,418.93,417.9,418.6925,35748
2026-05-18 10:22:00,418.88,419.1,418.495,418.7,42164
2026-05-18 10:23:00,418.775,419.14,418.52,418.84,37009
2026-05-18 10:24:00,418.865,419,418.3,418.45,37215
2026-05-18 10:25:00,418.45,418.77,417.98,418.15,23569
2026-05-18 10:26:00,418.09,418.9001,417.7001,417.965,26221
2026-05-18 10:27:00,417.8825,418.31,417.3,418.16,45050
2026-05-18 10:28:00,418.07,418.309,417.08,417.365,34808
2026-05-18 10:29:00,417.365,417.5,416.33,416.7853,49777
2026-05-18 10:30:00,416.6201,417.73,416.51,416.6,27493
2026-05-18 10:31:00,416.54,417.1465,416.44,417.1465,30135
2026-05-18 10:32:00,417.1,418.18,416.51,416.7,30543
2026-05-18 10:33:00,416.685,417.03,415.055,415.07,63430
2026-05-18 10:34:00,415.19,416.4054,415.05,416.17,58318
2026-05-18 10:35:00,416.18,416.65,415.23,416.48,129552
2026-05-18 10:36:00,416.37,417.31,416.09,416.68,68502
2026-05-18 10:37:00,416.59,418.68,416.53,418.68,60231
2026-05-18 10:38:00,418.55,419.93,418.4201,419.885,33785
2026-05-18 10:39:00,419.89,419.98,419.12,419.26,48223
2026-05-18 10:40:00,419.16,419.46,418.02,418.44,30485
2026-05-18 10:41:00,418.3,419.47,418.23,418.86,26142
2026-05-18 10:42:00,418.88,419.6,418.73,419.45,15391
2026-05-18 10:43:00,419.47,420.09,419.17,419.71,25753
2026-05-18 10:44:00,419.71,420.04,418.59,418.7,35986
2026-05-18 10:45:00,418.695,418.8,417.585,417.82,16673
2026-05-18 10:46:00,417.815,418.855,417.75,418.505,28485
2026-05-18 10:47:00,418.505,418.51,417.85,418.1,23693
2026-05-18 10:48:00,418.03,418.18,416.71,417.14,34679
2026-05-18 10:49:00,417.105,417.68,416.87,417,24707
2026-05-18 10:50:00,417.14,418.19,416.82,417.895,16369
2026-05-18 10:51:00,417.895,418.87,417.895,418.625,12935
2026-05-18 10:52:00,418.51,419.39,418.5,419.23,26084
2026-05-18 10:53:00,419.2399,419.55,418.7925,418.955,15180
2026-05-18 10:54:00,419.06,419.47,418.675,418.745,11560
2026-05-18 10:55:00,418.77,418.9,418.12,418.4081,11249
2026-05-18 10:56:00,418.32,418.83,418.1033,418.38,7144
2026-05-18 10:57:00,418.375,419.0625,418.28,419.055,11497
2026-05-18 10:58:00,419.06,419.345,418.63,419.04,20764
2026-05-18 10:59:00,419.04,419.75,418.76,419.51,14734
2026-05-18 11:00:00,419.63,420.5,419.46,420.4325,25012
2026-05-18 11:01:00,420.51,420.78,419.72,420.56,37383
2026-05-18 11:02:00,420.29,421.07,420.04,420.965,20419
2026-05-18 11:03:00,420.82,421.5928,420.17,420.38,22019
2026-05-18 11:04:00,420.25,421,420,420.74,17438
2026-05-18 11:05:00,420.74,420.86,420,420.06,19800
2026-05-18 11:06:00,420.22,420.92,419.93,419.93,19966
2026-05-18 11:07:00,420,420.33,419.3,419.845,28952
2026-05-18 11:08:00,419.78,419.99,419.5,419.81,10053
2026-05-18 11:09:00,419.8075,419.99,418.82,419.09,15877
2026-05-18 11:10:00,418.93,419.81,418.7,419.69,38356
2026-05-18 11:11:00,419.6,420.16,419.4601,419.66,37043
2026-05-18 11:12:00,419.65,420.0599,419.39,419.54,20487
2026-05-18 11:13:00,419.575,419.905,419.42,419.64,9605
2026-05-18 11:14:00,419.69,420.16,419.63,419.8,12267
2026-05-18 11:15:00,419.81,419.8788,419.0301,419.15,10726
2026-05-18 11:16:00,419.155,419.5,418.87,418.87,39782
2026-05-18 11:17:00,418.87,419.61,418.83,419.23,24965
2026-05-18 11:18:00,419.23,419.5,418.5701,418.8268,12147
2026-05-18 11:19:00,418.93,418.9699,417.97,418.2069,17738
2026-05-18 11:20:00,418.2,418.69,417.7,417.94,35174
2026-05-18 11:21:00,417.935,418.76,417.71,418.3027,14913
2026-05-18 11:22:00,418.22,418.68,418.02,418.365,14268
2026-05-18 11:23:00,418.35,418.645,417.98,418.26,17664
2026-05-18 11:24:00,418.2032,418.72,417.8901,418.7,25338
2026-05-18 11:25:00,418.62,419,418.25,418.9081,13292
2026-05-18 11:26:00,418.87,419.3,418.77,419.0511,26478
2026-05-18 11:27:00,419.1,419.31,418.8101,419.03,18972
2026-05-18 11:28:00,419.03,419.25,418.86,418.9725,8944
2026-05-18 11:29:00,418.9755,418.9755,417.89,418.11,13219
2026-05-18 11:30:00,417.985,418.52,417.52,417.97,23428
2026-05-18 11:31:00,417.895,418.749,417.81,418.2896,17785
2026-05-18 11:32:00,418.38,418.98,418.14,418.775,18399
2026-05-18 11:33:00,418.68,418.9299,418.62,418.79,8361
2026-05-18 11:34:00,418.79,418.92,418.35,418.77,15675
2026-05-18 11:35:00,418.99,419.22,418.49,418.945,17725
2026-05-18 11:36:00,418.9,419.1825,418.45,418.65,21564
2026-05-18 11:37:00,418.65,418.97,418.1,418.86,57086
2026-05-18 11:38:00,418.95,419.3,418.41,418.59,22289
2026-05-18 11:39:00,418.5975,418.83,417.86,417.92,14645
2026-05-18 11:40:00,417.86,418.27,417.53,418.27,14898
2026-05-18 11:41:00,418.2699,418.56,417.64,417.815,22232
2026-05-18 11:42:00,417.82,418.56,417.62,418.505,29886
2026-05-18 11:43:00,418.56,418.56,417.23,417.26,26649
2026-05-18 11:44:00,417.24,417.9474,417.18,417.39,18187
2026-05-18 11:45:00,417.45,417.73,417.0001,417.23,18043
2026-05-18 11:46:00,417.23,417.44,416.98,417.355,19317
2026-05-18 11:47:00,417.355,417.53,417.11,417.165,21301
2026-05-18 11:48:00,417.13,417.745,417.09,417.5051,31782
2026-05-18 11:49:00,417.75,418.19,417.64,417.64,7015
2026-05-18 11:50:00,417.49,417.8341,417.2201,417.74,12693
2026-05-18 11:51:00,417.735,417.87,416.76,416.88,12470
2026-05-18 11:52:00,416.97,417.33,416.85,417.195,7593
2026-05-18 11:53:00,417.205,418.09,417.205,417.81,16818
2026-05-18 11:54:00,417.9,418.37,417.895,418.145,20263
2026-05-18 11:55:00,418.06,418.58,417.88,418.58,12648
2026-05-18 11:56:00,418.56,418.7599,418.17,418.335,6315
2026-05-18 11:57:00,418.345,418.91,418.241,418.72,9916
2026-05-18 11:58:00,418.39,418.72,418.03,418.18,8437
2026-05-18 11:59:00,418.095,418.24,417.6801,417.89,10352
2026-05-18 12:00:00,417.92,418.175,417.66,417.82,9287
2026-05-18 12:01:00,417.82,417.94,417.5,417.745,17294
2026-05-18 12:02:00,417.81,418.0927,417.63,417.8,12315
2026-05-18 12:03:00,417.79,417.9,417.02,417.16,11413
2026-05-18 12:04:00,417.03,417.51,417.01,417.26,6406
2026-05-18 12:05:00,417.48,417.655,417.2701,417.46,5511
2026-05-18 12:06:00,417.57,417.93,417.23,417.56,8956
2026-05-18 12:07:00,417.625,418.03,417.5,417.785,9585
2026-05-18 12:08:00,417.82,417.82,417.42,417.645,5017
2026-05-18 12:09:00,417.56,418.28,417.5,418.01,7903
2026-05-18 12:10:00,417.91,418.63,417.91,418.62,11221
2026-05-18 12:11:00,418.55,419,418.36,418.63,9728
2026-05-18 12:12:00,418.545,418.81,418.41,418.455,8450
2026-05-18 12:13:00,418.51,418.84,418.24,418.71,8396
2026-05-18 12:14:00,418.71,419.2,418.67,419.165,5340
2026-05-18 12:15:00,419.175,419.5,419,419.25,11767
2026-05-18 12:16:00,419.21,419.4991,419,419.215,13588
2026-05-18 12:17:00,419.23,419.26,418.85,419.19,10134
2026-05-18 12:18:00,419.125,419.5,419.1,419.25,13640
2026-05-18 12:19:00,419.11,419.55,419.11,419.445,13168
2026-05-18 12:20:00,419.445,420.23,419.35,420.04,18219
2026-05-18 12:21:00,420,420.4,419.93,420,13181
2026-05-18 12:22:00,420,420.04,419.4,419.585,16463
2026-05-18 12:23:00,419.4,419.51,418.91,419.19,7346
2026-05-18 12:24:00,419.19,419.19,418.46,418.955,12108
2026-05-18 12:25:00,418.97,419.32,417.8,417.89,19157
2026-05-18 12:26:00,417.91,417.91,417,417.145,31117
2026-05-18 12:27:00,417.1,417.16,416.66,416.91,29393
2026-05-18 12:28:00,416.78,417.04,415.4001,415.52,39840
2026-05-18 12:29:00,415.41,416.115,415.4,415.75,24393
2026-05-18 12:30:00,415.7,415.795,415,415.56,92766
2026-05-18 12:31:00,415.56,416.46,415.37,416.345,17582
2026-05-18 12:32:00,416.325,417.07,416.11,417.06,15872
2026-05-18 12:33:00,417.2,417.8499,416.99,417.5765,14283
2026-05-18 12:34:00,417.645,417.705,416.75,416.76,53379
2026-05-18 12:35:00,416.86,417.5,416.52,417.27,19029
2026-05-18 12:36:00,417.24,417.67,417.08,417.54,12848
2026-05-18 12:37:00,417.67,417.95,417.53,417.64,11983
2026-05-18 12:38:00,417.64,418.2,417.64,417.7001,11472
2026-05-18 12:39:00,417.805,417.9099,417.37,417.44,6680
2026-05-18 12:40:00,417.61,417.61,417.16,417.52,7450
2026-05-18 12:41:00,417.5,417.855,417.47,417.615,8859
2026-05-18 12:42:00,417.68,418.045,417.67,417.92,25569
2026-05-18 12:43:00,417.92,418.13,417.58,418.07,14741
2026-05-18 12:44:00,418.2,418.46,418.05,418.29,8406
2026-05-18 12:45:00,418.29,418.65,418.29,418.39,10518
2026-05-18 12:46:00,418.41,418.565,418.01,418.1,22656
2026-05-18 12:47:00,418.1,418.11,417.72,417.93,12156
2026-05-18 12:48:00,417.93,418.26,417.4,417.6901,11102
2026-05-18 12:49:00,417.775,417.9999,417.65,417.8353,8359
2026-05-18 12:50:00,417.83,418.49,417.56,418.29,11798
2026-05-18 12:51:00,418.48,419.09,418.39,418.885,13301
2026-05-18 12:52:00,418.96,419.3,418.895,419.27,15389
2026-05-18 12:53:00,419.2,419.67,418.975,419.59,16839
2026-05-18 12:54:00,419.595,420.2,419.43,420.2,25162
2026-05-18 12:55:00,420.21,420.975,420.195,420.91,48135
2026-05-18 12:56:00,420.91,421,420.345,420.475,25707
2026-05-18 12:57:00,420.53,420.63,419.96,420,27525
2026-05-18 12:58:00,420.07,420.12,419.7101,419.985,12079
2026-05-18 12:59:00,419.96,419.98,419.2501,419.73,11468
2026-05-18 13:00:00,419.63,419.73,418.8,419.05,12159
2026-05-18 13:01:00,419.04,419.5,418.8,419.38,10605
2026-05-18 13:02:00,419.35,419.69,419.05,419.28,5375
2026-05-18 13:03:00,419.3699,419.9899,419.33,419.82,9498
2026-05-18 13:04:00,419.82,419.98,419.37,419.6115,9782
2026-05-18 13:05:00,419.625,419.76,419.4424,419.645,4539
2026-05-18 13:06:00,419.63,419.9199,419.5501,419.73,6520
2026-05-18 13:07:00,419.74,419.7508,419.4,419.7,5770
2026-05-18 13:08:00,419.77,419.98,419.3799,419.505,11282
2026-05-18 13:09:00,419.505,419.63,419.3,419.48,7320
2026-05-18 13:10:00,419.475,419.78,419.445,419.76,15082
2026-05-18 13:11:00,419.76,419.9,419.43,419.625,5540
2026-05-18 13:12:00,419.625,419.6604,419.13,419.25,3409
2026-05-18 13:13:00,419.13,419.44,419.03,419.38,5933
2026-05-18 13:14:00,419.42,419.47,418.95,419.025,4186
2026-05-18 13:15:00,419.1,419.19,418.87,418.96,6543
2026-05-18 13:16:00,418.96,419.59,418.9455,419.184,9876
2026-05-18 13:17:00,419.03,419.39,418.85,418.85,5082
2026-05-18 13:18:00,418.955,419.235,418.85,419.235,5047
2026-05-18 13:19:00,419.21,419.2799,418.66,418.985,5880
2026-05-18 13:20:00,418.985,419.08,418.61,418.715,3176
2026-05-18 13:21:00,418.65,419.13,418.56,418.77,15625
2026-05-18 13:22:00,418.88,419.02,418.36,419,17739
2026-05-18 13:23:00,418.93,419.04,418.5,418.73,16586
2026-05-18 13:24:00,418.73,418.73,418.26,418.575,13637
2026-05-18 13:25:00,418.575,418.755,418.26,418.49,8636
2026-05-18 13:26:00,418.4,418.715,418.2,418.53,9592
2026-05-18 13:27:00,418.625,418.99,418.51,418.52,8053
2026-05-18 13:28:00,418.53,419.11,418.53,419.01,14984
2026-05-18 13:29:00,419.12,419.56,418.9001,419.405,8569
2026-05-18 13:30:00,419.39,419.65,419.25,419.58,7591
2026-05-18 13:31:00,419.545,419.6,419.25,419.3,5253
2026-05-18 13:32:00,419.4,419.73,419.2,419.26,8332
2026-05-18 13:33:00,419.26,419.495,418.72,418.95,7080
2026-05-18 13:34:00,419.015,419.21,418.965,419.17,7531
2026-05-18 13:35:00,419.13,419.13,418.79,418.95,9215
2026-05-18 13:36:00,418.95,419.05,418.75,418.945,8383
2026-05-18 13:37:00,418.8709,418.99,418.7,418.83,5461
2026-05-18 13:38:00,418.651,419.01,418.64,418.83,18247
2026-05-18 13:39:00,418.845,418.94,418.77,418.83,11859
2026-05-18 13:40:00,418.91,419.2,418.85,419.185,9215
2026-05-18 13:41:00,419.185,419.35,418.89,418.89,11122
2026-05-18 13:42:00,418.95,419.18,418.95,419.01,4736
2026-05-18 13:43:00,419.01,419.73,418.95,419.73,11458
2026-05-18 13:44:00,419.705,419.95,419.345,419.61,8984
2026-05-18 13:45:00,419.55,419.67,419.31,419.63,8179
2026-05-18 13:46:00,419.58,419.58,418.87,418.925,8232
2026-05-18 13:47:00,418.925,419.03,418.63,418.94,7507
2026-05-18 13:48:00,418.83,419.0499,418.735,418.835,5512
2026-05-18 13:49:00,418.835,418.845,418.5,418.565,11759
2026-05-18 13:50:00,418.5,418.94,418.33,418.94,13622
2026-05-18 13:51:00,418.83,419.19,418.74,419.19,10765
2026-05-18 13:52:00,419.12,419.4,419,419.21,6323
2026-05-18 13:53:00,419.27,419.28,418.73,418.985,9017
2026-05-18 13:54:00,418.995,419.36,418.9,419.325,6686
2026-05-18 13:55:00,419.325,419.51,419.04,419.49,13369
2026-05-18 13:56:00,419.43,419.55,419.23,419.29,9003
2026-05-18 13:57:00,419.29,419.46,419.065,419.14,10347
2026-05-18 13:58:00,419.14,419.37,418.9825,419.35,7251
2026-05-18 13:59:00,419.35,419.7,419.3,419.55,8197
2026-05-18 14:00:00,419.64,419.7,419.3,419.39,13372
2026-05-18 14:01:00,419.45,419.52,419.09,419.25,7746
2026-05-18 14:02:00,419.2,419.2,418.83,418.91,10961
2026-05-18 14:03:00,418.97,419.09,418.74,418.85,6442
2026-05-18 14:04:00,418.75,418.91,418.67,418.675,7954
2026-05-18 14:05:00,418.675,419.035,418.675,419.035,11511
2026-05-18 14:06:00,419.035,419.035,418.47,418.545,13627
2026-05-18 14:07:00,418.6,418.73,418.48,418.67,8586
2026-05-18 14:08:00,418.73,418.795,418.285,418.52,26946
2026-05-18 14:09:00,418.52,418.7399,418.34,418.46,16836
2026-05-18 14:10:00,418.47,418.54,418.01,418.42,13005
2026-05-18 14:11:00,418.38,418.56,418.24,418.41,7533
2026-05-18 14:12:00,418.52,418.6,418.195,418.195,8287
2026-05-18 14:13:00,418.22,418.3,418.16,418.2501,8704
2026-05-18 14:14:00,418.26,418.31,417.92,418.04,11527
2026-05-18 14:15:00,418.01,418.13,417.51,417.96,13943
2026-05-18 14:16:00,417.9264,418.13,417.41,417.58,6335
2026-05-18 14:17:00,417.605,417.61,417.3,417.35,11146
2026-05-18 14:18:00,417.36,417.36,416.81,416.81,11968
2026-05-18 14:19:00,416.84,417.03,416.59,416.91,26712
2026-05-18 14:20:00,416.98,417.19,416.62,416.75,12640
2026-05-18 14:21:00,416.63,417.12,416.59,416.78,13149
2026-05-18 14:22:00,416.875,417.2,416.71,416.77,13369
2026-05-18 14:23:00,416.78,416.96,416.55,416.635,15349
2026-05-18 14:24:00,416.635,417.1799,416.5,416.9,14461
2026-05-18 14:25:00,416.955,417.04,416.49,416.54,13317
2026-05-18 14:26:00,416.565,416.67,416.16,416.49,17313
2026-05-18 14:27:00,416.505,416.61,415.88,416.5,28975
2026-05-18 14:28:00,416.58,417.38,416.46,417.32,18155
2026-05-18 14:29:00,417.45,417.75,417.25,417.53,9039
2026-05-18 14:30:00,417.55,418.15,417.22,418.13,27333
2026-05-18 14:31:00,418.17,418.4115,417.97,418.16,14050
2026-05-18 14:32:00,418.16,418.7,418.155,418.565,23317
2026-05-18 14:33:00,418.56,418.67,418.3,418.31,12303
2026-05-18 14:34:00,418.29,418.53,418.14,418.4,14961
2026-05-18 14:35:00,418.48,418.74,418.39,418.595,11930
2026-05-18 14:36:00,418.59,418.85,418.45,418.52,10783
2026-05-18 14:37:00,418.5699,418.5699,417.925,418.04,11505
2026-05-18 14:38:00,417.9901,418.1,417.6,417.92,12163
2026-05-18 14:39:00,417.915,418.06,417.62,417.62,4761
2026-05-18 14:40:00,417.67,417.82,417.445,417.77,7438
2026-05-18 14:41:00,417.77,417.89,417.01,417.04,15077
2026-05-18 14:42:00,417.17,417.68,417.155,417.5,14099
2026-05-18 14:43:00,417.565,417.69,417.32,417.68,12854
2026-05-18 14:44:00,417.68,417.74,417.21,417.25,16462
2026-05-18 14:45:00,417.34,417.58,417,417.2551,13622
2026-05-18 14:46:00,417.35,417.545,417.03,417.24,11521
2026-05-18 14:47:00,417.19,417.21,416.685,416.75,8314
2026-05-18 14:48:00,416.7051,416.7051,415.85,415.97,12159
2026-05-18 14:49:00,415.95,415.95,415.35,415.4614,20093
2026-05-18 14:50:00,415.48,415.82,415.13,415.48,22201
2026-05-18 14:51:00,415.375,415.575,415.11,415.285,16410
2026-05-18 14:52:00,415.14,415.2599,414.6,415.02,28432
2026-05-18 14:53:00,415,415.223,414.905,414.99,21066
2026-05-18 14:54:00,415.07,415.07,414.37,414.895,27213
2026-05-18 14:55:00,414.92,415.41,414.5001,415.15,55560
2026-05-18 14:56:00,415.16,415.98,415.14,415.855,17489
2026-05-18 14:57:00,415.855,416.4,415.67,416.14,14508
2026-05-18 14:58:00,416.16,416.28,415.66,415.875,14321
2026-05-18 14:59:00,415.875,416.24,415.81,415.88,22749
2026-05-18 15:00:00,415.945,416.85,415.82,416.85,14076
2026-05-18 15:01:00,416.885,420.33,416.885,419.985,49560
2026-05-18 15:02:00,420.11,420.8,418.76,419.67,29485
2026-05-18 15:03:00,419.77,420.2867,418.855,418.855,30225
2026-05-18 15:04:00,418.86,419.42,418.52,418.605,12441
2026-05-18 15:05:00,418.61,419.25,418.39,418.91,10738
2026-05-18 15:06:00,418.7846,419.01,416.6,416.74,29914
2026-05-18 15:07:00,416.61,416.9,415.94,416.73,19767
2026-05-18 15:08:00,416.83,417.21,416.585,416.95,11135
2026-05-18 15:09:00,416.9,418.08,416.88,417.93,17884
2026-05-18 15:10:00,418.07,418.63,417.98,418.045,14323
2026-05-18 15:11:00,418.045,419,418.045,418.645,14837
2026-05-18 15:12:00,418.645,418.74,418.03,418.705,15797
2026-05-18 15:13:00,418.58,419.05,418.51,418.625,32796
2026-05-18 15:14:00,418.625,419.04,418.51,418.76,22159
2026-05-18 15:15:00,418.69,418.94,418.34,418.565,19381
2026-05-18 15:16:00,418.565,419.06,418.1,418.1784,21246
2026-05-18 15:17:00,418.31,418.31,417.98,418.2,24412
2026-05-18 15:18:00,418.11,418.4,417.9,418.31,22874
2026-05-18 15:19:00,418.385,418.44,417.955,418.23,21022
2026-05-18 15:20:00,418.27,418.6,418.19,418.465,13039
2026-05-18 15:21:00,418.35,418.67,417.8562,417.93,17919
2026-05-18 15:22:00,417.945,418.16,417.69,417.69,19595
2026-05-18 15:23:00,417.6,418.34,417.49,418.32,15800
2026-05-18 15:24:00,418.18,418.255,417.5101,417.715,21424
2026-05-18 15:25:00,417.715,417.865,417.21,417.465,32988
2026-05-18 15:26:00,417.465,417.57,417.3101,417.405,21218
2026-05-18 15:27:00,417.405,417.77,417.31,417.38,18424
2026-05-18 15:28:00,417.39,417.55,417,417.19,21091
2026-05-18 15:29:00,417.03,417.48,417.03,417.26,17170
2026-05-18 15:30:00,417.32,417.79,417.15,417.615,17276
2026-05-18 15:31:00,417.615,418.29,417.52,418.28,19620
2026-05-18 15:32:00,418.225,418.5,418.07,418.42,14055
2026-05-18 15:33:00,418.42,418.42,417.87,417.99,21879
2026-05-18 15:34:00,417.99,418.07,417.4001,417.515,20118
2026-05-18 15:35:00,417.57,418.2002,417.24,418.1175,21237
2026-05-18 15:36:00,418.25,418.55,418.138,418.53,20464
2026-05-18 15:37:00,418.58,418.7,418.1501,418.44,21342
2026-05-18 15:38:00,418.44,418.87,418.13,418.645,15133
2026-05-18 15:39:00,418.5301,419.2,418.5301,419.09,16588
2026-05-18 15:40:00,419.16,419.78,419.08,419.33,23582
2026-05-18 15:41:00,419.38,419.95,419.38,419.61,17378
2026-05-18 15:42:00,419.69,420.1,419.61,419.6401,30798
2026-05-18 15:43:00,419.79,420.26,419.79,420.03,22833
2026-05-18 15:44:00,420.12,420.48,420.04,420.29,17678
2026-05-18 15:45:00,420.23,420.66,420.15,420.56,19268
2026-05-18 15:46:00,420.56,420.71,420.345,420.35,18248
2026-05-18 15:47:00,420.41,420.54,420.1001,420.49,18622
2026-05-18 15:48:00,420.41,420.89,420.271,420.87,27230
2026-05-18 15:49:00,420.83,421.25,420.83,421.25,30095
2026-05-18 15:50:00,421.24,421.59,420.67,421.1,29926
2026-05-18 15:51:00,421.06,421.21,420.9,420.91,30328
2026-05-18 15:52:00,420.96,421.28,420.93,421.09,25427
2026-05-18 15:53:00,421.12,421.55,421.06,421.06,28397
2026-05-18 15:54:00,421.05,422,420.62,421.46,34812
2026-05-18 15:55:00,421.31,421.46,420.74,421.05,59467
2026-05-18 15:56:00,420.99,421.3,420.55,420.61,47800
2026-05-18 15:57:00,420.61,420.83,420.29,420.3927,56838
2026-05-18 15:58:00,420.39,420.65,420.257,420.605,78030
2026-05-18 15:59:00,420.55,420.82,420.28,420.48,280683
2026-05-18 16:00:00,420.86,420.86,419.95,420.49,2395016
2026-05-18 16:01:00,420.6,420.6,418.601,420.3,5817
2026-05-18 16:02:00,420.12,420.45,420.12,420.3,1344
2026-05-18 16:03:00,420.15,420.15,419.81,419.81,647
2026-05-18 16:04:00,419.7,419.7,419.61,419.61,734
2026-05-18 16:05:00,419.62,419.63,419.61,419.61,260
2026-05-18 16:06:00,419.7,419.7,419.7,419.7,50
2026-05-18 16:07:00,419.8546,419.8546,419.5,419.51,364
2026-05-18 16:08:00,419.54,419.54,419.5,419.5,104
2026-05-18 16:09:00,420.71,420.71,419.6,419.6,1897
2026-05-18 16:10:00,419.9995,419.9995,418.93,419.06,269
2026-05-18 16:11:00,419.37,419.37,419.0538,419.1,581
2026-05-18 16:12:00,419.42,419.42,419.42,419.42,41
2026-05-18 16:13:00,419.3,419.3,419.3,419.3,187
2026-05-18 16:14:00,419.85,419.85,419.4136,419.85,190
2026-05-18 16:16:00,419.91,419.91,419.91,419.91,50
2026-05-18 16:17:00,419.95,420.23,419.95,420,401
2026-05-18 16:18:00,420.01,420.01,420.01,420.01,73
2026-05-18 16:19:00,420.04,420.09,420,420.09,983
2026-05-18 16:20:00,420.71,420.71,419.99,419.99,760
2026-05-18 16:21:00,420.14,420.14,420.01,420.14,1303
2026-05-18 16:22:00,420.14,420.14,420.14,420.14,250
2026-05-18 16:23:00,419.85,419.85,419.85,419.85,70
2026-05-18 16:27:00,420.01,420.45,419.917,420.45,933
2026-05-18 16:28:00,419.917,420.09,419.87,419.87,367
2026-05-18 16:30:00,420.0193,420.0193,420.0193,420.0193,95
2026-05-18 16:31:00,420.3714,420.4,420.3714,420.4,200
2026-05-18 16:32:00,420.11,420.11,420.11,420.11,80
2026-05-18 16:33:00,420.11,420.1415,420,420,410
2026-05-18 16:35:00,420.1,420.17,420.1,420.17,160
2026-05-18 16:37:00,420.4,420.4,420.4,420.4,40
2026-05-18 16:38:00,420.1,420.16,420.1,420.16,323
2026-05-18 16:40:00,420.45,420.45,420.45,420.45,50
2026-05-18 16:45:00,420.2,420.26,420.2,420.26,139
2026-05-18 16:46:00,420.26,420.26,420.26,420.26,50
2026-05-18 16:47:00,420.32,420.32,420.32,420.32,40
2026-05-18 16:48:00,420.28,420.28,420.28,420.28,80
2026-05-18 16:50:00,420.21,420.21,420,420,1050
2026-05-18 16:56:00,420.039,420.039,420.039,420.039,70
2026-05-18 16:57:00,420.039,420.039,420.039,420.039,300
2026-05-18 16:58:00,420,420,420,420,376
2026-05-18 17:00:00,420,420,420,420,50
2026-05-18 17:01:00,420,420,420,420,100
2026-05-18 17:02:00,420,420,420,420,60
2026-05-18 17:09:00,420.01,420.01,420.01,420.01,100
2026-05-18 17:12:00,420,420,420,420,60
2026-05-18 17:14:00,420,420,419.92,419.92,812
2026-05-18 17:16:00,419.7477,419.7477,419.7477,419.7477,50
2026-05-18 17:17:00,419.8,419.8,419.8,419.8,60
2026-05-18 17:18:00,419.71,419.79,419.67,419.79,426
2026-05-18 17:19:00,419.55,419.55,419.55,419.55,50
2026-05-18 17:20:00,419.79,419.79,419.79,419.79,300
2026-05-18 17:22:00,420,420,420,420,50
2026-05-18 17:24:00,420,420,420,420,300
2026-05-18 17:25:00,420.09,420.09,420.09,420.09,246
2026-05-18 17:26:00,419.9011,419.9011,419.9011,419.9011,100
2026-05-18 17:29:00,420.09,420.09,419.9006,419.9006,564
2026-05-18 17:30:00,420.09,420.09,419.9,419.9,155
2026-05-18 17:35:00,420.0499,420.0499,420.0499,420.0499,62
2026-05-18 17:37:00,420.0899,420.0899,420.0899,420.0899,100
2026-05-18 17:39:00,420.0209,420.0209,420.0209,420.0209,50
2026-05-18 17:40:00,420.03,420.03,420.03,420.03,50
2026-05-18 17:41:00,420.01,420.1,420,420.1,594
2026-05-18 17:43:00,420.06,420.06,420.06,420.06,75
2026-05-18 17:45:00,420.01,420.15,420.01,420.15,147
2026-05-18 17:46:00,420.039,420.039,420.039,420.039,50
2026-05-18 17:47:00,420.15,420.15,420.15,420.15,92
2026-05-18 17:52:00,420.17,420.17,420.17,420.17,50
2026-05-18 17:53:00,420.0325,420.0325,420.0325,420.0325,270
2026-05-18 17:54:00,420.19,420.19,420.0071,420.0071,580
2026-05-18 17:57:00,420.03,420.03,420.02,420.02,500
2026-05-18 17:59:00,420.1,420.25,420.1,420.25,600
2026-05-18 18:00:00,420.25,420.45,420.15,420.45,2649
2026-05-18 18:01:00,420.2,420.2,420.2,420.2,65
2026-05-18 18:02:00,420.21,420.43,420.2,420.43,344
2026-05-18 18:03:00,420.1,420.1,420.1,420.1,85
2026-05-18 18:05:00,420.57,420.71,420.57,420.71,195
2026-05-18 18:06:00,420.88,420.97,420.88,420.97,295
2026-05-18 18:07:00,420.956,420.956,420.956,420.956,500
2026-05-18 18:08:00,420.96,420.96,420.6046,420.6046,250
2026-05-18 18:09:00,420.72,420.72,420.589,420.589,345
2026-05-18 18:11:00,420.55,420.62,420.55,420.62,94
2026-05-18 18:12:00,420.56,420.56,420.56,420.56,550
2026-05-18 18:13:00,420.54,420.6509,420.33,420.6509,270
2026-05-18 18:14:00,420.21,420.7,420.21,420.7,108
2026-05-18 18:17:00,420.7,420.7,420.7,420.7,100
2026-05-18 18:20:00,420.1319,420.1319,420.1319,420.1319,50
2026-05-18 18:21:00,420.67,420.68,420.67,420.67,344
2026-05-18 18:22:00,420.67,420.67,420.67,420.67,40
2026-05-18 18:25:00,420.1319,420.1319,420.1319,420.1319,100
2026-05-18 18:26:00,420.32,420.32,420.32,420.32,45
2026-05-18 18:27:00,420.23,420.23,420.23,420.23,65
2026-05-18 18:28:00,420.46,420.47,420.336,420.336,600
2026-05-18 18:29:00,420.3198,420.3198,420.3198,420.3198,49
2026-05-18 18:30:00,420.41,420.41,420.1677,420.1677,330
2026-05-18 18:31:00,420.1623,420.49,420.1623,420.4,4041
2026-05-18 18:32:00,420.61,420.68,420.6,420.68,542
2026-05-18 18:33:00,420.68,420.75,420.68,420.75,688
2026-05-18 18:34:00,420.63,420.63,420.63,420.63,50
2026-05-18 18:35:00,420.5,420.6,420.5,420.6,84
2026-05-18 18:38:00,420.41,420.6436,420.41,420.6436,150
2026-05-18 18:42:00,420.41,420.41,420.4,420.4,177
2026-05-18 18:43:00,420.58,420.58,420.4,420.4,820
2026-05-18 18:44:00,420.4,420.4,420.4,420.4,80
2026-05-18 18:45:00,420.39,420.39,420.39,420.39,80
2026-05-18 18:46:00,420.39,420.39,420.39,420.39,54
2026-05-18 18:47:00,420.3999,420.3999,420.3999,420.3999,59
2026-05-18 18:48:00,420.25,420.25,420.25,420.25,64
2026-05-18 18:49:00,420.3,420.3,420.3,420.3,195
2026-05-18 18:54:00,420.54,420.54,420.54,420.54,196
2026-05-18 18:55:00,420.58,420.58,420.58,420.58,80
2026-05-18 18:56:00,420.2243,420.2243,420.2243,420.2243,100
2026-05-18 18:58:00,420.58,420.58,420.58,420.58,74
2026-05-18 19:00:00,420.59,420.5908,420.59,420.5908,247
2026-05-18 19:01:00,420.67,420.68,420.39,420.68,1931
2026-05-18 19:04:00,420.5,420.5,420.5,420.5,97
2026-05-18 19:05:00,420.5,420.5,420.22,420.22,154
2026-05-18 19:07:00,420.4,420.4,420.4,420.4,47
2026-05-18 19:08:00,420.3,420.34,420.28,420.34,548
2026-05-18 19:13:00,420.2276,420.2276,420.2276,420.2276,40
2026-05-18 19:14:00,420.6124,420.6124,420.6124,420.6124,50
2026-05-18 19:15:00,420.23,420.23,420.16,420.16,1423
2026-05-18 19:20:00,420.15,420.29,420,420.29,1321
2026-05-18 19:21:00,420.27,420.29,420.27,420.29,100
2026-05-18 19:22:00,420.06,420.25,420,420.25,1632
2026-05-18 19:25:00,420.0001,420.0001,420.0001,420.0001,50
2026-05-18 19:26:00,420.15,420.15,420.15,420.15,100
2026-05-18 19:27:00,420.17,420.17,420.17,420.17,69
2026-05-18 19:30:00,420.1601,420.2,420.1601,420.2,665
2026-05-18 19:31:00,420.295,420.295,420.295,420.295,75
2026-05-18 19:35:00,420.25,420.25,420.25,420.25,140
2026-05-18 19:37:00,420.25,420.25,420.25,420.25,100
2026-05-18 19:38:00,420.11,420.11,420.11,420.11,100
2026-05-18 19:39:00,420.11,420.11,420.01,420.11,461
2026-05-18 19:40:00,420.11,420.11,420.11,420.11,116
2026-05-18 19:41:00,420.11,420.11,420.11,420.11,438
2026-05-18 19:42:00,420.3,420.3,420.3,420.3,116
2026-05-18 19:44:00,420.27,420.29,420.27,420.29,500
2026-05-18 19:46:00,420.28,420.28,420.07,420.07,118
2026-05-18 19:48:00,420.0412,420.0412,420.0412,420.0412,145
2026-05-18 19:50:00,420.22,420.22,420.22,420.22,200
2026-05-18 19:51:00,420.01,420.01,420.01,420.01,80
2026-05-18 19:52:00,420,420,420,420,74
2026-05-18 19:55:00,419.9,420.3,419.9,420.3,155
2026-05-18 19:58:00,419.79,419.9,419.79,419.89,663
2026-05-18 19:59:00,419.79,419.79,419.56,419.56,341
2026-05-19 04:00:00,420,420.1,415.5,419.99,11282
2026-05-19 04:01:00,419.99,420,415.48,418,1238
2026-05-19 04:02:00,419.72,419.72,418.79,418.79,634
2026-05-19 04:03:00,419.05,419.05,419.05,419.05,70
2026-05-19 04:04:00,418.99,418.99,418.99,418.99,43
2026-05-19 04:06:00,419.39,419.39,418.1,418.14,1125
2026-05-19 04:07:00,417.43,417.43,416.24,416.24,81
2026-05-19 04:08:00,416.26,417.45,416.26,417.45,91
2026-05-19 04:10:00,418.2,418.2,418.2,418.2,80
2026-05-19 04:11:00,418.01,418.01,418.01,418.01,50
2026-05-19 04:13:00,418,418,418,418,80
2026-05-19 04:15:00,418.6,418.6,418.6,418.6,150
2026-05-19 04:18:00,418.77,418.77,418.77,418.77,48
2026-05-19 04:20:00,418.03,418.56,418.03,418.56,90
2026-05-19 04:21:00,418.48,419.23,418.48,419.23,196
2026-05-19 04:24:00,418.54,418.54,418.54,418.54,60
2026-05-19 04:25:00,417.6,418.1,417.6,418.1,140
2026-05-19 04:26:00,417.64,417.64,417.51,417.51,152
2026-05-19 04:27:00,418,418,418,418,94
2026-05-19 04:28:00,417.76,417.76,417.76,417.76,54
2026-05-19 04:29:00,418.22,418.23,418.22,418.23,148
2026-05-19 04:31:00,417.98,417.98,417.98,417.98,80
2026-05-19 04:32:00,417.98,417.98,417.76,417.97,120
2026-05-19 04:33:00,417.98,418,417.98,418,131
2026-05-19 04:34:00,417.72,418.25,417.72,417.91,643
2026-05-19 04:35:00,418.11,418.11,418.11,418.11,50
2026-05-19 04:36:00,418.12,418.12,418.12,418.12,80
2026-05-19 04:37:00,418.08,418.08,418.08,418.08,40
2026-05-19 04:38:00,417.98,417.98,417.89,417.98,120
2026-05-19 04:39:00,417.98,418.02,417.98,418.02,144
2026-05-19 04:42:00,418,418,418,418,60
2026-05-19 04:46:00,417.92,417.92,417.9,417.9,178
2026-05-19 04:47:00,418.16,418.47,418.16,418.33,188
2026-05-19 04:53:00,417.93,418.2,417.93,418.2,450
2026-05-19 04:54:00,418.35,418.35,418.35,418.35,50
2026-05-19 05:00:00,417.9,417.9,417.9,417.9,913
2026-05-19 05:03:00,417.5,417.5,417.5,417.5,100
2026-05-19 05:04:00,418.55,418.55,418.55,418.55,110
2026-05-19 05:13:00,417.62,417.62,417.5,417.5,280
2026-05-19 05:17:00,417,417.13,417,417.13,144
2026-05-19 05:22:00,416.27,416.27,416.27,416.27,61
2026-05-19 05:24:00,416.88,416.88,416.88,416.88,96
2026-05-19 05:26:00,416.6,416.6,416.59,416.59,85
2026-05-19 05:28:00,416.38,416.38,416.34,416.34,176
2026-05-19 05:30:00,415.75,416.1,415.75,416.1,210
2026-05-19 05:31:00,415.8089,415.8089,415.7,415.7,279
2026-05-19 05:33:00,415,415.2,415,415,860
2026-05-19 05:34:00,415.94,415.94,415.94,415.94,44
2026-05-19 05:35:00,415.025,415.94,415,415.94,147
2026-05-19 05:36:00,415.94,415.94,415.94,415.94,49
2026-05-19 05:37:00,415,415.5,415,415.5,210
2026-05-19 05:38:00,415.78,415.78,415.6,415.6,140
2026-05-19 05:39:00,415.95,415.95,415.5,415.5,253
2026-05-19 05:40:00,415.5,415.5,415.2,415.2,573
2026-05-19 05:41:00,415.25,415.61,415.25,415.61,91
2026-05-19 05:43:00,415,415,414.43,414.91,288
2026-05-19 05:44:00,414.93,414.93,414.93,414.93,40
2026-05-19 05:45:00,415.02,415.02,415.02,415.02,52
2026-05-19 05:48:00,415.06,415.2,415.06,415.2,319
2026-05-19 05:50:00,414.98,414.98,414.96,414.96,228
2026-05-19 05:51:00,414.96,414.97,414.96,414.97,150
2026-05-19 05:52:00,414.97,414.97,414.78,414.78,538
2026-05-19 05:53:00,414.95,414.96,414.95,414.96,170
2026-05-19 05:54:00,415.13,415.13,415.13,415.13,74
2026-05-19 05:55:00,415.19,415.25,415.19,415.25,331
2026-05-19 05:56:00,415.3,415.3,415.3,415.3,48
2026-05-19 05:57:00,415.28,415.94,415.28,415.55,612
2026-05-19 05:58:00,415.59,415.99,415.59,415.99,282
2026-05-19 05:59:00,415.85,416,415.85,415.97,468
2026-05-19 06:02:00,415.78,416.04,415.78,416.04,92
2026-05-19 06:03:00,415.76,416.61,415.45,415.45,253
2026-05-19 06:04:00,415.33,415.33,415.33,415.33,50
2026-05-19 06:08:00,415.53,415.53,415.48,415.48,128
2026-05-19 06:09:00,415.48,415.55,415.48,415.55,233
2026-05-19 06:10:00,415.38,415.38,415.38,415.38,60
2026-05-19 06:11:00,415.35,415.37,415.35,415.37,170
2026-05-19 06:12:00,416.09,416.09,415.15,415.25,268
2026-05-19 06:14:00,415.49,415.5,415.32,415.32,290
2026-05-19 06:15:00,415.48,415.5,415.48,415.5,228
2026-05-19 06:16:00,415.44,415.44,415.44,415.44,41
2026-05-19 06:18:00,415.5,415.5,415.5,415.5,50
2026-05-19 06:20:00,415.46,415.46,415.35,415.36,324
2026-05-19 06:21:00,415.35,415.35,415.25,415.25,533
2026-05-19 06:23:00,415.6,415.6,415.6,415.6,48
2026-05-19 06:26:00,415.61,415.61,415.61,415.61,47
2026-05-19 06:27:00,415.61,415.61,415.6,415.6,301
2026-05-19 06:29:00,415.5,415.5,415.5,415.5,259
2026-05-19 06:32:00,415.51,415.72,415.51,415.72,96
2026-05-19 06:33:00,415.62,415.62,415.62,415.62,48
2026-05-19 06:34:00,415.98,416.32,415.98,416.32,366
2026-05-19 06:36:00,415.3,415.3,415.3,415.3,85
2026-05-19 06:38:00,415.31,415.31,415,415,523
2026-05-19 06:43:00,414.73,414.73,414.6,414.6,220
2026-05-19 06:44:00,414.73,414.73,414.73,414.73,43
2026-05-19 06:46:00,414.5,414.5,414.5,414.5,40
2026-05-19 06:47:00,414.59,414.59,414.59,414.59,44
2026-05-19 06:48:00,415.34,415.34,415.34,415.34,48
2026-05-19 06:50:00,414.94,414.94,414.94,414.94,100
2026-05-19 06:51:00,414.73,414.73,414.73,414.73,103
2026-05-19 06:53:00,415.28,415.28,415.1,415.1,128
2026-05-19 06:55:00,416.01,416.1,415.73,416.1,887
2026-05-19 06:58:00,415.88,416.11,415.88,416.1,958
2026-05-19 07:00:00,415.96,416.2395,415.591,416.2395,1474
2026-05-19 07:01:00,416.25,416.25,416.1,416.1,176
2026-05-19 07:02:00,416.3342,416.35,416.29,416.35,908
2026-05-19 07:03:00,416.5,416.9312,416.25,416.25,427
2026-05-19 07:04:00,416.69,416.69,416.69,416.69,59
2026-05-19 07:05:00,416.45,416.46,416.45,416.46,167
2026-05-19 07:06:00,415.9,416.7,415.75,415.75,191
2026-05-19 07:07:00,416,416,415.75,416,496
2026-05-19 07:08:00,416.186,416.186,416,416,300
2026-05-19 07:09:00,415.56,415.56,415.554,415.554,100
2026-05-19 07:10:00,415.5,415.5,415.25,415.26,500
2026-05-19 07:11:00,415.29,415.29,415.28,415.28,175
2026-05-19 07:13:00,415.27,415.33,415.05,415.2,2615
2026-05-19 07:14:00,415.01,415.35,415.01,415.35,240
2026-05-19 07:15:00,416,416,416,416,100
2026-05-19 07:16:00,415.3,415.3,415.1815,415.1815,125
2026-05-19 07:17:00,415.33,415.33,415.33,415.33,48
2026-05-19 07:18:00,415.49,415.49,415.49,415.49,40
2026-05-19 07:20:00,415.4765,415.4948,415.01,415.01,591
2026-05-19 07:21:00,415.5,415.5,415.01,415.14,719
2026-05-19 07:22:00,415.01,415.5,415.01,415.5,1719
2026-05-19 07:23:00,415.01,415.01,415.01,415.01,78
2026-05-19 07:24:00,415.31,415.4636,415.2,415.4636,350
2026-05-19 07:25:00,415.37,415.37,415.1815,415.1815,106
2026-05-19 07:26:00,415.01,415.5,415.01,415.01,614
2026-05-19 07:27:00,415.5,415.5,415.12,415.13,318
2026-05-19 07:28:00,415.01,415.01,415.01,415.01,150
2026-05-19 07:29:00,415.1,415.12,415.1,415.12,208
2026-05-19 07:30:00,415.2,415.38,415.2,415.38,98
2026-05-19 07:33:00,415.35,415.49,415.22,415.49,437
2026-05-19 07:34:00,415.22,415.22,415.22,415.22,50
2026-05-19 07:35:00,415.1495,415.1495,415.1495,415.1495,100
2026-05-19 07:36:00,415.02,415.02,415.0101,415.0101,380
2026-05-19 07:38:00,415.2787,415.2787,415.08,415.2714,166
2026-05-19 07:39:00,415.08,415.08,415,415,397
2026-05-19 07:40:00,415.13,415.13,414.95,415,4544
2026-05-19 07:41:00,414.91,414.91,414.9,414.9,180
2026-05-19 07:42:00,414.73,414.73,414.73,414.73,60
2026-05-19 07:43:00,414.84,414.84,414.75,414.82,203
2026-05-19 07:44:00,414.95,414.98,414.91,414.91,712
2026-05-19 07:45:00,414.95,414.95,414.8,414.88,293
2026-05-19 07:46:00,414.88,414.9999,414.73,414.73,1382
2026-05-19 07:47:00,414.7,414.7,414.7,414.7,80
2026-05-19 07:48:00,414.88,414.9,414.88,414.9,99
2026-05-19 07:49:00,414.65,414.93,414.65,414.93,742
2026-05-19 07:50:00,414.646,414.646,414.5,414.5,242
2026-05-19 07:51:00,414.5,414.5,414.5,414.5,145
2026-05-19 07:53:00,414.63,414.63,414.63,414.63,50
2026-05-19 07:54:00,414.95,414.95,414.675,414.675,200
2026-05-19 07:55:00,414.5,414.5,414.5,414.5,240
2026-05-19 07:56:00,414.66,414.66,414.5208,414.5208,133
2026-05-19 07:58:00,414.66,414.66,414.66,414.66,43
2026-05-19 07:59:00,414.54,414.54,414.37,414.37,95
2026-05-19 08:00:00,414.4,414.4,414.23,414.3,14166
2026-05-19 08:01:00,414.26,414.2911,414.26,414.26,1234
2026-05-19 08:02:00,414.5,414.5,414.28,414.3691,619
2026-05-19 08:03:00,414.5,415.2,414.5,415.02,776
2026-05-19 08:04:00,414.8,414.8,414.8,414.8,184
2026-05-19 08:05:00,414.61,414.61,414.61,414.61,40
2026-05-19 08:06:00,414.5,414.5,414.32,414.32,150
2026-05-19 08:07:00,414.31,414.61,414.31,414.37,244
2026-05-19 08:08:00,414.69,414.69,414.69,414.69,48
2026-05-19 08:09:00,414.52,414.52,414.32,414.32,135
2026-05-19 08:10:00,414.35,414.5586,414.35,414.5586,1190
2026-05-19 08:11:00,414.6,414.6,414.6,414.6,49
2026-05-19 08:12:00,414.675,415,414.675,415,321
2026-05-19 08:13:00,414.8,414.9,414.8,414.9,242
2026-05-19 08:17:00,415,415,414.6758,414.6758,990
2026-05-19 08:18:00,414.5,414.5,414.5,414.5,40
2026-05-19 08:19:00,414.32,414.59,414.32,414.59,303
2026-05-19 08:20:00,414.31,414.31,414.31,414.31,334
2026-05-19 08:21:00,414.31,414.31,414.31,414.31,307
2026-05-19 08:22:00,414.26,414.26,414.26,414.26,70
2026-05-19 08:23:00,414.3547,414.4,414.3547,414.4,133
2026-05-19 08:24:00,415,415,414.5,414.5,324
2026-05-19 08:25:00,414.4,414.851,414.4,414.741,540
2026-05-19 08:26:00,414.36,414.6997,414.29,414.4997,359
2026-05-19 08:27:00,414.6999,414.6999,413.98,413.98,4361
2026-05-19 08:28:00,413.98,414.2442,413.6705,414.24,446
2026-05-19 08:29:00,414.2352,414.25,414,414.24,502
2026-05-19 08:30:00,414.14,414.45,414.14,414.45,179
2026-05-19 08:32:00,414.29,414.29,414.29,414.29,100
2026-05-19 08:33:00,414.5,414.9742,414.5,414.9742,1209
2026-05-19 08:34:00,414.5,414.61,414.5,414.51,288
2026-05-19 08:35:00,414.55,414.95,414.55,414.75,146
2026-05-19 08:36:00,414.8841,415,414.603,415,785
2026-05-19 08:37:00,415.49,415.87,415.48,415.87,1981
2026-05-19 08:38:00,415.46,415.46,415.46,415.46,50
2026-05-19 08:39:00,415.43,415.43,415.43,415.43,130
2026-05-19 08:40:00,415.25,415.25,415.05,415.05,300
2026-05-19 08:41:00,415.33,415.6,415.33,415.6,386
2026-05-19 08:42:00,415.57,415.57,415.56,415.56,172
2026-05-19 08:43:00,415.7817,415.7817,415,415.25,274
2026-05-19 08:45:00,415.29,415.61,415.29,415.61,580
2026-05-19 08:46:00,415.62,415.87,415.4212,415.87,870
2026-05-19 08:47:00,415.4,415.4,415.4,415.4,49
2026-05-19 08:48:00,415.85,415.87,415.85,415.87,527
2026-05-19 08:50:00,415.99,415.99,415.99,415.99,100
2026-05-19 08:51:00,415.739,415.739,415.739,415.739,100
2026-05-19 08:52:00,415.83,415.9997,415.8,415.85,554
2026-05-19 08:53:00,416,416,415.95,415.9767,1995
2026-05-19 08:54:00,415.9999,415.9999,415.9999,415.9999,1000
2026-05-19 08:55:00,415.69,415.69,415.69,415.69,108
2026-05-19 08:56:00,415.55,415.55,415.5,415.5,150
2026-05-19 08:57:00,415.27,415.27,415.27,415.27,96
2026-05-19 08:59:00,415,415.1,415,415.1,235
2026-05-19 09:02:00,415.25,415.3,415.25,415.3,423
2026-05-19 09:03:00,415.48,415.48,415.48,415.48,100
2026-05-19 09:04:00,415.5,415.5,415.45,415.5,1176
2026-05-19 09:05:00,415.3,415.3,415.3,415.3,100
2026-05-19 09:06:00,415.05,415.05,414.61,414.61,1169
2026-05-19 09:07:00,414.61,414.61,414.25,414.25,1301
2026-05-19 09:08:00,414.24,414.25,414.21,414.25,328
2026-05-19 09:09:00,414.21,414.5,414.21,414.5,1056
2026-05-19 09:10:00,414.25,414.5,414.2,414.2,900
2026-05-19 09:11:00,414.21,414.21,414.1,414.1,795
2026-05-19 09:12:00,414.19,414.68,414.19,414.4,2479
2026-05-19 09:13:00,414.1445,415.16,414.1445,414.84,1307
2026-05-19 09:14:00,414.98,415,414.98,414.99,430
2026-05-19 09:15:00,414.51,415.3951,414.51,415.3951,298
2026-05-19 09:16:00,414.8549,414.96,414.5,414.5,360
2026-05-19 09:17:00,414.74,414.97,414.74,414.97,189
2026-05-19 09:18:00,414.5,414.94,414.5,414.94,255
2026-05-19 09:19:00,414.43,414.43,414.4,414.4,120
2026-05-19 09:20:00,414.99,414.99,414.25,414.25,1974
2026-05-19 09:21:00,414.25,419.659,413.88,419.659,4865
2026-05-19 09:22:00,414.22,414.72,413.73,414.68,1510
2026-05-19 09:23:00,414.54,414.54,413.78,413.78,228
2026-05-19 09:24:00,413.66,414.2005,413.66,413.79,1522
2026-05-19 09:25:00,413.79,414.05,413.66,413.69,663
2026-05-19 09:26:00,413.53,413.53,413.01,413.49,1716
2026-05-19 09:27:00,413.01,413.01,409.29,409.29,12825
2026-05-19 09:28:00,409.57,409.93,408.23,408.67,18331
2026-05-19 09:29:00,408.35,409.8,408.13,409.37,13324
2026-05-19 09:30:00,409.89,412.5,408.74,411.7,544121
2026-05-19 09:31:00,411.91,415.88,411.38,415.58,98425
2026-05-19 09:32:00,415.37,415.87,414.52,415,147056
2026-05-19 09:33:00,414.76,415.46,413.07,413.31,108022
2026-05-19 09:34:00,413.455,413.65,411.9,411.95,84482
2026-05-19 09:35:00,411.955,414.4799,411,414.4799,78139
2026-05-19 09:36:00,414.225,416.98,414.12,416.84,67894
2026-05-19 09:37:00,416.96,417.9499,416.41,416.88,49913
2026-05-19 09:38:00,416.88,416.88,415.6,416.115,60254
2026-05-19 09:39:00,416,416.08,414.34,414.46,73495
2026-05-19 09:40:00,414.55,415,413.505,414.405,70416
2026-05-19 09:41:00,414.465,414.86,412.0001,412.595,78391
2026-05-19 09:42:00,412.595,414.695,412.36,413.32,76812
2026-05-19 09:43:00,413.11,413.5499,412,412.5999,74031
2026-05-19 09:44:00,412.22,412.61,410.79,410.97,70810
2026-05-19 09:45:00,410.97,411.29,409.5,409.74,80425
2026-05-19 09:46:00,409.53,409.58,408,408.1,87979
2026-05-19 09:47:00,408.14,411.94,408.08,411.505,108572
2026-05-19 09:48:00,411.505,412.99,411.505,412.2016,76505
2026-05-19 09:49:00,412.28,412.85,411.32,411.37,59947
2026-05-19 09:50:00,411.485,411.5084,410.58,410.83,45322
2026-05-19 09:51:00,410.84,411,410.11,410.5,84422
2026-05-19 09:52:00,410.595,410.79,409.85,410.26,39841
2026-05-19 09:53:00,410.48,410.89,410.34,410.68,39530
2026-05-19 09:54:00,410.625,411.67,410.625,411.3544,43054
2026-05-19 09:55:00,411.47,412.5,410.5,410.8399,36930
2026-05-19 09:56:00,410.73,410.735,409.2,409.5032,57343
2026-05-19 09:57:00,409.54,410.58,409.295,410.23,79617
2026-05-19 09:58:00,410.355,410.56,410,410.265,58370
2026-05-19 09:59:00,410.26,410.51,409.6,410.45,55165
2026-05-19 10:00:00,410.33,410.48,409.6201,410.245,57687
2026-05-19 10:01:00,410.29,410.8,409.95,410.18,42551
2026-05-19 10:02:00,410.19,411,409.68,410,73680
2026-05-19 10:03:00,410,410.4106,409.65,409.88,49566
2026-05-19 10:04:00,409.88,411.25,409.78,410.81,51024
2026-05-19 10:05:00,410.94,411.4899,409.2,409.23,49570
2026-05-19 10:06:00,409.295,409.65,408.68,408.75,71880
2026-05-19 10:07:00,408.86,408.86,407.63,407.918,63066
2026-05-19 10:08:00,407.935,408.49,407.52,407.8201,51892
2026-05-19 10:09:00,407.88,408.5891,407.39,408.1425,44310
2026-05-19 10:10:00,408.325,409.29,407.88,409.15,33427
2026-05-19 10:11:00,409.29,409.51,408.18,409.31,79213
2026-05-19 10:12:00,409.5199,409.66,409.17,409.525,46166
2026-05-19 10:13:00,409.525,409.65,408.78,408.935,51895
2026-05-19 10:14:00,408.81,408.81,407.38,407.425,53642
2026-05-19 10:15:00,407.39,407.79,406.9,407.075,58500
2026-05-19 10:16:00,407.15,407.42,406.58,406.6401,49273
2026-05-19 10:17:00,406.72,407.3299,406.1,406.38,47902
2026-05-19 10:18:00,406.3963,407.59,405.88,407.52,49040
2026-05-19 10:19:00,407.45,407.8,406.8,406.86,49907
2026-05-19 10:20:00,406.95,407.26,406.16,406.985,49401
2026-05-19 10:21:00,406.98,407,405.86,406.07,40514
2026-05-19 10:22:00,405.91,406.91,405.87,406.91,48047
2026-05-19 10:23:00,406.795,407.68,406.46,407.305,48296
2026-05-19 10:24:00,407.31,408.22,406.99,408.105,35180
2026-05-19 10:25:00,408.23,408.4,407.18,407.56,30388
2026-05-19 10:26:00,407.6,408.09,407.48,407.85,25190
2026-05-19 10:27:00,407.86,408.38,407.5,408.37,25891
2026-05-19 10:28:00,408.1601,408.79,407.7,407.93,30489
2026-05-19 10:29:00,407.92,408.285,407.28,407.46,47013
2026-05-19 10:30:00,407.55,408.32,406.55,408.32,49501
2026-05-19 10:31:00,408.5,408.82,407.67,408.41,34224
2026-05-19 10:32:00,408.39,408.47,407.61,407.68,29626
2026-05-19 10:33:00,407.68,407.69,407.02,407.55,29090
2026-05-19 10:34:00,407.44,407.44,406.3,406.44,30013
2026-05-19 10:35:00,406.44,406.93,406.3301,406.83,37635
2026-05-19 10:36:00,406.865,408.41,406.8,408.36,67696
2026-05-19 10:37:00,408.18,409.15,408.1,409.15,26101
2026-05-19 10:38:00,409.11,410.1876,409.06,410.1351,40496
2026-05-19 10:39:00,410.13,410.87,409.51,409.51,35202
2026-05-19 10:40:00,409.62,409.735,408.75,409.6625,35029
2026-05-19 10:41:00,409.65,410.29,409.55,410.15,30277
2026-05-19 10:42:00,410.24,410.45,409.995,410.23,17930
2026-05-19 10:43:00,410.37,410.63,409.6,409.725,22072
2026-05-19 10:44:00,409.72,410.205,409.34,409.54,36771
2026-05-19 10:45:00,409.64,409.99,409.02,409.18,25101
2026-05-19 10:46:00,409.18,409.18,408.14,408.14,30839
2026-05-19 10:47:00,408.06,408.12,407.36,407.75,27655
2026-05-19 10:48:00,407.65,408.25,407.55,408.05,19471
2026-05-19 10:49:00,408.07,408.57,407.92,408.39,22241
2026-05-19 10:50:00,408.32,408.55,407.84,408.43,21693
2026-05-19 10:51:00,408.32,408.99,408.19,408.38,30897
2026-05-19 10:52:00,408.22,409.03,407.91,408.78,26559
2026-05-19 10:53:00,408.78,409.24,408.68,408.89,34574
2026-05-19 10:54:00,408.9,409.425,408.87,409.115,36236
2026-05-19 10:55:00,408.94,409.45,408.68,408.72,21619
2026-05-19 10:56:00,408.735,409.58,408.58,409.55,29550
2026-05-19 10:57:00,409.495,410,409.38,409.8,26565
2026-05-19 10:58:00,409.8655,410.82,409.39,410.8199,36247
2026-05-19 10:59:00,410.66,411.9,410.23,411.005,34231
2026-05-19 11:00:00,410.86,410.99,410.23,410.43,28392
2026-05-19 11:01:00,410.27,410.72,409.575,409.64,55234
2026-05-19 11:02:00,409.68,410.55,409.51,410.31,34773
2026-05-19 11:03:00,410.315,410.47,409.8501,409.885,18463
2026-05-19 11:04:00,409.996,410.19,409.46,409.46,28520
2026-05-19 11:05:00,409.46,409.66,408.5,408.6451,18363
2026-05-19 11:06:00,408.645,409.38,408.2,409.14,37332
2026-05-19 11:07:00,409.14,409.32,407.695,407.695,18746
2026-05-19 11:08:00,407.785,407.87,406.66,406.66,59376
2026-05-19 11:09:00,406.66,407.68,406.57,407.59,33618
2026-05-19 11:10:00,407.68,408.65,407.68,408.545,31548
2026-05-19 11:11:00,408.38,408.93,408.19,408.33,18345
2026-05-19 11:12:00,408.47,408.64,407.9,408.105,16891
2026-05-19 11:13:00,408.225,408.86,408.12,408.655,50904
2026-05-19 11:14:00,408.68,409.11,408.5775,409.05,15588
2026-05-19 11:15:00,408.8901,410.31,408.8901,410.28,41314
2026-05-19 11:16:00,410.33,410.89,410.1201,410.255,17197
2026-05-19 11:17:00,410.33,410.46,410.11,410.245,9651
2026-05-19 11:18:00,410.245,410.45,409.81,410.045,36717
2026-05-19 11:19:00,410.01,410.18,409.09,409.1301,13635
2026-05-19 11:20:00,409.13,409.43,408.7608,408.83,20560
2026-05-19 11:21:00,408.86,409.44,408.835,409.36,17519
2026-05-19 11:22:00,409.39,409.685,409.11,409.13,18078
2026-05-19 11:23:00,409.13,409.2,408.79,409.1,16079
2026-05-19 11:24:00,408.97,409.1499,408.6,408.8,18226
2026-05-19 11:25:00,408.77,408.95,408.44,408.785,25702
2026-05-19 11:26:00,408.77,409.35,408.77,409.3,15429
2026-05-19 11:27:00,409.35,409.84,409.05,409.84,13119
2026-05-19 11:28:00,409.84,410.29,409.34,409.745,39639
2026-05-19 11:29:00,409.65,409.8026,409.4,409.4325,15228
2026-05-19 11:30:00,409.375,409.81,408.985,409.664,32224
2026-05-19 11:31:00,409.77,410.5,409.77,410.445,29021
2026-05-19 11:32:00,410.38,410.42,409.97,409.97,23940
2026-05-19 11:33:00,410.05,410.0801,409.07,409.205,19534
2026-05-19 11:34:00,409.205,409.53,409.19,409.19,22910
2026-05-19 11:35:00,409.15,409.17,408.6529,408.99,43938
2026-05-19 11:36:00,408.99,409.65,408.87,409.27,27153
2026-05-19 11:37:00,409.19,410.03,409.155,410,24311
2026-05-19 11:38:00,410.08,410.55,410.035,410.43,20935
2026-05-19 11:39:00,410.385,410.395,409.82,410.155,20565
2026-05-19 11:40:00,410.1475,410.51,409.86,410.475,19141
2026-05-19 11:41:00,410.475,410.55,410.13,410.475,39897
2026-05-19 11:42:00,410.48,411.29,410.32,411.29,30820
2026-05-19 11:43:00,411.21,411.3,410.66,410.84,12610
2026-05-19 11:44:00,411,411.52,410.96,411.31,13233
2026-05-19 11:45:00,411.32,411.69,411.145,411.145,27404
2026-05-19 11:46:00,411.145,411.47,410.9101,411.005,8097
2026-05-19 11:47:00,411.12,411.48,410.9027,411.265,14820
2026-05-19 11:48:00,411.26,411.64,410.91,411.1,21619
2026-05-19 11:49:00,411.1,411.35,410.925,410.98,9442
2026-05-19 11:50:00,411,411.433,410.91,411.395,13162
2026-05-19 11:51:00,411.31,411.365,410.83,410.93,16750
2026-05-19 11:52:00,410.93,411.45,410.93,411.41,22192
2026-05-19 11:53:00,411.47,411.55,410.86,411,11797
2026-05-19 11:54:00,411,411.39,410.6,411.29,12170
2026-05-19 11:55:00,411.27,411.33,410.1,410.2775,10651
2026-05-19 11:56:00,410.2751,410.62,410.12,410.53,14015
2026-05-19 11:57:00,410.59,410.81,410.3003,410.79,9600
2026-05-19 11:58:00,410.83,410.83,410.2,410.57,11499
2026-05-19 11:59:00,410.68,410.725,410.42,410.495,7092
2026-05-19 12:00:00,410.57,410.91,410.37,410.91,18462
2026-05-19 12:01:00,410.96,411.3299,410.81,410.93,10540
2026-05-19 12:02:00,410.99,412.06,410.985,412.06,64414
2026-05-19 12:03:00,412.09,412.32,411.92,412.08,20914
2026-05-19 12:04:00,412.08,412.34,411.8,412.2899,12709
2026-05-19 12:05:00,412.1801,412.2899,411.6,411.8874,8849
2026-05-19 12:06:00,411.74,411.81,410.88,411.04,19066
2026-05-19 12:07:00,411.04,411.17,410.76,411.01,18945
2026-05-19 12:08:00,411,411.05,410.75,410.85,19090
2026-05-19 12:09:00,410.845,411.02,409.82,409.95,30744
2026-05-19 12:10:00,409.82,410.48,409.82,410.48,37147
2026-05-19 12:11:00,410.425,410.6499,410.265,410.27,21666
2026-05-19 12:12:00,410.28,410.32,409.89,410.24,7115
2026-05-19 12:13:00,410.13,410.42,409.92,410.225,14495
2026-05-19 12:14:00,410.19,410.4999,410.1,410.37,6503
2026-05-19 12:15:00,410.5,411.6915,410.5,411.22,17904
2026-05-19 12:16:00,411.305,411.5299,410.92,411.035,18226
2026-05-19 12:17:00,411.035,411.04,410.42,410.805,16048
2026-05-19 12:18:00,410.74,411.3475,410.68,411.24,7218
2026-05-19 12:19:00,411.35,411.52,410.91,411.02,5061
2026-05-19 12:20:00,411.08,411.35,410.88,411.27,26335
2026-05-19 12:21:00,411.3,411.4,410.76,410.76,7972
2026-05-19 12:22:00,410.76,411.15,410.6901,411.015,10922
2026-05-19 12:23:00,411.015,411.83,411,411.82,9827
2026-05-19 12:24:00,411.95,412.32,411.84,412.3001,17622
2026-05-19 12:25:00,412.365,412.96,412.3,412.88,18198
2026-05-19 12:26:00,412.88,413.36,412.64,412.895,28966
2026-05-19 12:27:00,412.98,413.07,412.48,412.7,18275
2026-05-19 12:28:00,412.76,413.11,412.55,412.96,32784
2026-05-19 12:29:00,412.98,413.34,412.73,412.86,48124
2026-05-19 12:30:00,412.81,413.635,412.74,413.635,37466
2026-05-19 12:31:00,413.595,414.2263,413.595,414.06,23499
2026-05-19 12:32:00,414.22,414.25,413.66,413.7,11855
2026-05-19 12:33:00,413.69,413.79,413.2,413.5,20785
2026-05-19 12:34:00,413.5,413.66,413.01,413.11,20069
2026-05-19 12:35:00,413.12,413.46,413.04,413.345,18190
2026-05-19 12:36:00,413.37,413.43,412.9,413.115,27742
2026-05-19 12:37:00,413.11,413.17,412.52,412.5825,15496
2026-05-19 12:38:00,412.54,413.145,412.32,413.12,42900
2026-05-19 12:39:00,413.145,413.45,412.89,413.15,22713
2026-05-19 12:40:00,413.1,413.39,412.97,413.17,7845
2026-05-19 12:41:00,413.17,413.5,413.07,413.46,42237
2026-05-19 12:42:00,413.46,413.4876,413.01,413.23,11791
2026-05-19 12:43:00,413.28,413.48,413.23,413.425,26333
2026-05-19 12:44:00,413.435,414.14,413.39,414.11,33757
2026-05-19 12:45:00,414.17,414.37,414.06,414.33,17261
2026-05-19 12:46:00,414.33,414.44,413.53,413.565,49435
2026-05-19 12:47:00,413.53,413.73,413.38,413.72,7614
2026-05-19 12:48:00,413.78,413.83,413.54,413.76,10502
2026-05-19 12:49:00,413.64,413.6499,413.31,413.4999,18943
2026-05-19 12:50:00,413.455,413.4699,412.8,412.9775,16185
2026-05-19 12:51:00,412.9975,413.25,412.88,413.195,38519
2026-05-19 12:52:00,413.195,413.34,412.97,413.085,15283
2026-05-19 12:53:00,413.12,413.28,413,413.17,23729
2026-05-19 12:54:00,413.16,414.08,413.07,414,23156
2026-05-19 12:55:00,413.98,413.98,413.37,413.6,16609
2026-05-19 12:56:00,413.635,413.7,413.43,413.57,11747
2026-05-19 12:57:00,413.72,413.83,413.03,413.16,22975
2026-05-19 12:58:00,413.16,413.16,412.5,412.97,32172
2026-05-19 12:59:00,413,413.15,412.72,412.88,17974
2026-05-19 13:00:00,412.88,413.02,412.33,413.02,16011
2026-05-19 13:01:00,413.02,413.34,412.71,413.235,16039
2026-05-19 13:02:00,413.23,413.65,413.205,413.49,22243
2026-05-19 13:03:00,413.49,413.75,413.37,413.67,22216
2026-05-19 13:04:00,413.67,414.16,413.51,413.7,31872
2026-05-19 13:05:00,413.69,414.08,413.55,413.8,26037
2026-05-19 13:06:00,413.78,413.78,413.41,413.52,17453
2026-05-19 13:07:00,413.475,413.66,413.36,413.555,24005
2026-05-19 13:08:00,413.545,413.8,413.405,413.7,16028
2026-05-19 13:09:00,413.79,414.265,413.71,414.015,43588
2026-05-19 13:10:00,414.17,414.48,413.98,414.035,30997
2026-05-19 13:11:00,414.035,414.045,413.63,413.735,15389
2026-05-19 13:12:00,413.735,415.26,413.64,414.6625,83525
2026-05-19 13:13:00,414.61,414.69,414.04,414.2,36493
2026-05-19 13:14:00,414.21,414.8499,414.01,414.56,45183
2026-05-19 13:15:00,414.66,415.47,414.56,415.38,26873
2026-05-19 13:16:00,415.395,415.47,414.92,414.92,12703
2026-05-19 13:17:00,414.87,415.7,414.86,415.4,25801
2026-05-19 13:18:00,415.445,415.9599,415.4,415.81,21357
2026-05-19 13:19:00,415.825,415.91,415.5419,415.635,13513
2026-05-19 13:20:00,415.635,415.78,415.3,415.54,32278
2026-05-19 13:21:00,415.54,416.4,415.4206,416.22,26503
2026-05-19 13:22:00,416.33,416.34,415.7101,415.94,17311
2026-05-19 13:23:00,416,416.1099,415.5,416,21854
2026-05-19 13:24:00,416.0181,416.0181,415.35,415.35,18576
2026-05-19 13:25:00,415.41,415.43,414.96,414.96,18004
2026-05-19 13:26:00,414.92,415.2,414.33,414.3401,20547
2026-05-19 13:27:00,414.34,414.435,414.165,414.3499,15809
2026-05-19 13:28:00,414.35,414.47,413.83,413.9375,21045
2026-05-19 13:29:00,413.93,414.74,413.93,414.3,16776
2026-05-19 13:30:00,414.2201,414.72,414.17,414.21,18485
2026-05-19 13:31:00,414.265,414.62,414.265,414.42,10196
2026-05-19 13:32:00,414.455,414.64,414.16,414.42,13793
2026-05-19 13:33:00,414.42,414.5,414.19,414.315,13150
2026-05-19 13:34:00,414.27,414.48,414.02,414.02,19530
2026-05-19 13:35:00,414.02,414.3,413.73,413.945,27182
2026-05-19 13:36:00,413.86,414.27,413.82,414.24,23780
2026-05-19 13:37:00,414.31,414.37,414.0601,414.245,11818
2026-05-19 13:38:00,414.22,414.54,414.17,414.385,18901
2026-05-19 13:39:00,414.3,414.75,413.82,414.52,25057
2026-05-19 13:40:00,414.48,414.85,414.39,414.615,14478
2026-05-19 13:41:00,414.49,415,414.26,414.585,35010
2026-05-19 13:42:00,414.58,414.647,414.29,414.6,16595
2026-05-19 13:43:00,414.62,414.62,414.01,414.12,14776
2026-05-19 13:44:00,414.12,414.13,413.775,413.99,30001
2026-05-19 13:45:00,413.89,414.11,413.37,413.615,15076
2026-05-19 13:46:00,413.625,413.72,413.12,413.2,19445
2026-05-19 13:47:00,413.2,413.39,412.5,412.57,31674
2026-05-19 13:48:00,412.57,413.26,412.51,413.26,19387
2026-05-19 13:49:00,413.235,413.47,413.11,413.4,7538
2026-05-19 13:50:00,413.42,413.5,413.05,413.325,25714
2026-05-19 13:51:00,413.31,413.4999,413.11,413.33,11179
2026-05-19 13:52:00,413.32,413.33,412.915,413.08,17171
2026-05-19 13:53:00,413.085,413.1399,412.77,412.825,20277
2026-05-19 13:54:00,412.825,412.835,412.12,412.39,58139
2026-05-19 13:55:00,412.535,412.85,412.38,412.76,10744
2026-05-19 13:56:00,412.76,413,412.75,412.865,15030
2026-05-19 13:57:00,412.865,413.34,412.865,413.06,13695
2026-05-19 13:58:00,413.085,413.4,413,413.315,18225
2026-05-19 13:59:00,413.38,413.61,413.32,413.415,9570
2026-05-19 14:00:00,413.43,413.72,413.3962,413.5,13511
2026-05-19 14:01:00,413.55,413.75,413.27,413.51,15372
2026-05-19 14:02:00,413.52,414.19,413.49,414.01,26891
2026-05-19 14:03:00,414.065,414.27,413.91,414,16854
2026-05-19 14:04:00,413.94,414.01,413.84,413.95,22763
2026-05-19 14:05:00,413.92,414.135,413.8601,414.07,17760
2026-05-19 14:06:00,413.99,414.475,413.99,414.22,19542
2026-05-19 14:07:00,414.195,414.43,414.11,414.355,14136
2026-05-19 14:08:00,414.41,414.46,414.14,414.315,12091
2026-05-19 14:09:00,414.315,414.35,414.105,414.315,15643
2026-05-19 14:10:00,414.315,414.4176,414.12,414.3101,9137
2026-05-19 14:11:00,414.31,414.42,414.24,414.385,13307
2026-05-19 14:12:00,414.41,414.56,414.2,414.295,20047
2026-05-19 14:13:00,414.22,414.2668,413.75,413.8,15833
2026-05-19 14:14:00,413.89,414.11,413.72,413.93,16889
2026-05-19 14:15:00,413.93,414.26,413.93,413.9604,13045
2026-05-19 14:16:00,414,414.08,413.5,413.55,24952
2026-05-19 14:17:00,413.55,413.69,413.38,413.6,9810
2026-05-19 14:18:00,413.61,413.61,413.135,413.275,14956
2026-05-19 14:19:00,413.36,413.42,413.18,413.33,10122
2026-05-19 14:20:00,413.4,413.4,412.73,412.995,16522
2026-05-19 14:21:00,413.01,413.06,412.65,412.805,9068
2026-05-19 14:22:00,412.805,412.805,412.05,412.6,37032
2026-05-19 14:23:00,412.58,412.79,412.42,412.64,12637
2026-05-19 14:24:00,412.65,412.68,412.25,412.43,18102
2026-05-19 14:25:00,412.45,412.5,412.02,412.4,19923
2026-05-19 14:26:00,412.42,412.92,412.42,412.765,22374
2026-05-19 14:27:00,412.765,412.92,412.22,412.315,28825
2026-05-19 14:28:00,412.2925,412.32,411.73,412.08,25795
2026-05-19 14:29:00,412.01,412.25,411.995,412.16,12034
2026-05-19 14:30:00,412.08,412.6,411.93,412.53,19903
2026-05-19 14:31:00,412.46,412.5055,412.23,412.29,11500
2026-05-19 14:32:00,412.33,412.4,412.07,412.24,11945
2026-05-19 14:33:00,412.24,412.55,412.02,412.43,18020
2026-05-19 14:34:00,412.42,412.55,412.18,412.48,12321
2026-05-19 14:35:00,412.48,412.65,412.2,412.575,12685
2026-05-19 14:36:00,412.555,412.66,412.15,412.28,9079
2026-05-19 14:37:00,412.22,412.22,411.83,412.13,16312
2026-05-19 14:38:00,412.07,412.22,411.95,412.01,9508
2026-05-19 14:39:00,411.98,412.09,411.78,411.87,9941
2026-05-19 14:40:00,411.82,412.2,411.61,412.075,16008
2026-05-19 14:41:00,412.0925,412.2423,411.68,411.68,15181
2026-05-19 14:42:00,411.69,411.7699,411.29,411.29,21800
2026-05-19 14:43:00,411.2641,411.75,411.18,411.69,38678
2026-05-19 14:44:00,411.63,411.79,411.53,411.56,17810
2026-05-19 14:45:00,411.54,411.89,411.28,411.87,30113
2026-05-19 14:46:00,411.85,411.95,411.69,411.875,9468
2026-05-19 14:47:00,411.83,412.2999,411.7501,412,17238
2026-05-19 14:48:00,411.91,411.98,411.63,411.925,13302
2026-05-19 14:49:00,411.945,412.32,411.6801,412.1901,17226
2026-05-19 14:50:00,412.27,412.27,412,412.04,24295
2026-05-19 14:51:00,411.94,412.26,411.8,412.05,21430
2026-05-19 14:52:00,412.02,412.21,411.92,412.06,11774
2026-05-19 14:53:00,412.06,412.235,411.83,412.195,23367
2026-05-19 14:54:00,412.11,412.165,411.58,411.66,12555
2026-05-19 14:55:00,411.65,411.65,410.92,411.025,29478
2026-05-19 14:56:00,411.025,411.13,410.7,410.935,21356
2026-05-19 14:57:00,411.02,411.1199,410.67,410.865,20725
2026-05-19 14:58:00,410.865,411.05,410.66,410.7,23607
2026-05-19 14:59:00,410.7,411.16,410.5,411.145,21906
2026-05-19 15:00:00,411.05,412,411.05,412,17951
2026-05-19 15:01:00,411.9,412,411.43,411.95,19811
2026-05-19 15:02:00,411.98,411.98,411.43,411.44,11586
2026-05-19 15:03:00,411.46,411.6,410.81,410.88,36219
2026-05-19 15:04:00,410.88,411.43,410.7,411.36,21662
2026-05-19 15:05:00,411.33,411.76,411.3,411.47,23072
2026-05-19 15:06:00,411.46,411.465,410.88,411.05,25117
2026-05-19 15:07:00,411.02,411.02,410.5,410.655,21905
2026-05-19 15:08:00,410.6,411.12,410.6,411.12,24123
2026-05-19 15:09:00,411.11,411.42,411.06,411.195,19779
2026-05-19 15:10:00,411.28,411.97,411.16,411.82,28533
2026-05-19 15:11:00,411.8975,412.0099,411.62,411.725,20311
2026-05-19 15:12:00,411.72,411.72,411.43,411.59,23142
2026-05-19 15:13:00,411.655,411.91,411.57,411.8,19890
2026-05-19 15:14:00,411.8,412.265,411.8,412.135,48495
2026-05-19 15:15:00,412.185,412.38,411.99,412.015,26561
2026-05-19 15:16:00,412.01,412.08,411.695,411.715,25401
2026-05-19 15:17:00,411.7,411.77,411.43,411.5,21379
2026-05-19 15:18:00,411.55,411.6,411.21,411.225,16165
2026-05-19 15:19:00,411.17,411.25,410.83,410.88,14474
2026-05-19 15:20:00,410.83,411.055,410.81,410.86,10422
2026-05-19 15:21:00,410.75,410.875,410.66,410.74,19905
2026-05-19 15:22:00,410.785,410.785,410.15,410.32,23203
2026-05-19 15:23:00,410.3,410.43,409.6,409.66,32152
2026-05-19 15:24:00,409.67,409.88,409.4,409.6525,31002
2026-05-19 15:25:00,409.57,409.71,409.26,409.71,36942
2026-05-19 15:26:00,409.71,410.03,409.575,410.01,20586
2026-05-19 15:27:00,410.0099,410.595,409.92,410.42,18920
2026-05-19 15:28:00,410.42,410.88,410.42,410.74,17403
2026-05-19 15:29:00,410.7,410.7699,410.355,410.5,18461
2026-05-19 15:30:00,410.515,410.62,410.27,410.315,30317
2026-05-19 15:31:00,410.35,410.795,410.13,410.755,29016
2026-05-19 15:32:00,410.84,411.77,410.69,411.73,33929
2026-05-19 15:33:00,411.78,411.84,411,411.1,32570
2026-05-19 15:34:00,411.1,411.305,410.96,411.08,21595
2026-05-19 15:35:00,411.27,411.32,410.63,410.71,34304
2026-05-19 15:36:00,410.71,411.31,410.565,410.59,24193
2026-05-19 15:37:00,410.6663,410.8099,410.38,410.59,18995
2026-05-19 15:38:00,410.68,411.09,410.4501,411.045,13196
2026-05-19 15:39:00,411.05,411.14,410.82,410.995,19663
2026-05-19 15:40:00,411.01,411.02,410.45,410.66,31687
2026-05-19 15:41:00,410.68,411.25,410.56,411.07,30488
2026-05-19 15:42:00,411.075,411.25,410.72,410.88,14770
2026-05-19 15:43:00,410.915,411.22,410.7901,411.165,25929
2026-05-19 15:44:00,411.21,411.345,411,411.26,25305
2026-05-19 15:45:00,411.16,411.64,411.07,411.16,45758
2026-05-19 15:46:00,411.21,411.3,410.89,411.27,24727
2026-05-19 15:47:00,411.29,411.5,411.18,411.26,14973
2026-05-19 15:48:00,411.24,411.405,411.05,411.38,20105
2026-05-19 15:49:00,411.41,411.5381,411.12,411.17,20336
2026-05-19 15:50:00,411.13,412.16,411,412.14,55481
2026-05-19 15:51:00,412.11,412.16,411.31,411.37,43918
2026-05-19 15:52:00,411.46,411.8,411.38,411.68,37465
2026-05-19 15:53:00,411.68,411.9,411.32,411.36,41474
2026-05-19 15:54:00,411.42,411.48,409.75,410.585,84408
2026-05-19 15:55:00,410.54,410.54,409.06,409.62,170330
2026-05-19 15:56:00,409.6,410.21,409,410.08,151593
2026-05-19 15:57:00,410.06,410.52,409.98,410.425,201979
2026-05-19 15:58:00,410.38,410.4,409.75,410.14,184086
2026-05-19 15:59:00,410.135,411.21,409.95,411.12,509570
2026-05-19 16:00:00,411.14,411.16,410.1301,410.1301,3443426
2026-05-19 16:01:00,410.1758,410.48,409.9,410.07,1617
2026-05-19 16:02:00,410.5,410.5,410.25,410.31,1412
2026-05-19 16:03:00,410.31,410.31,410.31,410.31,1708
2026-05-19 16:04:00,410.4127,410.4127,410.31,410.35,555
2026-05-19 16:05:00,410.78,411.05,410.78,411.04,467
2026-05-19 16:06:00,410.52,410.8613,410.52,410.8613,233
2026-05-19 16:07:00,410.54,410.58,410.54,410.56,610
2026-05-19 16:08:00,410.64,410.64,410.5,410.5,579
2026-05-19 16:09:00,410.67,410.67,410.67,410.67,96
2026-05-19 16:10:00,410.9,410.9,410.9,410.9,563
2026-05-19 16:11:00,410.46,410.9,410.46,410.9,194
2026-05-19 16:12:00,410.94,410.99,410.94,410.99,910
2026-05-19 16:15:00,410.6456,410.6456,410.6456,410.6456,130
2026-05-19 16:16:00,410.6401,410.6401,410.6401,410.6401,100
2026-05-19 16:17:00,410.7218,410.7218,410.7218,410.7218,50
2026-05-19 16:18:00,410.51,410.74,410.02,410.02,428
2026-05-19 16:19:00,410.6625,410.7019,410.6625,410.7019,392
2026-05-19 16:21:00,410.55,410.55,410.18,410.2,1279
2026-05-19 16:24:00,410.595,410.595,410.595,410.595,97
2026-05-19 16:26:00,410.5,410.5,410.45,410.45,293
2026-05-19 16:27:00,410.4483,410.4483,410.4,410.4,217
2026-05-19 16:28:00,410.25,410.26,410.25,410.26,231
2026-05-19 16:30:00,410.25,410.25,410.25,410.25,50
2026-05-19 16:31:00,410.15,410.15,410.15,410.15,60
2026-05-19 16:32:00,410.2,410.5,410.2,410.5,909
2026-05-19 16:33:00,410.25,410.25,410.25,410.25,40
2026-05-19 16:34:00,410.49,410.49,410.49,410.49,550
2026-05-19 16:39:00,410.3,410.3,410.3,410.3,59
2026-05-19 16:40:00,410.21,410.3,410.21,410.3,1107
2026-05-19 16:41:00,410.1695,410.3,410.1695,410.3,240
2026-05-19 16:42:00,410.3,410.31,410.3,410.31,140
2026-05-19 16:45:00,410.35,410.35,410.15,410.15,875
2026-05-19 16:46:00,410.1658,410.1658,410.1658,410.1658,49
2026-05-19 16:49:00,410.37,410.39,410.37,410.39,330
2026-05-19 16:50:00,410.37,410.37,410.37,410.37,80
2026-05-19 16:51:00,410.15,410.15,410.15,410.15,159
2026-05-19 16:53:00,410.25,410.25,410.25,410.25,200
2026-05-19 16:54:00,410.25,410.3,410.25,410.3,104
2026-05-19 16:55:00,410.22,410.22,410.22,410.22,40
2026-05-19 16:56:00,410.16,410.16,410.16,410.16,49
2026-05-19 16:57:00,410.01,410.01,410.01,410.01,48
2026-05-19 16:58:00,410.24,410.24,410.24,410.24,90
2026-05-19 17:04:00,410.4,410.4,410.09,410.09,258
2026-05-19 17:13:00,410.4,410.4,410.1462,410.1462,250
2026-05-19 17:19:00,410.3,410.3,410.16,410.16,85
2026-05-19 17:22:00,410.38,410.38,410.38,410.38,60
2026-05-19 17:23:00,410.305,410.305,410.305,410.305,50
2026-05-19 17:26:00,410.4,410.4,410.4,410.4,200
2026-05-19 17:27:00,410.75,410.99,410.75,410.99,2496
2026-05-19 17:29:00,410.7,410.7,410.7,410.7,77
2026-05-19 17:31:00,410.99,410.99,410.9,410.9,557
2026-05-19 17:32:00,410.76,410.9,410.76,410.9,185
2026-05-19 17:33:00,410.99,410.99,410.99,410.99,50
2026-05-19 17:37:00,410.8007,410.8007,410.8007,410.8007,50
2026-05-19 17:38:00,410.99,410.99,410.99,410.99,49
2026-05-19 17:39:00,410.99,410.99,410.85,410.85,215
2026-05-19 17:43:00,410.9,410.9,410.9,410.9,49
2026-05-19 17:47:00,410.89,410.89,410.89,410.89,40
2026-05-19 17:50:00,410.84,410.84,410.84,410.84,40
2026-05-19 17:51:00,410.99,410.99,410.99,410.99,100
2026-05-19 17:53:00,410.99,410.99,410.99,410.99,100
2026-05-19 17:57:00,410.8,410.99,410.8,410.99,239
2026-05-19 17:59:00,410.9,410.9,410.9,410.9,59
2026-05-19 18:00:00,410.99,410.99,410.99,410.99,240
2026-05-19 18:01:00,411,411.07,411,411.07,160
2026-05-19 18:03:00,410.84,410.84,410.84,410.84,40
2026-05-19 18:05:00,410.88,410.88,410.88,410.88,100
2026-05-19 18:08:00,411,411.25,411,411.25,2448
2026-05-19 18:13:00,411.08,411.08,411.08,411.08,100
2026-05-19 18:14:00,410.84,410.84,410.76,410.76,180
2026-05-19 18:15:00,410.83,410.83,410.83,410.83,82
2026-05-19 18:16:00,410.6,410.6,410.6,410.6,377
2026-05-19 18:19:00,410.35,410.35,410.35,410.35,95
2026-05-19 18:20:00,410.3866,410.3866,410.3866,410.3866,40
2026-05-19 18:21:00,410.3,410.3,410.3,410.3,50
2026-05-19 18:26:00,410.3,410.3,410.2,410.2,132
2026-05-19 18:28:00,410.2822,410.2822,410.13,410.13,160
2026-05-19 18:30:00,410.2,410.2,410.2,410.2,50
2026-05-19 18:32:00,410.21,410.21,410,410,1111
2026-05-19 18:33:00,409.61,410.143,409.59,410.143,3132
2026-05-19 18:41:00,410.0473,410.0473,410.0473,410.0473,40
2026-05-19 18:43:00,410.03,410.0607,410.01,410.0607,215
2026-05-19 18:44:00,410.0268,410.0268,410.0268,410.0268,100
2026-05-19 18:45:00,410.01,410.02,410,410.02,235
2026-05-19 18:47:00,410,410,409.5,409.5,300
2026-05-19 18:50:00,409.99,409.99,409.99,409.99,40
2026-05-19 18:53:00,410.4,411.07,410.19,410.25,1567
2026-05-19 18:57:00,410.31,410.31,410.31,410.31,40
2026-05-19 19:08:00,410.4,410.4,410.1083,410.1083,310
2026-05-19 19:09:00,411.01,411.06,411.01,411.06,181
2026-05-19 19:11:00,411.06,411.06,411.06,411.06,1275
2026-05-19 19:12:00,410.56,410.56,410.56,410.56,40
2026-05-19 19:13:00,410.81,410.81,410.54,410.54,80
2026-05-19 19:14:00,410.38,410.38,410.38,410.38,40
2026-05-19 19:15:00,410.4,410.85,410.4,410.85,143
2026-05-19 19:16:00,410.9,410.9,410.9,410.9,94
2026-05-19 19:17:00,410.7,410.7,410.7,410.7,150
2026-05-19 19:20:00,411.18,411.18,411.18,411.18,355
2026-05-19 19:21:00,411.6306,411.6306,411.6306,411.6306,70
2026-05-19 19:22:00,411.49,411.49,411.45,411.45,90
2026-05-19 19:27:00,411.68,411.68,411.68,411.68,58
2026-05-19 19:29:00,411.4,411.4,411.4,411.4,100
2026-05-19 19:30:00,411.68,411.89,411.68,411.89,100
2026-05-19 19:32:00,412,412,412,412,171
2026-05-19 19:33:00,412.09,412.5,412.09,412.5,447
2026-05-19 19:34:00,412.5,412.76,412.25,412.76,1774
2026-05-19 19:35:00,412.2267,412.2267,412.2267,412.2267,49
2026-05-19 19:36:00,412.75,412.8324,412.5,412.5,321
2026-05-19 19:37:00,412.99,412.99,412.99,412.99,1200
2026-05-19 19:39:00,412.5,412.5,412.5,412.5,199
2026-05-19 19:40:00,412.78,412.78,412.78,412.78,44
2026-05-19 19:41:00,412.4,412.95,411.911,411.911,270
2026-05-19 19:43:00,412.6,412.6,412.6,412.6,82
2026-05-19 19:45:00,412.7,412.7,412.7,412.7,140
2026-05-19 19:46:00,412.5,412.5,412.12,412.12,287
2026-05-19 19:49:00,412.16,412.16,412.16,412.16,46
2026-05-19 19:51:00,412,412,411.95,411.95,140
2026-05-19 19:53:00,411.42,411.42,411.4,411.4,99
2026-05-19 19:54:00,411.98,412.01,411.5,411.5,700
2026-05-19 19:56:00,411.51,411.51,411.51,411.51,350
2026-05-19 19:57:00,412.4,412.4,412.4,412.4,100
2026-05-19 19:59:00,412.12,412.4782,411.52,411.99,2410
2026-05-20 04:00:00,414.55,415.39,410.5896,414.05,8407
2026-05-20 04:01:00,415,415,411.75,411.75,611
2026-05-20 04:03:00,414.81,414.81,414.81,414.81,40
2026-05-20 04:04:00,415.24,415.25,415.24,415.25,620
2026-05-20 04:05:00,415.25,415.64,415.25,415.39,4778
2026-05-20 04:07:00,412.16,415.65,412.16,415.65,85
2026-05-20 04:08:00,415.38,415.38,415.01,415.01,450
2026-05-20 04:09:00,415.19,415.19,415.01,415.01,324
2026-05-20 04:10:00,414.9,414.9,414.9,414.9,162
2026-05-20 04:13:00,414.68,414.7,414.68,414.7,100
2026-05-20 04:14:00,414.98,414.98,414.98,414.98,244
2026-05-20 04:16:00,414.95,415.01,414.94,415.01,174
2026-05-20 04:17:00,414.66,414.68,414.66,414.68,97
2026-05-20 04:21:00,414.7,414.75,414.7,414.75,165
2026-05-20 04:24:00,414.97,414.97,414.97,414.97,80
2026-05-20 04:26:00,414.96,414.96,414.74,414.74,303
2026-05-20 04:27:00,414.77,414.77,414.75,414.75,143
2026-05-20 04:28:00,414.84,415,414.84,415,228
2026-05-20 04:29:00,415.07,415.07,415.07,415.07,248
2026-05-20 04:30:00,415.31,415.38,415.31,415.38,108
2026-05-20 04:31:00,415.41,415.41,415.27,415.27,295
2026-05-20 04:32:00,415.46,415.5,415.21,415.21,320
2026-05-20 04:33:00,415.21,415.21,415.21,415.21,101
2026-05-20 04:34:00,415.46,415.7,415.37,415.41,723
2026-05-20 04:35:00,415.41,415.41,415.04,415.04,129
2026-05-20 04:36:00,415.35,415.37,415.35,415.36,421
2026-05-20 04:37:00,415.71,415.71,415.71,415.71,51
2026-05-20 04:40:00,415.8,415.8,415.8,415.8,100
2026-05-20 04:41:00,415.8,415.8,415.53,415.53,126
2026-05-20 04:42:00,415.52,415.52,415.52,415.52,44
2026-05-20 04:43:00,415.8,415.8,415.75,415.75,150
2026-05-20 04:44:00,415.8,415.8,415.8,415.8,216
2026-05-20 04:46:00,415.8,416.1,415.8,416.1,739
2026-05-20 04:47:00,416.36,416.36,416.16,416.16,113
2026-05-20 04:48:00,416.32,416.39,416.32,416.39,111
2026-05-20 04:50:00,416,416.01,415.88,415.88,153
2026-05-20 04:52:00,415.89,415.89,415.89,415.89,122
2026-05-20 04:54:00,415.96,415.96,415.73,415.73,150
2026-05-20 04:56:00,415.75,415.75,415.29,415.46,456
2026-05-20 04:57:00,415.8,415.8,415.8,415.8,100
2026-05-20 04:58:00,415.85,415.85,415.61,415.61,121
2026-05-20 05:00:00,415.62,415.62,415.43,415.43,143
2026-05-20 05:01:00,415.31,415.31,415,415.01,927
2026-05-20 05:03:00,415.23,415.26,415.23,415.26,183
2026-05-20 05:09:00,414.86,414.86,414.86,414.86,101
2026-05-20 05:10:00,415.01,415.01,415.01,415.01,40
2026-05-20 05:12:00,415.31,415.65,415.05,415.23,995
2026-05-20 05:13:00,415.11,415.11,415.11,415.11,45
2026-05-20 05:14:00,415,415,415,415,45
2026-05-20 05:15:00,415.01,415.01,415.01,415.01,45
2026-05-20 05:16:00,415,415,415,415,101
2026-05-20 05:17:00,414.6,414.6,414.6,414.6,66
2026-05-20 05:19:00,415.25,415.25,415.25,415.25,55
2026-05-20 05:22:00,415.01,415.01,415.01,415.01,110
2026-05-20 05:23:00,415,415,415,415,50
2026-05-20 05:25:00,415.01,415.01,415.01,415.01,78
2026-05-20 05:37:00,415.81,415.81,415.81,415.81,50
2026-05-20 05:39:00,415.41,415.496,415.4,415.48,1230
2026-05-20 05:40:00,415.48,415.48,415.48,415.48,49
2026-05-20 05:42:00,415.46,415.46,415.46,415.46,42
2026-05-20 05:43:00,415.44,415.44,415.44,415.44,98
2026-05-20 05:44:00,415.43,415.43,415.43,415.43,40
2026-05-20 05:46:00,415.31,415.51,415.31,415.51,130
2026-05-20 05:47:00,415.55,415.56,415.55,415.56,91
2026-05-20 05:50:00,415.06,415.51,414.68,415.01,1125
2026-05-20 05:53:00,415.7,415.8,415.7,415.8,302
2026-05-20 05:56:00,415.88,416,415.88,415.92,226
2026-05-20 05:57:00,416.14,416.15,416.14,416.15,100
2026-05-20 05:59:00,416.09,416.24,416.09,416.24,219
2026-05-20 06:00:00,416.37,416.74,416.37,416.73,1219
2026-05-20 06:01:00,417,417,417,417,100
2026-05-20 06:02:00,416.68,416.99,416.68,416.99,542
2026-05-20 06:03:00,416.93,416.93,416.81,416.81,227
2026-05-20 06:04:00,416.79,417.53,416.6,417.53,1504
2026-05-20 06:05:00,417.78,418,417.59,417.89,1859
2026-05-20 06:06:00,417.77,418,417.72,417.72,680
2026-05-20 06:07:00,417.8,417.8,417.8,417.8,50
2026-05-20 06:08:00,417.95,418.3,417.93,418.3,848
2026-05-20 06:09:00,418.3,418.3,418.03,418.03,248
2026-05-20 06:10:00,418.01,418.01,418,418,265
2026-05-20 06:11:00,417.91,417.98,417.72,417.73,1005
2026-05-20 06:12:00,417.75,417.75,417.75,417.75,71
2026-05-20 06:13:00,417.68,417.75,417.68,417.75,166
2026-05-20 06:15:00,417.9171,417.9171,417.9171,417.9171,80
2026-05-20 06:17:00,417.65,417.65,417.65,417.65,50
2026-05-20 06:18:00,417.56,417.56,417.5,417.5,260
2026-05-20 06:25:00,417.43,417.43,417.43,417.43,80
2026-05-20 06:26:00,417.47,417.47,417.24,417.24,95
2026-05-20 06:27:00,417.12,417.12,417,417,149
2026-05-20 06:28:00,416.2,416.2,416.2,416.2,150
2026-05-20 06:29:00,416.98,416.99,416.98,416.99,137
2026-05-20 06:30:00,416.98,418.23,416.98,417.74,9584
2026-05-20 06:31:00,417.88,417.88,417.88,417.88,40
2026-05-20 06:32:00,417.91,418,417.91,418,889
2026-05-20 06:34:00,417.88,417.96,417.82,417.96,206
2026-05-20 06:35:00,417.8,417.8,417.8,417.8,44
2026-05-20 06:38:00,417.81,417.81,417.81,417.81,60
2026-05-20 06:40:00,417.81,417.81,417.81,417.81,200
2026-05-20 06:41:00,417.0762,417.58,417.0762,417.58,488
2026-05-20 06:43:00,417.0909,417.0909,417.0909,417.0909,110
2026-05-20 06:44:00,417.35,417.35,417.35,417.35,80
2026-05-20 06:45:00,417.36,417.36,417.36,417.36,53
2026-05-20 06:46:00,417.34,417.5,417.34,417.5,434
2026-05-20 06:54:00,417.7,417.7,417.7,417.7,200
2026-05-20 06:55:00,417.44,417.7,417.19,417.19,633
2026-05-20 06:56:00,417.17,417.19,417.17,417.19,238
2026-05-20 06:58:00,417.17,417.5,417.17,417.34,635
2026-05-20 07:00:00,417.27,418.21,417.27,417.73,2660
2026-05-20 07:01:00,417.5,418.5,417.0301,418.27,1280
2026-05-20 07:02:00,418,418.49,418,418.4415,650
2026-05-20 07:03:00,418.11,418.4757,417.77,417.77,1784
2026-05-20 07:04:00,417.95,418,417.95,418,248
2026-05-20 07:05:00,418.08,418.08,418.08,418.08,100
2026-05-20 07:06:00,418.39,418.55,418.39,418.54,570
2026-05-20 07:07:00,418.5,418.67,418.26,418.5,569
2026-05-20 07:08:00,418.47,418.47,418.0586,418.0586,270
2026-05-20 07:09:00,418.4,418.448,418.4,418.448,96
2026-05-20 07:10:00,418.4664,418.48,418.1745,418.43,1166
2026-05-20 07:11:00,418.45,418.45,418.16,418.22,438
2026-05-20 07:12:00,418.2845,418.4478,418.16,418.16,559
2026-05-20 07:13:00,418.18,418.18,418.1,418.1,232
2026-05-20 07:14:00,418.13,418.3965,418,418,400
2026-05-20 07:16:00,417.78,418.25,417.78,418.25,144
2026-05-20 07:17:00,418.4,418.4,418.4,418.4,150
2026-05-20 07:18:00,418.4,418.4,418.3,418.3,193
2026-05-20 07:19:00,418.45,418.45,418.45,418.45,80
2026-05-20 07:20:00,418.1637,418.5,418.1637,418.5,250
2026-05-20 07:23:00,418.55,418.88,418.55,418.88,300
2026-05-20 07:24:00,418.68,418.68,418.68,418.68,232
2026-05-20 07:25:00,418.87,418.87,418.7002,418.7002,110
2026-05-20 07:26:00,418.77,418.77,418.49,418.6636,1129
2026-05-20 07:27:00,418.41,418.41,418.18,418.37,346
2026-05-20 07:28:00,418.595,418.595,418.595,418.595,90
2026-05-20 07:29:00,418.18,418.18,418.12,418.12,209
2026-05-20 07:30:00,418.5,418.64,418.3302,418.3302,679
2026-05-20 07:31:00,418.5843,418.5843,418.21,418.21,140
2026-05-20 07:32:00,418.5885,418.5885,418.5885,418.5885,50
2026-05-20 07:35:00,418.25,418.25,418.25,418.25,40
2026-05-20 07:36:00,418.39,418.4,418.12,418.12,1621
2026-05-20 07:37:00,418.13,418.13,418.13,418.13,63
2026-05-20 07:38:00,418.12,418.16,418.11,418.16,1719
2026-05-20 07:39:00,418.07,418.07,417.71,417.71,1616
2026-05-20 07:40:00,417.73,417.73,417.73,417.73,280
2026-05-20 07:41:00,418.15,418.15,417.98,418,480
2026-05-20 07:42:00,418.15,418.15,417.82,418.15,135
2026-05-20 07:44:00,418,418,417.5,417.5,245
2026-05-20 07:45:00,417.81,418.0375,417.51,418.0375,411
2026-05-20 07:46:00,417.76,417.76,417.76,417.76,63
2026-05-20 07:47:00,418.14,418.14,418.0805,418.0805,90
2026-05-20 07:48:00,418.14,418.14,417.86,418,268
2026-05-20 07:49:00,417.7,417.752,417.7,417.752,207
2026-05-20 07:50:00,417.935,417.935,417.35,417.5,778
2026-05-20 07:51:00,417.78,417.78,417.78,417.78,152
2026-05-20 07:52:00,418.15,418.15,418.15,418.15,100
2026-05-20 07:55:00,418,418.1,418,418,659
2026-05-20 07:56:00,418.14,418.14,417.26,417.63,859
2026-05-20 07:58:00,418.09,418.09,418.09,418.09,50
2026-05-20 08:00:00,417.341,417.5,417.341,417.5,200
2026-05-20 08:01:00,417.91,417.93,417.91,417.93,460
2026-05-20 08:02:00,417.99,418.15,417.99,418.12,3535
2026-05-20 08:03:00,418.25,418.26,418.25,418.26,550
2026-05-20 08:04:00,418.26,418.27,418.22,418.23,467
2026-05-20 08:05:00,418.01,418.012,418,418,210
2026-05-20 08:06:00,418.15,418.15,418.15,418.15,200
2026-05-20 08:07:00,418.0234,418.27,418.0234,418.21,3355
2026-05-20 08:08:00,418.21,418.21,418.09,418.09,169
2026-05-20 08:09:00,418.28,418.3,418.15,418.15,2261
2026-05-20 08:10:00,418.02,418.2412,417.654,417.654,491
2026-05-20 08:11:00,418.01,418.01,418.01,418.01,50
2026-05-20 08:12:00,418.2496,418.2496,418.2496,418.2496,50
2026-05-20 08:13:00,418.18,418.35,418.18,418.2145,3633
2026-05-20 08:15:00,418.32,418.32,418.22,418.22,300
2026-05-20 08:16:00,418.28,418.28,418.28,418.28,189
2026-05-20 08:17:00,418.35,418.56,418.35,418.56,358
2026-05-20 08:18:00,418.4898,418.4898,418.4898,418.4898,50
2026-05-20 08:19:00,418.45,418.45,418.35,418.35,100
2026-05-20 08:20:00,418.2301,418.3,418.2,418.2,308
2026-05-20 08:21:00,418.19,418.19,418.03,418.03,171
2026-05-20 08:23:00,418.3,418.38,418.3,418.38,400
2026-05-20 08:25:00,418.5,418.71,418.5,418.7,1051
2026-05-20 08:26:00,418.85,418.85,418.6,418.6,175
2026-05-20 08:27:00,418.69,418.75,418.69,418.75,84
2026-05-20 08:28:00,418.5,418.79,418.06,418.79,605
2026-05-20 08:29:00,418.8,418.8,418.66,418.66,201
2026-05-20 08:30:00,418.87,418.87,418.7734,418.7734,147
2026-05-20 08:32:00,418.66,418.7734,418.66,418.7734,130
2026-05-20 08:34:00,418.85,419.1889,418.5,419.1889,778
2026-05-20 08:35:00,419.0274,419.3,419.02,419.3,403
2026-05-20 08:36:00,418.84,419.29,418.84,418.8463,471
2026-05-20 08:37:00,419.17,419.17,418.97,418.97,768
2026-05-20 08:38:00,418.88,418.88,418.59,418.59,87
2026-05-20 08:39:00,418.57,418.79,418.3,418.3,197
2026-05-20 08:40:00,418.79,418.8,418.51,418.51,333
2026-05-20 08:41:00,418.66,418.9953,418.66,418.9953,540
2026-05-20 08:42:00,418.61,418.99,418.6,418.6,359
2026-05-20 08:44:00,418.86,418.86,418.86,418.86,357
2026-05-20 08:46:00,419,419.1008,418.93,419.1,1011
2026-05-20 08:47:00,419.29,419.29,419.29,419.29,150
2026-05-20 08:48:00,419.3,419.4,419.3,419.4,1328
2026-05-20 08:49:00,419.36,419.6,419.2383,419.2383,245
2026-05-20 08:50:00,419.22,419.22,419.1,419.2098,454
2026-05-20 08:51:00,419.1879,419.21,419.18,419.21,153
2026-05-20 08:52:00,419.22,419.25,419.22,419.25,360
2026-05-20 08:53:00,419.01,419.21,419.01,419.125,500
2026-05-20 08:54:00,419.12,419.45,419.12,419.45,423
2026-05-20 08:55:00,419.31,419.35,419.31,419.35,354
2026-05-20 08:56:00,419.25,419.25,419.02,419.0361,516
2026-05-20 08:57:00,419.06,419.35,419,419.26,1379
2026-05-20 08:58:00,419.35,419.35,418.89,418.89,1658
2026-05-20 08:59:00,418.5,418.86,418.5,418.86,150
2026-05-20 09:00:00,418.5407,418.5407,418.5407,418.5407,200
2026-05-20 09:01:00,418.51,418.9,418.51,418.51,826
2026-05-20 09:02:00,418.5357,418.5357,418.5357,418.5357,101
2026-05-20 09:03:00,418.55,418.83,418.55,418.63,249
2026-05-20 09:04:00,418.9665,418.9665,418.9665,418.9665,100
2026-05-20 09:05:00,418.75,418.8749,418.75,418.8749,229
2026-05-20 09:06:00,418.87,418.99,418.83,418.83,682
2026-05-20 09:07:00,418.85,418.85,418.6,418.6,1646
2026-05-20 09:08:00,418.7269,418.7269,418.48,418.6,823
2026-05-20 09:09:00,418.55,418.55,418.45,418.45,635
2026-05-20 09:10:00,418.25,418.39,418.12,418.3,415
2026-05-20 09:11:00,418.3,418.56,418.3,418.56,2157
2026-05-20 09:12:00,418.5,418.59,418.5,418.5726,523
2026-05-20 09:13:00,418.73,419.13,418.73,418.99,2166
2026-05-20 09:14:00,418.75,418.89,418.74,418.74,286
2026-05-20 09:15:00,418.61,418.93,418.6,418.69,940
2026-05-20 09:16:00,418.61,418.69,418.4,418.4,1790
2026-05-20 09:17:00,418.4,418.46,418.4,418.46,320
2026-05-20 09:18:00,418.34,418.34,417.97,417.97,3450
2026-05-20 09:19:00,417.7,418,417.5,417.5,1944
2026-05-20 09:20:00,417.501,417.51,417.5,417.51,290
2026-05-20 09:21:00,417.93,418.01,417.8,418.01,633
2026-05-20 09:22:00,417.78,418.39,417.78,418.0823,300
2026-05-20 09:23:00,417.5,417.5,417.5,417.5,65
2026-05-20 09:24:00,417.6,417.6,417.6,417.6,65
2026-05-20 09:25:00,417.93,417.93,416.21,416.5,3686
2026-05-20 09:26:00,416.75,416.93,416.1,416.1,1490
2026-05-20 09:27:00,416.1,417.15,412.9,413.31,9083
2026-05-20 09:28:00,412.72,413.86,412.1,413.3,23300
2026-05-20 09:29:00,413.33,413.46,412.54,412.82,6102
2026-05-20 09:30:00,412.81,416.02,412.805,415.475,379535
2026-05-20 09:31:00,415.475,417.525,414.47,416.17,110398
2026-05-20 09:32:00,416.03,416.41,413.79,414.37,71824
2026-05-20 09:33:00,414.575,415.4199,413.28,414.345,43152
2026-05-20 09:34:00,414.34,416.76,414.16,416.525,34774
2026-05-20 09:35:00,416.525,417.49,415.53,415.53,53548
2026-05-20 09:36:00,415.585,415.96,414.2,414.385,32176
2026-05-20 09:37:00,414.44,414.646,413.41,413.895,41958
2026-05-20 09:38:00,414.07,414.735,413.07,413.335,41065
2026-05-20 09:39:00,413.26,413.42,412.2,413.27,81921
2026-05-20 09:40:00,413.22,414.7,412.92,414.32,69292
2026-05-20 09:41:00,414.365,414.85,412.3561,412.58,74166
2026-05-20 09:42:00,412.55,414.38,412.51,413.56,63999
2026-05-20 09:43:00,413.74,414.29,413.09,414.12,33581
2026-05-20 09:44:00,414.13,415.49,413.58,414.97,46459
2026-05-20 09:45:00,415.04,415.29,413.445,413.445,69507
2026-05-20 09:46:00,413.445,415.03,413.44,414.815,64537
2026-05-20 09:47:00,414.89,415,414.06,414.855,34622
2026-05-20 09:48:00,414.97,415.9,414.86,415.175,37007
2026-05-20 09:49:00,415.17,415.17,413.9,414.495,46614
2026-05-20 09:50:00,414.32,414.755,413.3,413.395,22978
2026-05-20 09:51:00,413.395,413.53,412.71,413.125,45192
2026-05-20 09:52:00,413.03,414.58,412.99,414.58,35333
2026-05-20 09:53:00,414.5579,415,413.85,413.92,54751
2026-05-20 09:54:00,413.83,413.91,411.42,412.275,68607
2026-05-20 09:55:00,412.26,413.1,412.1,412.26,22134
2026-05-20 09:56:00,412.21,412.95,412,412.81,55131
2026-05-20 09:57:00,412.84,414.13,412.84,414.01,69481
2026-05-20 09:58:00,414.01,414.01,413.2,413.72,36885
2026-05-20 09:59:00,413.82,414.5,413.5401,414.03,63463
2026-05-20 10:00:00,414.15,414.8,413.66,414.71,52682
2026-05-20 10:01:00,414.745,415.3,413.7,413.975,71881
2026-05-20 10:02:00,414.09,414.09,413,413.1163,25343
2026-05-20 10:03:00,413.055,413.415,412.32,412.5625,24822
2026-05-20 10:04:00,412.71,413,412.2,412.985,32759
2026-05-20 10:05:00,412.94,413.4,412.73,413.34,15792
2026-05-20 10:06:00,413.23,413.82,412.88,413.6825,16349
2026-05-20 10:07:00,413.69,414.25,413.49,414.07,27721
2026-05-20 10:08:00,414.16,415.5,414.1168,415.36,37563
2026-05-20 10:09:00,415.36,415.83,414.5,414.87,40472
2026-05-20 10:10:00,414.87,415.24,414.5101,415.11,21763
2026-05-20 10:11:00,414.91,415.36,414.72,414.985,22487
2026-05-20 10:12:00,414.99,415.16,414.08,414.485,29700
2026-05-20 10:13:00,414.24,414.4799,413.4,414,22225
2026-05-20 10:14:00,414.045,417.25,413.87,416.59,64707
2026-05-20 10:15:00,416.75,417.33,415.89,417.075,45823
2026-05-20 10:16:00,417.25,419.765,416.88,419.523,92617
2026-05-20 10:17:00,419.69,420.09,418.5101,418.815,68105
2026-05-20 10:18:00,418.76,419,417.64,417.79,52681
2026-05-20 10:19:00,417.87,418.29,417.7504,417.945,37435
2026-05-20 10:20:00,418.06,419.49,417.94,419.41,56199
2026-05-20 10:21:00,419.33,419.77,418.78,419.525,30830
2026-05-20 10:22:00,419.57,420.09,419.3,419.93,77294
2026-05-20 10:23:00,419.92,420.25,419.375,419.72,45770
2026-05-20 10:24:00,419.78,419.9699,418.845,419.22,29195
2026-05-20 10:25:00,419.22,419.79,418.4401,419.6,20919
2026-05-20 10:26:00,419.8,420.3,419.72,420.1659,30763
2026-05-20 10:27:00,420.105,420.74,420.01,420.56,82535
2026-05-20 10:28:00,420.58,420.87,420.22,420.87,29381
2026-05-20 10:29:00,420.72,421.2677,420.32,420.725,57047
2026-05-20 10:30:00,420.95,421.19,420.505,420.65,29594
2026-05-20 10:31:00,420.7,420.99,420.3,420.67,30238
2026-05-20 10:32:00,420.77,421.1999,420.07,420.16,32891
2026-05-20 10:33:00,420.0801,420.53,418.8522,419.065,19470
2026-05-20 10:34:00,419,419.89,418.92,419.45,19979
2026-05-20 10:35:00,419.34,419.49,418.04,418.3,26614
2026-05-20 10:36:00,418.39,419,418.34,418.89,14842
2026-05-20 10:37:00,418.895,419.4899,418.3,418.355,36877
2026-05-20 10:38:00,418.29,418.55,418.05,418.29,23902
2026-05-20 10:39:00,418.325,418.96,418.23,418.42,16728
2026-05-20 10:40:00,418.535,418.54,418,418.02,30769
2026-05-20 10:41:00,418.2,418.6799,418,418.185,16366
2026-05-20 10:42:00,418.185,418.5,417.93,418.21,19284
2026-05-20 10:43:00,418.2,419.17,418.2,418.86,15056
2026-05-20 10:44:00,418.9,419.77,418.74,419.56,19547
2026-05-20 10:45:00,419.69,420.06,419.24,419.48,60437
2026-05-20 10:46:00,419.37,419.82,418.87,418.97,15245
2026-05-20 10:47:00,418.97,418.97,418.53,418.69,15061
2026-05-20 10:48:00,418.53,418.9899,418.43,418.6496,9139
2026-05-20 10:49:00,418.72,418.94,418.39,418.44,11186
2026-05-20 10:50:00,418.37,419.02,418.35,418.77,14114
2026-05-20 10:51:00,418.76,419.0299,418.49,418.935,6205
2026-05-20 10:52:00,419.03,419.6,418.98,419.5575,9356
2026-05-20 10:53:00,419.54,419.98,419.52,419.7346,9851
2026-05-20 10:54:00,419.76,419.88,419.52,419.605,13650
2026-05-20 10:55:00,419.5004,419.99,419.23,419.82,11288
2026-05-20 10:56:00,419.71,420.26,419.65,420.07,19278
2026-05-20 10:57:00,420.07,420.43,419.9,420.43,20935
2026-05-20 10:58:00,420.41,420.88,420,420.02,27726
2026-05-20 10:59:00,420.13,420.55,420.13,420.54,20512
2026-05-20 11:00:00,420.495,420.85,420.3,420.59,15656
2026-05-20 11:01:00,420.635,420.7,420.42,420.7,18660
2026-05-20 11:02:00,420.67,420.88,420.34,420.34,23455
2026-05-20 11:03:00,420.32,420.88,420.24,420.48,25007
2026-05-20 11:04:00,420.465,420.75,420.37,420.47,8112
2026-05-20 11:05:00,420.575,420.9,420.34,420.85,13490
2026-05-20 11:06:00,420.87,421.55,420.87,421.41,29634
2026-05-20 11:07:00,421.4852,421.6779,421.03,421.06,17099
2026-05-20 11:08:00,421.11,421.53,420.96,421.5,15967
2026-05-20 11:09:00,421.49,421.91,421.35,421.865,31466
2026-05-20 11:10:00,421.82,422.13,421.66,422.065,26824
2026-05-20 11:11:00,422.02,422.72,421.94,422.565,38229
2026-05-20 11:12:00,422.585,422.62,421.7801,422.163,37353
2026-05-20 11:13:00,422.3,422.44,421.95,422.045,17697
2026-05-20 11:14:00,422.01,422.17,421.6401,422.015,30644
2026-05-20 11:15:00,422.2799,423.6799,421.9901,422.97,57405
2026-05-20 11:16:00,422.98,424.17,422.76,423.59,39598
2026-05-20 11:17:00,423.53,423.7099,421.96,422.0701,31124
2026-05-20 11:18:00,421.99,422.34,421.2,421.845,47021
2026-05-20 11:19:00,421.74,422.78,421.49,422.395,21491
2026-05-20 11:20:00,422.395,422.61,422.12,422.42,12248
2026-05-20 11:21:00,422.415,422.72,422.07,422.25,16846
2026-05-20 11:22:00,422.29,422.54,422.11,422.265,10205
2026-05-20 11:23:00,422.32,422.7,422.3,422.3915,34961
2026-05-20 11:24:00,422.355,422.55,421.9601,422.125,17849
2026-05-20 11:25:00,422.055,422.26,421.22,421.39,62999
2026-05-20 11:26:00,421.39,422.02,421.23,421.88,30719
2026-05-20 11:27:00,421.89,422.615,421.8525,422.55,57876
2026-05-20 11:28:00,422.55,423.18,422.3701,422.575,58504
2026-05-20 11:29:00,422.575,422.71,422,422.19,53058
2026-05-20 11:30:00,422.185,422.47,421.8301,422.15,35263
2026-05-20 11:31:00,422.1697,422.39,421.81,421.96,14125
2026-05-20 11:32:00,421.96,422.535,421.64,421.71,19872
2026-05-20 11:33:00,421.78,421.79,421.12,421.285,11037
2026-05-20 11:34:00,421.285,421.44,420.8101,421.155,19648
2026-05-20 11:35:00,421.2,421.575,421.16,421.366,7134
2026-05-20 11:36:00,421.41,421.52,421.12,421.2725,17807
2026-05-20 11:37:00,421.265,421.41,420.95,421.0675,11467
2026-05-20 11:38:00,421.06,421.36,420.93,421.04,20819
2026-05-20 11:39:00,421.1193,421.22,420.92,421.17,2839
2026-05-20 11:40:00,421.2599,421.5899,421.03,421.1,24033
2026-05-20 11:41:00,421.2,421.29,420.93,421.12,9263
2026-05-20 11:42:00,421.14,421.39,421.01,421.06,8895
2026-05-20 11:43:00,421.11,421.22,420.34,420.47,12171
2026-05-20 11:44:00,420.47,420.8799,420.47,420.8,6680
2026-05-20 11:45:00,420.8,421.36,420.8,421.31,8035
2026-05-20 11:46:00,421.365,421.5,421.17,421.33,10324
2026-05-20 11:47:00,421.32,421.39,421.19,421.19,7514
2026-05-20 11:48:00,421.26,421.42,421,421.09,7826
2026-05-20 11:49:00,421.09,421.24,421.02,421.165,5519
2026-05-20 11:50:00,421.165,421.1725,420.88,420.9,6599
2026-05-20 11:51:00,420.88,421.23,420.8701,420.99,24697
2026-05-20 11:52:00,421.07,421.07,420.72,420.885,8046
2026-05-20 11:53:00,420.885,421.07,420.64,420.64,6760
2026-05-20 11:54:00,420.63,420.8,420.6,420.75,7132
2026-05-20 11:55:00,420.72,420.8,420.5635,420.7199,13021
2026-05-20 11:56:00,420.708,420.94,420.6,420.78,9064
2026-05-20 11:57:00,420.83,420.83,420.1,420.22,15353
2026-05-20 11:58:00,420.22,420.47,420.11,420.325,7321
2026-05-20 11:59:00,420.351,420.47,420.0701,420.39,11081
2026-05-20 12:00:00,420.41,420.85,420.295,420.71,8711
2026-05-20 12:01:00,420.65,420.94,420.4901,420.67,9001
2026-05-20 12:02:00,420.61,421,420.5301,420.9,13237
2026-05-20 12:03:00,420.905,420.933,420.32,420.32,9244
2026-05-20 12:04:00,420.29,420.36,420.13,420.31,7520
2026-05-20 12:05:00,420.315,420.39,420.12,420.3,8526
2026-05-20 12:06:00,420.215,420.34,420.14,420.29,6797
2026-05-20 12:07:00,420.31,420.31,419.95,420.015,8699
2026-05-20 12:08:00,419.9975,420.058,419.465,419.465,20398
2026-05-20 12:09:00,419.465,419.61,419.29,419.5,10659
2026-05-20 12:10:00,419.63,419.87,419.46,419.87,10274
2026-05-20 12:11:00,419.795,420.03,419.48,419.835,12542
2026-05-20 12:12:00,419.78,419.94,419.3501,419.94,20294
2026-05-20 12:13:00,419.815,420.31,419.68,420.31,14996
2026-05-20 12:14:00,420.11,420.32,419.95,420.3,13608
2026-05-20 12:15:00,420.19,420.2475,419.24,419.24,7578
2026-05-20 12:16:00,419.345,419.52,419.08,419.415,14872
2026-05-20 12:17:00,419.53,419.54,419.2,419.295,7003
2026-05-20 12:18:00,419.295,419.295,418.89,419.07,22530
2026-05-20 12:19:00,419.07,419.17,418.71,418.85,14353
2026-05-20 12:20:00,418.8921,419.21,418.6201,418.78,18195
2026-05-20 12:21:00,418.69,418.95,418.61,418.74,10568
2026-05-20 12:22:00,418.71,419.63,418.71,419.32,39675
2026-05-20 12:23:00,419.07,419.68,419.03,419.47,14281
2026-05-20 12:24:00,419.53,419.805,418.65,418.83,52686
2026-05-20 12:25:00,418.8451,418.8451,418.15,418.61,17635
2026-05-20 12:26:00,418.645,418.7,418.28,418.51,6600
2026-05-20 12:27:00,418.57,418.82,418.49,418.79,10366
2026-05-20 12:28:00,418.76,419.1699,418.59,418.725,9259
2026-05-20 12:29:00,418.8,419.389,418.75,419.245,8867
2026-05-20 12:30:00,419.245,419.33,418.91,419.185,11922
2026-05-20 12:31:00,419.19,419.5,418.99,419.23,7810
2026-05-20 12:32:00,419.3092,419.41,418.5,418.5701,10205
2026-05-20 12:33:00,418.59,418.66,418.25,418.57,5851
2026-05-20 12:34:00,418.75,419.19,418.555,419.135,10447
2026-05-20 12:35:00,419.2,419.2,418.8,418.86,3918
2026-05-20 12:36:00,418.83,419.25,418.81,419.07,11040
2026-05-20 12:37:00,419.3216,419.3216,418.62,418.625,5191
2026-05-20 12:38:00,418.72,419.01,418.46,418.93,3867
2026-05-20 12:39:00,418.89,418.96,418.34,418.34,9444
2026-05-20 12:40:00,418.47,419.0133,418.45,419.0133,5232
2026-05-20 12:41:00,419.03,419.55,418.96,419.5,13019
2026-05-20 12:42:00,419.546,419.925,419.35,419.35,10896
2026-05-20 12:43:00,419.32,419.78,418.9501,419.7799,11264
2026-05-20 12:44:00,419.725,419.87,419.49,419.87,6568
2026-05-20 12:45:00,419.87,420.09,419.395,419.395,21938
2026-05-20 12:46:00,419.395,419.7699,419.3,419.43,16127
2026-05-20 12:47:00,419.43,419.61,419.16,419.16,13434
2026-05-20 12:48:00,419.205,419.29,418.6,418.7,7054
2026-05-20 12:49:00,418.6,418.87,418.56,418.78,6941
2026-05-20 12:50:00,418.74,418.9,418.57,418.61,7925
2026-05-20 12:51:00,418.64,418.97,418.56,418.63,11738
2026-05-20 12:52:00,418.6,418.86,418.47,418.6,10413
2026-05-20 12:53:00,418.545,418.62,418.4218,418.5,7015
2026-05-20 12:54:00,418.5,418.615,418.22,418.48,6088
2026-05-20 12:55:00,418.44,418.66,418.28,418.53,8647
2026-05-20 12:56:00,418.48,418.525,418.05,418.055,13440
2026-05-20 12:57:00,418,418.0845,417.55,417.61,26564
2026-05-20 12:58:00,417.67,418.25,417.6,418.1025,17581
2026-05-20 12:59:00,418.26,418.67,418.16,418.565,20032
2026-05-20 13:00:00,418.607,418.8,418.22,418.4899,20187
2026-05-20 13:01:00,418.31,418.605,418.12,418.355,5504
2026-05-20 13:02:00,418.355,418.445,417.93,418.11,7222
2026-05-20 13:03:00,418.22,418.3099,418.13,418.29,2810
2026-05-20 13:04:00,418.305,418.31,417.63,417.63,17959
2026-05-20 13:05:00,417.65,417.83,417.48,417.565,11367
2026-05-20 13:06:00,417.63,418.01,417.565,417.95,8968
2026-05-20 13:07:00,417.935,418.25,417.935,418.14,4848
2026-05-20 13:08:00,418.1837,418.1837,417.66,417.66,4989
2026-05-20 13:09:00,417.6425,417.77,417.58,417.68,5753
2026-05-20 13:10:00,417.7375,417.75,417.41,417.69,6796
2026-05-20 13:11:00,417.7,417.84,417.51,417.75,7712
2026-05-20 13:12:00,417.82,417.89,417.42,417.65,10379
2026-05-20 13:13:00,417.72,418.39,417.48,417.93,23214
2026-05-20 13:14:00,417.99,418.46,417.89,418.0201,6955
2026-05-20 13:15:00,418.09,418.2,417.63,417.715,13048
2026-05-20 13:16:00,417.79,418.0099,417.54,417.54,8000
2026-05-20 13:17:00,417.52,417.7499,417.39,417.6605,8116
2026-05-20 13:18:00,417.58,417.89,417.58,417.8809,10184
2026-05-20 13:19:00,417.88,417.93,417.43,417.52,4559
2026-05-20 13:20:00,417.43,417.67,417.39,417.6399,9611
2026-05-20 13:21:00,417.64,417.88,417.5475,417.59,6791
2026-05-20 13:22:00,417.585,417.75,417.48,417.62,15373
2026-05-20 13:23:00,417.62,417.71,417.48,417.51,6279
2026-05-20 13:24:00,417.49,417.61,417.37,417.52,7956
2026-05-20 13:25:00,417.55,417.61,417.26,417.415,5086
2026-05-20 13:26:00,417.415,417.73,417.41,417.6275,9458
2026-05-20 13:27:00,417.61,417.86,417.6001,417.82,6654
2026-05-20 13:28:00,417.83,417.91,417.72,417.8025,4410
2026-05-20 13:29:00,417.75,418.04,417.55,417.67,9010
2026-05-20 13:30:00,417.79,418.07,417.7101,417.84,7176
2026-05-20 13:31:00,417.855,418.23,417.855,418.19,14638
2026-05-20 13:32:00,418.1,418.19,417.91,417.985,15222
2026-05-20 13:33:00,418.04,418.175,417.7101,417.97,14857
2026-05-20 13:34:00,417.9,418.2,417.85,418,35483
2026-05-20 13:35:00,417.93,418.56,417.91,418.5406,17081
2026-05-20 13:36:00,418.49,419.01,418.28,418.35,13175
2026-05-20 13:37:00,418.42,418.45,418.02,418.14,4966
2026-05-20 13:38:00,418.02,418.29,417.9773,418.26,6501
2026-05-20 13:39:00,418.27,418.5,418.255,418.33,8105
2026-05-20 13:40:00,418.28,418.33,418.04,418.18,5216
2026-05-20 13:41:00,418.13,418.23,418,418.15,4292
2026-05-20 13:42:00,418.26,418.5,418.14,418.3849,6421
2026-05-20 13:43:00,418.365,418.41,418.21,418.41,2767
2026-05-20 13:44:00,418.38,418.42,418.32,418.34,4224
2026-05-20 13:45:00,418.33,418.48,418.31,418.35,2582
2026-05-20 13:46:00,418.31,418.39,417.835,417.915,7008
2026-05-20 13:47:00,417.93,417.94,417.5801,417.65,9718
2026-05-20 13:48:00,417.65,417.82,417.62,417.7575,5798
2026-05-20 13:49:00,417.715,417.715,417.58,417.69,3363
2026-05-20 13:50:00,417.69,417.8235,417.58,417.69,8436
2026-05-20 13:51:00,417.695,418.0877,417.651,418,7624
2026-05-20 13:52:00,417.99,418.13,417.51,417.76,60914
2026-05-20 13:53:00,417.6327,418.31,417.6327,417.95,46169
2026-05-20 13:54:00,418.01,418.2,417.94,418.03,16085
2026-05-20 13:55:00,417.96,418.34,417.96,418.155,10816
2026-05-20 13:56:00,418.1,418.165,417.98,417.98,15410
2026-05-20 13:57:00,417.98,418.13,417.85,417.86,3283
2026-05-20 13:58:00,417.905,418.01,417.82,417.97,3273
2026-05-20 13:59:00,418,418.2363,418,418.06,4675
2026-05-20 14:00:00,418.13,418.35,417.7,418.26,27879
2026-05-20 14:01:00,418.235,418.49,418.031,418.385,8304
2026-05-20 14:02:00,418.39,418.66,418.31,418.4656,20522
2026-05-20 14:03:00,418.37,418.9799,418.35,418.97,13816
2026-05-20 14:04:00,418.91,419.2,418.8401,419.15,14105
2026-05-20 14:05:00,419.1,419.105,418.72,418.94,7718
2026-05-20 14:06:00,418.9189,418.99,418.57,418.58,11184
2026-05-20 14:07:00,418.615,418.959,418.6,418.85,12069
2026-05-20 14:08:00,418.93,419.005,418.69,418.77,6041
2026-05-20 14:09:00,418.7,418.79,418.24,418.24,6771
2026-05-20 14:10:00,418.36,418.81,418.31,418.65,10580
2026-05-20 14:11:00,418.65,418.76,418.54,418.615,6953
2026-05-20 14:12:00,418.65,418.94,418.65,418.815,10794
2026-05-20 14:13:00,418.84,418.9,418.68,418.83,5478
2026-05-20 14:14:00,418.88,418.9,418.62,418.71,5115
2026-05-20 14:15:00,418.63,418.72,418.46,418.555,7822
2026-05-20 14:16:00,418.56,418.64,418.4201,418.555,6825
2026-05-20 14:17:00,418.555,418.62,418.38,418.41,4528
2026-05-20 14:18:00,418.41,418.41,418.03,418.185,5246
2026-05-20 14:19:00,418.195,418.24,418.09,418.2,5394
2026-05-20 14:20:00,418.2,418.445,418.06,418.195,7769
2026-05-20 14:21:00,418.2,418.26,418.06,418.25,4742
2026-05-20 14:22:00,418.225,418.31,417.97,418.08,7918
2026-05-20 14:23:00,418.07,418.19,418,418.19,4995
2026-05-20 14:24:00,418.105,418.185,417.83,417.86,17681
2026-05-20 14:25:00,417.94,418.15,417.8,417.845,11880
2026-05-20 14:26:00,417.81,418.04,417.76,417.985,8065
2026-05-20 14:27:00,418.0399,418.115,417.88,418.1,3939
2026-05-20 14:28:00,418.05,418.1899,417.88,417.8801,4911
2026-05-20 14:29:00,417.88,418.17,417.76,418.16,14452
2026-05-20 14:30:00,418.19,418.365,418.13,418.295,11714
2026-05-20 14:31:00,418.24,418.4,418.17,418.17,7548
2026-05-20 14:32:00,418.14,418.165,417.8,417.8,5078
2026-05-20 14:33:00,417.86,417.94,417.65,417.91,18148
2026-05-20 14:34:00,417.91,418.31,417.91,418.31,10357
2026-05-20 14:35:00,418.17,418.17,417.96,418.12,4714
2026-05-20 14:36:00,418.09,418.17,418.08,418.1,3095
2026-05-20 14:37:00,418.11,418.53,418.1,418.525,7832
2026-05-20 14:38:00,418.52,418.69,418.47,418.65,6379
2026-05-20 14:39:00,418.66,418.8099,418.54,418.54,6870
2026-05-20 14:40:00,418.65,418.7,418.47,418.5,5126
2026-05-20 14:41:00,418.5385,418.59,418.37,418.47,3168
2026-05-20 14:42:00,418.45,418.53,418.085,418.085,7007
2026-05-20 14:43:00,418.09,418.33,417.97,418.23,10352
2026-05-20 14:44:00,418.18,418.28,417.89,417.92,16347
2026-05-20 14:45:00,417.86,418.25,417.82,418.17,6111
2026-05-20 14:46:00,418.09,418.13,417.95,418.03,3908
2026-05-20 14:47:00,418.1363,418.17,417.97,417.99,12086
2026-05-20 14:48:00,417.98,418.1,417.83,418.02,7457
2026-05-20 14:49:00,418.09,418.12,417.83,417.83,3070
2026-05-20 14:50:00,417.85,418.0399,417.69,417.74,5219
2026-05-20 14:51:00,417.6901,417.77,417.625,417.744,5870
2026-05-20 14:52:00,417.72,417.95,417.69,417.935,6542
2026-05-20 14:53:00,417.935,418.02,417.9,417.925,4979
2026-05-20 14:54:00,417.97,417.97,417.64,417.69,5200
2026-05-20 14:55:00,417.71,418.009,417.6801,417.99,7088
2026-05-20 14:56:00,417.93,418.01,417.78,417.81,5749
2026-05-20 14:57:00,417.845,417.995,417.77,417.8801,4660
2026-05-20 14:58:00,417.88,417.98,417.7501,417.885,5993
2026-05-20 14:59:00,417.905,417.97,417.73,417.775,8167
2026-05-20 15:00:00,417.77,417.88,417.61,417.88,6909
2026-05-20 15:01:00,417.87,418.0495,417.69,417.69,15282
2026-05-20 15:02:00,417.69,418,417.57,417.97,12716
2026-05-20 15:03:00,417.87,417.94,417.71,417.765,5505
2026-05-20 15:04:00,417.81,418.04,417.765,417.955,3676
2026-05-20 15:05:00,417.96,418.11,417.82,417.92,8091
2026-05-20 15:06:00,417.975,418.4,417.82,417.985,29699
2026-05-20 15:07:00,418.1099,418.22,417.88,418,6321
2026-05-20 15:08:00,418.005,418.4,417.98,418.38,12883
2026-05-20 15:09:00,418.34,418.4099,418.17,418.26,12294
2026-05-20 15:10:00,418.265,418.43,418.265,418.3726,9665
2026-05-20 15:11:00,418.39,418.48,418.01,418.27,38871
2026-05-20 15:12:00,418.3,418.54,418.23,418.54,13883
2026-05-20 15:13:00,418.49,418.83,418.49,418.7399,12697
2026-05-20 15:14:00,418.66,418.8399,418.63,418.64,18802
2026-05-20 15:15:00,418.69,418.88,418.65,418.805,14571
2026-05-20 15:16:00,418.83,418.85,418.6,418.7,13048
2026-05-20 15:17:00,418.6306,418.8,418.34,418.425,15576
2026-05-20 15:18:00,418.425,418.71,418.33,418.645,45502
2026-05-20 15:19:00,418.645,418.8,418.5,418.535,8470
2026-05-20 15:20:00,418.53,418.58,418.41,418.52,9508
2026-05-20 15:21:00,418.52,418.89,418.52,418.84,24663
2026-05-20 15:22:00,418.88,419.21,418.8,419.025,13691
2026-05-20 15:23:00,419.025,419.32,419.025,419.17,12980
2026-05-20 15:24:00,419.19,419.3,419.12,419.2,21318
2026-05-20 15:25:00,419.18,419.23,418.92,419.12,14181
2026-05-20 15:26:00,419.16,419.16,418.96,419.045,10195
2026-05-20 15:27:00,419.05,419.205,418.7737,418.9,11071
2026-05-20 15:28:00,418.98,419.36,418.8216,419.2318,12288
2026-05-20 15:29:00,419.24,419.25,419.04,419.05,7854
2026-05-20 15:30:00,419.09,419.12,418.76,418.77,9996
2026-05-20 15:31:00,418.785,418.85,418.571,418.68,12712
2026-05-20 15:32:00,418.65,418.68,418.19,418.25,17344
2026-05-20 15:33:00,418.2,418.41,418.09,418.295,23004
2026-05-20 15:34:00,418.28,418.39,418.24,418.36,24007
2026-05-20 15:35:00,418.34,418.37,418.1,418.17,22685
2026-05-20 15:36:00,418.1,418.17,417.96,417.96,17012
2026-05-20 15:37:00,417.96,418.17,417.85,418.17,12431
2026-05-20 15:38:00,418.1,418.41,418.0755,418.22,28785
2026-05-20 15:39:00,418.22,418.81,418.185,418.24,41143
2026-05-20 15:40:00,418.24,418.24,417.927,418.06,18022
2026-05-20 15:41:00,418.03,418.13,417.98,418.04,15110
2026-05-20 15:42:00,418.07,418.1,417.83,418.07,24360
2026-05-20 15:43:00,418.055,418.47,418,418.305,16068
2026-05-20 15:44:00,418.25,418.42,418.11,418.4,22912
2026-05-20 15:45:00,418.315,418.67,418.27,418.67,21446
2026-05-20 15:46:00,418.67,419.3,418.53,418.9725,50194
2026-05-20 15:47:00,418.97,419.03,418.51,418.64,20133
2026-05-20 15:48:00,418.65,419,418.48,418.89,31139
2026-05-20 15:49:00,418.85,418.905,418.54,418.59,13458
2026-05-20 15:50:00,418.64,418.64,417.98,418.035,18751
2026-05-20 15:51:00,418.03,418.09,417.83,418.01,44565
2026-05-20 15:52:00,418.05,418.22,417.93,418.1494,38620
2026-05-20 15:53:00,418.15,418.35,418.01,418.09,37444
2026-05-20 15:54:00,418.14,418.14,417.25,417.46,48023
2026-05-20 15:55:00,417.49,418.1,417.18,417.32,98524
2026-05-20 15:56:00,417.32,417.49,417.21,417.44,64075
2026-05-20 15:57:00,417.455,417.72,417.25,417.55,75008
2026-05-20 15:58:00,417.55,417.86,417.43,417.52,116879
2026-05-20 15:59:00,417.56,418,417.42,417.53,342840
2026-05-20 16:00:00,417.76,417.88,417.195,417.5,2956374
2026-05-20 16:01:00,417,417.5,417,417.18,777
2026-05-20 16:02:00,417.59,417.9,417.59,417.76,2164
2026-05-20 16:03:00,417.81,417.81,417.81,417.81,180
2026-05-20 16:04:00,417.74,417.83,417.74,417.83,149
2026-05-20 16:05:00,417.84,417.84,417,417,109
2026-05-20 16:06:00,417.84,417.84,417.82,417.84,231
2026-05-20 16:07:00,417.24,417.24,417.24,417.24,95
2026-05-20 16:08:00,417.48,417.75,417.48,417.75,578
2026-05-20 16:09:00,417.5,417.75,417.5,417.75,138
2026-05-20 16:10:00,417.67,417.76,417.67,417.76,2094
2026-05-20 16:11:00,417.76,417.83,417.76,417.76,3001
2026-05-20 16:12:00,417.79,418.08,417.79,417.9,814
2026-05-20 16:13:00,417.9,417.9,417.83,417.9,940
2026-05-20 16:14:00,417.8,417.8,417.8,417.8,100
2026-05-20 16:15:00,417.84,417.84,417.84,417.84,40
2026-05-20 16:16:00,417.38,417.38,417.38,417.38,45
2026-05-20 16:17:00,417.75,417.75,417.3667,417.38,195
2026-05-20 16:18:00,417.29,417.29,417.1125,417.16,744
2026-05-20 16:19:00,417.49,417.49,417.49,417.49,83
2026-05-20 16:20:00,417.13,417.49,416.07,416.92,2423
2026-05-20 16:21:00,416.2,416.2,415.4,415.63,3077
2026-05-20 16:22:00,415.66,416.2,415.2,415.2,2428
2026-05-20 16:23:00,415.8008,416.15,415.46,416.15,982
2026-05-20 16:24:00,416.0566,417.19,416.0566,417.19,464
2026-05-20 16:25:00,417.49,417.64,416.31,417.07,2196
2026-05-20 16:26:00,416.79,418,416.0712,417.49,1801
2026-05-20 16:27:00,417.49,418.6,417.1465,417.9,4831
2026-05-20 16:28:00,417.9,418.5,417.2557,418.42,1928
2026-05-20 16:29:00,418.5,418.82,418.2108,418.82,3373
2026-05-20 16:30:00,418.7,419.26,418.5,418.5,4317
2026-05-20 16:31:00,418.48,419,418,418.94,1839
2026-05-20 16:32:00,418,418.1,417.74,418.09,2327
2026-05-20 16:33:00,417.99,417.99,417.35,417.73,329
2026-05-20 16:34:00,417.72,417.75,417.72,417.75,1137
2026-05-20 16:35:00,417.36,417.36,417.01,417.1,881
2026-05-20 16:37:00,417.21,417.21,416.47,416.5939,2216
2026-05-20 16:38:00,416.4228,416.59,416.01,416.59,922
2026-05-20 16:39:00,416.99,416.99,416.5,416.5,278
2026-05-20 16:40:00,416.565,416.565,416.565,416.565,50
2026-05-20 16:41:00,416.61,416.61,416.61,416.61,45
2026-05-20 16:42:00,416.71,417.7,416.3,417,1589
2026-05-20 16:43:00,416.6958,417.2,416.6958,417.2,140
2026-05-20 16:45:00,417.76,417.76,417.06,417.07,633
2026-05-20 16:46:00,416.76,416.76,416.6725,416.6725,1052
2026-05-20 16:47:00,417.11,417.22,417.11,417.22,241
2026-05-20 16:48:00,417.52,417.52,417.48,417.48,213
2026-05-20 16:49:00,417.21,417.28,417,417.14,4509
2026-05-20 16:50:00,417.2436,417.2436,417.2436,417.2436,100
2026-05-20 16:51:00,417.27,417.27,417.1783,417.1783,482
2026-05-20 16:52:00,417.05,417.76,416.89,416.89,798
2026-05-20 16:53:00,417,417,416.05,416.05,2545
2026-05-20 16:54:00,416.52,417.169,416.5,417,624
2026-05-20 16:55:00,417,417,417,417,40
2026-05-20 16:56:00,417.18,417.18,416.76,417.16,353
2026-05-20 16:57:00,417.17,417.524,417.17,417.2285,1137
2026-05-20 16:58:00,417.5,417.54,417.24,417.5,243
2026-05-20 17:01:00,417,417,417,417,260
2026-05-20 17:02:00,417.17,417.17,417.17,417.17,42
2026-05-20 17:03:00,417.28,417.28,417.28,417.28,50
2026-05-20 17:04:00,417.3,417.3104,417.01,417.01,1650
2026-05-20 17:05:00,417.38,417.49,417.38,417.49,190
2026-05-20 17:06:00,417.42,417.46,417.02,417.02,628
2026-05-20 17:07:00,417.07,417.3,416.91,417.01,2020
2026-05-20 17:08:00,417,417.3428,416.6,416.6,907
2026-05-20 17:09:00,416.701,417.38,416.7,417.2,513
2026-05-20 17:10:00,417.11,417.38,417.01,417.37,855
2026-05-20 17:11:00,417.38,417.5,417.02,417.1,1281
2026-05-20 17:12:00,417.0345,417.12,417.02,417.02,360
2026-05-20 17:13:00,417.06,417.1,417.01,417.06,525
2026-05-20 17:14:00,417.02,417.02,416.81,416.81,451
2026-05-20 17:15:00,417.09,417.73,417.09,417.73,556
2026-05-20 17:17:00,417.76,417.76,417.75,417.75,174
2026-05-20 17:19:00,417.76,417.76,417,417.76,300
2026-05-20 17:23:00,417.52,417.52,417.52,417.52,97
2026-05-20 17:24:00,417.5199,417.76,417.5199,417.76,627
2026-05-20 17:25:00,417.76,418,417.53,417.77,994
2026-05-20 17:26:00,418.17,418.18,417.7247,418.17,1228
2026-05-20 17:27:00,417.83,418.06,417.7598,418,444
2026-05-20 17:28:00,417.999,418.51,417.999,418.51,929
2026-05-20 17:29:00,418.5,418.5,417.8832,417.8832,150
2026-05-20 17:30:00,418.7999,418.7999,418.7999,418.7999,100
2026-05-20 17:32:00,417.81,417.81,417.7,417.7,225
2026-05-20 17:35:00,417.75,417.75,417.75,417.75,50
2026-05-20 17:36:00,418,418,418,418,190
2026-05-20 17:37:00,417.99,417.99,417.99,417.99,100
2026-05-20 17:38:00,418,418,418,418,50
2026-05-20 17:39:00,417.2,417.2,417.2,417.2,53
2026-05-20 17:40:00,417.99,417.99,417.92,417.99,458
2026-05-20 17:41:00,417.38,417.53,417.38,417.4,227
2026-05-20 17:42:00,417.99,417.99,417.99,417.99,50
2026-05-20 17:43:00,417.5,417.5,417.5,417.5,100
2026-05-20 17:45:00,417.3013,417.3013,417.3013,417.3013,100
2026-05-20 17:46:00,417.5,417.5,417.4126,417.4126,255
2026-05-20 17:47:00,418,418,418,418,45
2026-05-20 17:48:00,417.89,417.89,417.89,417.89,52
2026-05-20 17:50:00,417.98,417.98,417.97,417.97,83
2026-05-20 17:54:00,417.51,417.72,417.51,417.71,203
2026-05-20 17:55:00,417.41,417.41,417.41,417.41,40
2026-05-20 17:56:00,417.67,417.67,417.3266,417.3266,162
2026-05-20 17:57:00,417.33,417.33,416.88,416.88,1836
2026-05-20 17:59:00,416.62,416.62,416.62,416.62,200
2026-05-20 18:00:00,417.283,417.283,417.283,417.283,100
2026-05-20 18:01:00,417,417,417,417,200
2026-05-20 18:02:00,416.61,416.61,416.49,416.49,576
2026-05-20 18:03:00,416.75,416.75,416.01,416.02,821
2026-05-20 18:04:00,416,416,416,416,40
2026-05-20 18:05:00,416,416,415.2605,415.2605,350
2026-05-20 18:06:00,415.15,415.15,415.15,415.15,100
2026-05-20 18:07:00,415.5,415.5,415.22,415.22,175
2026-05-20 18:08:00,415.31,415.8,414,414.56,6501
2026-05-20 18:09:00,415.79,415.79,414.11,414.11,1506
2026-05-20 18:10:00,414.2,414.2,414.2,414.2,917
2026-05-20 18:11:00,414.62,414.62,414,414,767
2026-05-20 18:12:00,414.72,414.72,414.72,414.72,200
2026-05-20 18:13:00,415.79,415.79,415.79,415.79,500
2026-05-20 18:15:00,415.75,415.75,415.75,415.75,100
2026-05-20 18:16:00,414.85,414.85,414.85,414.85,1001
2026-05-20 18:18:00,414.85,415.4,414.85,415.4,240
2026-05-20 18:19:00,414.92,414.92,414.86,414.86,564
2026-05-20 18:20:00,414.97,414.97,414.85,414.87,403
2026-05-20 18:21:00,414.85,414.85,414.54,414.54,155
2026-05-20 18:22:00,414.575,414.78,414.575,414.78,500
2026-05-20 18:23:00,414.7,414.7,414.427,414.427,550
2026-05-20 18:24:00,414.6267,414.75,414.4,414.75,210
2026-05-20 18:25:00,414.7,415,414.7,415,837
2026-05-20 18:26:00,415.58,415.58,415.01,415.01,218
2026-05-20 18:28:00,414.5475,414.5475,414.4,414.4,191
2026-05-20 18:30:00,415.06,415.06,414.569,414.569,150
2026-05-20 18:31:00,415.7,415.7,415.7,415.7,200
2026-05-20 18:32:00,415.38,415.38,415.37,415.37,280
2026-05-20 18:37:00,415.55,415.7,415.55,415.7,1688
2026-05-20 18:38:00,415.5,415.59,415.5,415.59,500
2026-05-20 18:39:00,415.6,415.7,415.6,415.7,568
2026-05-20 18:40:00,415.8194,416.3035,415.8194,416.3035,311
2026-05-20 18:41:00,415.91,415.91,415.91,415.91,52
2026-05-20 18:42:00,415.01,416.6978,415.01,416.6978,400
2026-05-20 18:45:00,415.95,415.95,415.95,415.95,70
2026-05-20 18:48:00,416,416.52,416,416.52,125
2026-05-20 18:49:00,416.52,416.52,416.47,416.5,616
2026-05-20 18:50:00,416.01,416.01,416,416,109
2026-05-20 18:51:00,415.9,415.9,415.9,415.9,49
2026-05-20 18:52:00,416.5342,416.5342,416.5342,416.5342,161
2026-05-20 18:57:00,416.3004,416.3004,415.9,415.9,221
2026-05-20 18:59:00,415.9405,415.9405,415.9189,415.9189,250
2026-05-20 19:00:00,415.92,416.3,415.92,416.3,150
2026-05-20 19:02:00,416.35,416.35,416.35,416.35,194
2026-05-20 19:04:00,416.18,416.18,416.18,416.18,40
2026-05-20 19:06:00,416.26,416.26,416.26,416.26,80
2026-05-20 19:07:00,416.56,416.56,416.56,416.56,1000
2026-05-20 19:08:00,416.69,416.69,416.69,416.69,57
2026-05-20 19:10:00,416.9175,416.9175,416.7,416.7,128
2026-05-20 19:11:00,416.6,416.8742,416.6,416.8742,355
2026-05-20 19:12:00,416.86,416.95,416.86,416.95,305
2026-05-20 19:13:00,416.95,416.95,416.93,416.93,238
2026-05-20 19:15:00,416.6,416.6,416.48,416.48,333
2026-05-20 19:18:00,416.31,416.31,416.31,416.31,100
2026-05-20 19:19:00,416.74,416.74,416.74,416.74,50
2026-05-20 19:21:00,416.7,416.7,416.7,416.7,40
2026-05-20 19:22:00,416.78,416.84,416.78,416.84,480
2026-05-20 19:23:00,416.42,416.42,416.42,416.42,65
2026-05-20 19:24:00,416.22,416.22,416.22,416.22,156
2026-05-20 19:25:00,416.23,416.23,416.23,416.23,55
2026-05-20 19:26:00,416.3946,416.3946,416.3946,416.3946,41
2026-05-20 19:27:00,416.25,416.25,416.25,416.25,40
2026-05-20 19:28:00,416.3,416.4,416.3,416.4,130
2026-05-20 19:30:00,416.2,416.2,416.2,416.2,360
2026-05-20 19:31:00,416.3,416.3,416.3,416.3,100
2026-05-20 19:35:00,416.37,416.41,416.28,416.28,399
2026-05-20 19:36:00,416.3671,416.3671,416.3671,416.3671,50
2026-05-20 19:39:00,416.7524,416.7524,416.75,416.75,300
2026-05-20 19:42:00,416.2975,416.2975,416.2975,416.2975,50
2026-05-20 19:45:00,416.6,416.68,416.6,416.68,93
2026-05-20 19:48:00,416.6,416.6,416.6,416.6,190
2026-05-20 19:49:00,416.51,416.51,416.5,416.5,220
2026-05-20 19:50:00,416.49,416.49,416.49,416.49,122
2026-05-20 19:53:00,416.5636,416.5636,416.5636,416.5636,40
2026-05-20 19:54:00,416.35,416.35,416.35,416.35,52
2026-05-20 19:55:00,416.35,416.35,416.35,416.35,190
2026-05-20 19:56:00,416.41,416.41,416.41,416.41,58
2026-05-20 19:57:00,416.95,416.95,416.31,416.31,91
2026-05-20 19:58:00,416.2,416.9499,416.2,416.9499,241
2026-05-20 19:59:00,416.5,416.5,416.5,416.5,44
2026-05-21 04:00:00,417.9,420.6,414.77,417.15,11659
2026-05-21 04:01:00,415.5,420,415,416.7,2998
2026-05-21 04:04:00,417.39,417.5,417.39,417.5,140
2026-05-21 04:05:00,417.95,418.3,417.95,418.3,341
2026-05-21 04:06:00,418.4,418.43,418.11,418.43,276
2026-05-21 04:07:00,418.5,418.5,418.5,418.5,40
2026-05-21 04:11:00,418.98,419,418.98,419,307
2026-05-21 04:12:00,419,419.01,419,419.01,440
2026-05-21 04:14:00,419.7,420,419.7,420,162
2026-05-21 04:15:00,420,420,420,420,119
2026-05-21 04:16:00,419.98,420,419.98,420,96
2026-05-21 04:17:00,420.2833,420.2833,419.78,419.78,1256
2026-05-21 04:18:00,419.2,419.2,419,419,454
2026-05-21 04:21:00,419,419,419,419,40
2026-05-21 04:23:00,418.13,418.13,418.13,418.13,50
2026-05-21 04:24:00,418.812,418.812,418.812,418.812,50
2026-05-21 04:28:00,418.87,418.91,418.87,418.91,258
2026-05-21 04:29:00,419.8519,419.8519,419.8519,419.8519,130
2026-05-21 04:31:00,419,419,419,419,215
2026-05-21 04:32:00,419.58,419.58,419.58,419.58,100
2026-05-21 04:39:00,418.58,418.67,418.58,418.67,186
2026-05-21 04:42:00,418.65,418.65,418.65,418.65,48
2026-05-21 04:43:00,418.95,419.58,418.95,419.58,455
2026-05-21 04:46:00,419.11,419.11,419,419.1,494
2026-05-21 04:48:00,419.43,419.5,419.2,419.49,1470
2026-05-21 04:49:00,419.5,419.51,419.5,419.5,172
2026-05-21 04:50:00,419.5,419.5,419.5,419.5,352
2026-05-21 04:51:00,419.36,419.36,419.36,419.36,40
2026-05-21 04:52:00,419.2,419.2,418.82,418.82,1002
2026-05-21 04:53:00,418.9,419,418.9,419,377
2026-05-21 04:55:00,419.38,419.38,419.36,419.38,264
2026-05-21 04:56:00,419.41,419.5,419.41,419.5,123
2026-05-21 04:58:00,419.0521,419.0521,419.0521,419.0521,60
2026-05-21 05:00:00,419.7,419.74,419.7,419.74,94
2026-05-21 05:04:00,419.56,419.56,419.56,419.56,50
2026-05-21 05:05:00,419.77,419.8,419.77,419.8,110
2026-05-21 05:06:00,420,420,420,420,2140
2026-05-21 05:09:00,420.279,420.279,420.279,420.279,48
2026-05-21 05:11:00,420.07,420.1,420.02,420.02,335
2026-05-21 05:15:00,419.78,419.78,419.78,419.78,47
2026-05-21 05:16:00,420.3,420.3,420.01,420.01,125
2026-05-21 05:18:00,419.78,419.78,419.78,419.78,60
2026-05-21 05:19:00,420,420,420,420,65
2026-05-21 05:23:00,419.63,419.63,419.55,419.55,185
2026-05-21 05:25:00,419.57,419.7,419.57,419.7,450
2026-05-21 05:27:00,419.96,419.96,419.96,419.96,60
2026-05-21 05:29:00,419.96,419.96,419.96,419.96,48
2026-05-21 05:31:00,419.82,419.82,419.82,419.82,100
2026-05-21 05:32:00,419.75,419.75,419.75,419.75,50
2026-05-21 05:33:00,419.5,419.5,419.5,419.5,50
2026-05-21 05:38:00,419.51,419.51,418.87,418.87,1448
2026-05-21 05:43:00,418.57,418.57,418.57,418.57,50
2026-05-21 05:44:00,418.4,418.4,418.4,418.4,85
2026-05-21 05:54:00,418.5485,418.5485,418.51,418.51,246
2026-05-21 05:57:00,418.57,418.57,418.57,418.57,50
2026-05-21 05:58:00,418.45,418.97,418.45,418.72,440
2026-05-21 06:01:00,418.9319,418.9319,418.9319,418.9319,200
2026-05-21 06:06:00,418.53,418.53,418.53,418.53,104
2026-05-21 06:07:00,418.5,418.5,418.5,418.5,100
2026-05-21 06:09:00,418.8787,418.8787,418.8787,418.8787,44
2026-05-21 06:10:00,418.54,418.54,418.1001,418.183,827
2026-05-21 06:11:00,418.39,418.39,418.39,418.39,50
2026-05-21 06:12:00,418.3844,418.3844,418.18,418.24,329
2026-05-21 06:13:00,418.24,418.24,418.24,418.24,51
2026-05-21 06:14:00,418.55,419,418.55,419,613
2026-05-21 06:17:00,418.98,418.98,418.98,418.98,40
2026-05-21 06:21:00,418.88,418.91,418.81,418.81,525
2026-05-21 06:22:00,418.81,418.81,418.73,418.73,339
2026-05-21 06:25:00,418.37,418.88,417,417,1048
2026-05-21 06:26:00,417.04,417.8,416.68,417.8,534
2026-05-21 06:28:00,417.16,417.16,416,416,340
2026-05-21 06:29:00,416.0501,416.0501,416.0501,416.0501,130
2026-05-21 06:30:00,415.52,415.52,415.23,415.23,649
2026-05-21 06:31:00,415.15,415.15,415.15,415.15,165
2026-05-21 06:32:00,416,416,416,416,100
2026-05-21 06:33:00,415.99,415.99,415.99,415.99,40
2026-05-21 06:38:00,416.2,416.2,415.8,415.8,181
2026-05-21 06:39:00,415.55,415.55,415.55,415.55,40
2026-05-21 06:41:00,415.15,415.15,414.81,415,744
2026-05-21 06:42:00,415.3,415.5,415.18,415.18,284
2026-05-21 06:43:00,415.8,415.8,415.8,415.8,140
2026-05-21 06:44:00,415.8,415.8,415.5,415.5,230
2026-05-21 06:46:00,415.1125,415.1125,415.1125,415.1125,84
2026-05-21 06:47:00,415.04,415.04,415,415,349
2026-05-21 06:48:00,415,415,415,415,86
2026-05-21 06:56:00,415.55,415.55,415.55,415.55,46
2026-05-21 07:00:00,415.97,416,415.5,415.6,792
2026-05-21 07:01:00,415.6,415.8,415.3847,415.3847,573
2026-05-21 07:02:00,415.5,415.55,415.5,415.55,100
2026-05-21 07:03:00,415.571,416,415.571,416,934
2026-05-21 07:04:00,416.682,416.682,416.44,416.44,144
2026-05-21 07:05:00,416.3267,416.3267,416.3267,416.3267,100
2026-05-21 07:06:00,416,416.02,416,416,430
2026-05-21 07:07:00,415.85,415.85,415.85,415.85,200
2026-05-21 07:08:00,415.93,415.93,415.9,415.9,91
2026-05-21 07:09:00,415.5085,416.25,415.5085,416.25,200
2026-05-21 07:11:00,416.5,416.5,416.5,416.5,600
2026-05-21 07:12:00,416.39,416.39,416.39,416.39,59
2026-05-21 07:13:00,416.39,416.48,416.39,416.44,239
2026-05-21 07:14:00,416.5,416.5,416.44,416.5,3506
2026-05-21 07:15:00,416.1557,416.89,416.1557,416.89,1256
2026-05-21 07:17:00,416.82,416.82,416.79,416.79,233
2026-05-21 07:19:00,416.7523,416.79,416.73,416.79,439
2026-05-21 07:20:00,416.73,416.73,416.4591,416.4591,231
2026-05-21 07:21:00,416.77,417.05,416.77,417.05,1742
2026-05-21 07:22:00,417.04,417.04,417.04,417.04,48
2026-05-21 07:23:00,417.6,417.6,417.6,417.6,100
2026-05-21 07:24:00,417.15,417.15,417.15,417.15,500
2026-05-21 07:25:00,416.96,416.96,416.96,416.96,48
2026-05-21 07:26:00,417,417,416.99,416.99,200
2026-05-21 07:30:00,416.95,417,416.7825,416.7825,760
2026-05-21 07:31:00,416.9866,417,416.92,416.96,1360
2026-05-21 07:32:00,416.75,416.75,416.7,416.7,1550
2026-05-21 07:33:00,416.53,416.53,416.53,416.53,50
2026-05-21 07:35:00,416.51,416.51,416.5,416.5,170
2026-05-21 07:36:00,416.51,416.75,416.51,416.75,150
2026-05-21 07:37:00,416.61,416.61,416.4,416.51,461
2026-05-21 07:38:00,416.52,416.52,416.28,416.28,903
2026-05-21 07:39:00,416.325,416.37,416.325,416.37,225
2026-05-21 07:40:00,416.5,416.5,416.15,416.15,938
2026-05-21 07:41:00,416.15,416.25,416.15,416.25,1360
2026-05-21 07:42:00,416.25,416.25,416.25,416.25,1428
2026-05-21 07:43:00,416.34,416.4,416.34,416.3995,2948
2026-05-21 07:44:00,416.35,416.35,416.25,416.25,1854
2026-05-21 07:45:00,416.5,416.5,416.35,416.35,575
2026-05-21 07:46:00,416.35,416.35,416.35,416.35,1700
2026-05-21 07:47:00,416.49,417,416.49,417,490
2026-05-21 07:48:00,417.2,417.2,416.77,416.9,1017
2026-05-21 07:50:00,416.9,416.9,416.9,416.9,100
2026-05-21 07:51:00,416.93,416.93,416.93,416.93,40
2026-05-21 07:53:00,416.69,416.69,416.69,416.69,40
2026-05-21 07:54:00,417,417,417,417,50
2026-05-21 07:55:00,416.5363,416.5363,416.5363,416.5363,92
2026-05-21 07:56:00,416.5,416.5,416.28,416.36,1332
2026-05-21 07:57:00,416.39,416.39,416.1527,416.1527,101
2026-05-21 07:58:00,416.06,416.08,416,416,520
2026-05-21 07:59:00,415.75,415.75,415.75,415.75,200
2026-05-21 08:00:00,415.66,415.9562,415.65,415.67,430
2026-05-21 08:01:00,415.6,415.6,415.6,415.6,129
2026-05-21 08:02:00,415.8,415.8,415.8,415.8,99
2026-05-21 08:03:00,415.775,416,415.775,416,653
2026-05-21 08:04:00,415.9881,415.9881,415.63,415.63,112
2026-05-21 08:05:00,415.98,415.98,415.79,415.8,368
2026-05-21 08:06:00,415.83,415.85,415.58,415.58,1038
2026-05-21 08:07:00,415.68,415.68,415.68,415.68,42
2026-05-21 08:08:00,415.58,415.58,415.4,415.4,1307
2026-05-21 08:09:00,415.7318,415.74,415.0601,415.74,1880
2026-05-21 08:15:00,415.26,415.26,415.25,415.25,196
2026-05-21 08:16:00,415.15,415.28,415.08,415.08,1249
2026-05-21 08:17:00,415.55,415.55,415.55,415.55,60
2026-05-21 08:18:00,415.65,415.65,415.65,415.65,79
2026-05-21 08:19:00,415.79,415.79,415.79,415.79,47
2026-05-21 08:20:00,415.58,415.58,415.58,415.58,48
2026-05-21 08:21:00,415.9,415.9,415.6,415.6,100
2026-05-21 08:22:00,415.7,415.9,415.7,415.9,150
2026-05-21 08:23:00,415.97,415.97,415.9373,415.9373,125
2026-05-21 08:24:00,415.87,415.9695,415.5,415.9695,615
2026-05-21 08:25:00,415.38,415.38,415.38,415.38,40
2026-05-21 08:26:00,415.899,415.899,415.899,415.899,61
2026-05-21 08:27:00,415.37,415.74,415.36,415.74,128
2026-05-21 08:29:00,415.77,415.77,415.5,415.5,610
2026-05-21 08:31:00,415.57,415.57,415.56,415.56,140
2026-05-21 08:33:00,415.95,416,415.5,415.5,1771
2026-05-21 08:35:00,416.37,416.37,416.37,416.37,48
2026-05-21 08:37:00,416.29,416.37,416.0339,416.0339,1142
2026-05-21 08:38:00,415.9001,415.9001,415.9001,415.9001,900
2026-05-21 08:41:00,416.12,416.12,415.5,415.51,795
2026-05-21 08:42:00,416.24,416.24,415.99,416,341
2026-05-21 08:45:00,415.72,416,415.71,416,237
2026-05-21 08:46:00,416.93,416.93,415.7196,415.7196,97
2026-05-21 08:47:00,416.94,416.94,416,416,468
2026-05-21 08:51:00,416.03,416.03,416.03,416.03,88
2026-05-21 08:52:00,416.07,416.07,415.67,416.055,768
2026-05-21 08:53:00,416.5,416.5,416.5,416.5,50
2026-05-21 08:55:00,416.5,416.5,416,416,425
2026-05-21 08:56:00,415.89,416,415.3,415.4895,2553
2026-05-21 08:57:00,415.3,415.3,415.22,415.22,246
2026-05-21 08:58:00,415.25,415.71,415.13,415.71,678
2026-05-21 08:59:00,415.78,415.78,415.71,415.71,140
2026-05-21 09:00:00,415.49,416.2,415.15,415.77,1642
2026-05-21 09:01:00,415.54,416.09,414.96,414.96,3984
2026-05-21 09:02:00,414.99,415.25,414.88,415.25,2258
2026-05-21 09:03:00,415,415.26,414.2,415.25,2203
2026-05-21 09:04:00,415.23,415.4,414.51,414.51,699
2026-05-21 09:05:00,415.35,415.4,414.6,414.6,789
2026-05-21 09:06:00,414.8242,415.04,414.8,415.04,280
2026-05-21 09:07:00,414.91,415,414.63,414.63,2158
2026-05-21 09:08:00,415.1707,415.1707,414.48,414.74,2130
2026-05-21 09:10:00,414.42,414.42,414.24,414.24,380
2026-05-21 09:11:00,414.69,414.73,414.6,414.73,368
2026-05-21 09:12:00,414.368,414.368,414.1301,414.1301,670
2026-05-21 09:13:00,414.54,414.78,414.54,414.78,498
2026-05-21 09:14:00,415.92,415.92,414.98,415.08,1222
2026-05-21 09:15:00,414.92,414.92,414.92,414.92,50
2026-05-21 09:16:00,414.64,414.99,414.62,414.99,170
2026-05-21 09:17:00,414.9106,414.9469,414.65,414.78,1110
2026-05-21 09:18:00,414.79,414.79,414.65,414.65,231
2026-05-21 09:20:00,414.805,414.805,414.77,414.77,193
2026-05-21 09:21:00,414.71,414.71,414.71,414.71,60
2026-05-21 09:22:00,414.67,414.67,414.67,414.67,90
2026-05-21 09:23:00,414.7,414.7,414.7,414.7,100
2026-05-21 09:24:00,414.7,414.791,414.7,414.791,253
2026-05-21 09:25:00,414.8,415.48,414.58,414.7,2623
2026-05-21 09:26:00,414.7,415,414.7,415,441
2026-05-21 09:27:00,414.5842,415.27,413.55,413.95,6049
2026-05-21 09:28:00,414.01,414.02,413.42,413.42,2196
2026-05-21 09:29:00,413.09,413.77,413.07,413.77,533
2026-05-21 09:30:00,413.55,416.5,413.1,415.865,412353
2026-05-21 09:31:00,415.865,418.27,415.64,417.51,53932
2026-05-21 09:32:00,417.51,418.03,417.28,417.9448,59204
2026-05-21 09:33:00,417.83,418.03,416.53,416.7122,55321
2026-05-21 09:34:00,416.505,420.16,416.3,419.7304,128228
2026-05-21 09:35:00,419.62,420.05,419.07,419.66,87702
2026-05-21 09:36:00,419.755,420.87,419.54,419.705,65934
2026-05-21 09:37:00,419.87,420.3999,419.46,419.945,76734
2026-05-21 09:38:00,419.945,420.0729,418.85,418.93,47576
2026-05-21 09:39:00,418.88,420.03,418.88,419.4,33640
2026-05-21 09:40:00,419.49,421.285,419.27,421.165,90483
2026-05-21 09:41:00,421.165,421.22,419.7,420.29,36338
2026-05-21 09:42:00,420.17,420.6,419.41,419.65,38246
2026-05-21 09:43:00,419.62,419.64,418.3,418.3,57610
2026-05-21 09:44:00,418.31,419.71,418.05,419.595,50731
2026-05-21 09:45:00,419.6,420.1,419.08,419.4099,77054
2026-05-21 09:46:00,419.32,419.8,418.88,418.97,33473
2026-05-21 09:47:00,418.9,418.93,418.18,418.535,55110
2026-05-21 09:48:00,418.535,418.5973,417.85,418.57,41747
2026-05-21 09:49:00,418.45,419.08,418.44,418.69,20626
2026-05-21 09:50:00,418.69,419.62,418.6,419.485,46239
2026-05-21 09:51:00,419.485,419.84,418.79,419.72,29477
2026-05-21 09:52:00,419.735,420.735,419.34,420.2825,48891
2026-05-21 09:53:00,420.2625,420.81,420.1301,420.15,47084
2026-05-21 09:54:00,420.28,421.29,419.81,421.2,57072
2026-05-21 09:55:00,421.2099,421.55,420.86,421.01,33605
2026-05-21 09:56:00,421.015,421.18,420.5001,420.6994,29292
2026-05-21 09:57:00,420.58,421.07,420.42,420.575,21515
2026-05-21 09:58:00,420.575,420.87,419.8,420.74,20187
2026-05-21 09:59:00,420.6806,421.46,420.6806,421.14,39387
2026-05-21 10:00:00,421,421.29,420.59,421.25,34376
2026-05-21 10:01:00,421.215,421.9235,421.14,421.6575,53177
2026-05-21 10:02:00,421.655,422.065,421.5001,421.65,37067
2026-05-21 10:03:00,421.685,422.1899,421.49,421.6,42184
2026-05-21 10:04:00,421.59,422.1399,421.44,421.79,36505
2026-05-21 10:05:00,421.73,422.19,421.59,421.6,24435
2026-05-21 10:06:00,421.6,422.25,421.32,421.555,25522
2026-05-21 10:07:00,421.565,421.9,421.11,421.4,22707
2026-05-21 10:08:00,421.385,421.58,420.61,420.92,30899
2026-05-21 10:09:00,420.99,421.6,420.75,421.34,18090
2026-05-21 10:10:00,421.34,421.68,420.55,420.76,35978
2026-05-21 10:11:00,420.69,420.99,420.3,420.515,44667
2026-05-21 10:12:00,420.413,420.61,419.61,419.61,19255
2026-05-21 10:13:00,419.72,419.88,419.37,419.5395,30740
2026-05-21 10:14:00,419.44,421.2,419.3525,420.09,55668
2026-05-21 10:15:00,420.11,420.475,418.84,418.91,28222
2026-05-21 10:16:00,418.88,419.28,418.5,418.9,42523
2026-05-21 10:17:00,418.95,420.03,418.8,419.07,25920
2026-05-21 10:18:00,419,419.12,418,418.3253,28962
2026-05-21 10:19:00,418.34,418.36,417.05,417.13,41779
2026-05-21 10:20:00,417.1,417.105,415.64,415.64,50248
2026-05-21 10:21:00,415.64,415.97,415,415.71,71273
2026-05-21 10:22:00,415.64,416.86,415.18,416.21,51067
2026-05-21 10:23:00,416.34,417.03,416.3,416.785,32068
2026-05-21 10:24:00,416.78,416.99,416,416.12,24982
2026-05-21 10:25:00,416.05,416.6,415.91,416.6,15392
2026-05-21 10:26:00,416.525,416.6,415.31,415.495,19754
2026-05-21 10:27:00,415.36,415.785,415.1618,415.785,32251
2026-05-21 10:28:00,415.8,415.83,415.05,415.31,39990
2026-05-21 10:29:00,415.32,415.65,415.02,415.16,24951
2026-05-21 10:30:00,415.155,416.5599,415.09,416.02,32497
2026-05-21 10:31:00,416.04,416.5,415.81,415.81,17771
2026-05-21 10:32:00,415.7775,416.2,415.55,415.88,18047
2026-05-21 10:33:00,415.85,415.91,414.77,414.77,14991
2026-05-21 10:34:00,414.81,415.38,414.725,415.09,31683
2026-05-21 10:35:00,414.97,415.73,414.887,415.41,16103
2026-05-21 10:36:00,415.4,416.3399,415.15,415.85,35520
2026-05-21 10:37:00,415.93,416.45,415.82,416.175,23861
2026-05-21 10:38:00,416.28,416.28,415.56,416.025,37250
2026-05-21 10:39:00,416.115,416.35,415.8301,416.12,23230
2026-05-21 10:40:00,416.23,416.23,415.53,415.86,30198
2026-05-21 10:41:00,415.79,416.23,415.71,416.13,21241
2026-05-21 10:42:00,416.15,416.32,415.78,416.14,17543
2026-05-21 10:43:00,416.08,416.42,415.9,416.085,15493
2026-05-21 10:44:00,416.1,416.37,415.86,416.25,21931
2026-05-21 10:45:00,416.25,416.5,416,416.195,24288
2026-05-21 10:46:00,416.18,416.3725,415.3,415.545,35438
2026-05-21 10:47:00,415.48,415.99,415.25,415.44,19199
2026-05-21 10:48:00,415.48,415.71,415.05,415.07,8374
2026-05-21 10:49:00,415.16,415.55,415,415.115,15833
2026-05-21 10:50:00,415.15,415.29,414.64,414.73,19425
2026-05-21 10:51:00,414.73,415.125,414.54,414.925,19689
2026-05-21 10:52:00,414.97,415.52,414.88,415.475,11990
2026-05-21 10:53:00,415.5,415.7,414.95,415.05,10431
2026-05-21 10:54:00,415.045,415.31,414.92,415.18,17493
2026-05-21 10:55:00,415.18,415.58,415.06,415.4,16279
2026-05-21 10:56:00,415.415,415.51,415,415.21,12523
2026-05-21 10:57:00,415.1586,415.3999,414.92,415.11,15996
2026-05-21 10:58:00,415.05,415.21,414.75,415.11,26746
2026-05-21 10:59:00,415.14,415.46,414.72,414.75,21683
2026-05-21 11:00:00,414.76,415.1,414.12,414.15,24065
2026-05-21 11:01:00,414.19,414.1951,413.55,413.775,47905
2026-05-21 11:02:00,413.75,414.6858,413.75,414.675,26196
2026-05-21 11:03:00,414.7799,414.825,413.47,413.5,24538
2026-05-21 11:04:00,413.4,413.55,412.82,413.09,32790
2026-05-21 11:05:00,413.1,413.82,413.09,413.395,26144
2026-05-21 11:06:00,413.395,413.48,412.69,412.84,23620
2026-05-21 11:07:00,412.87,412.87,412,412.21,47016
2026-05-21 11:08:00,412.17,412.1701,410.75,410.82,71062
2026-05-21 11:09:00,411.04,411.99,410.93,411.82,42009
2026-05-21 11:10:00,411.84,412,410.89,411.88,36244
2026-05-21 11:11:00,411.965,412.1,411.6,411.78,25898
2026-05-21 11:12:00,411.75,412.23,411.7,412.23,19131
2026-05-21 11:13:00,412.175,413.22,411.9,413.095,23128
2026-05-21 11:14:00,413.095,413.31,412.67,412.94,17218
2026-05-21 11:15:00,412.8,413.77,412.71,413.63,20444
2026-05-21 11:16:00,413.5001,413.77,413.26,413.505,11803
2026-05-21 11:17:00,413.52,413.84,413.415,413.735,21689
2026-05-21 11:18:00,413.735,413.95,413.16,413.265,16765
2026-05-21 11:19:00,413.265,413.6745,413.14,413.36,21460
2026-05-21 11:20:00,413.12,414.0175,412.945,413.93,85662
2026-05-21 11:21:00,413.87,413.99,413.59,413.84,11127
2026-05-21 11:22:00,413.96,414.41,413.761,414.36,17876
2026-05-21 11:23:00,414.38,414.68,414.3,414.605,10838
2026-05-21 11:24:00,414.6075,414.82,414,414.18,12635
2026-05-21 11:25:00,414.175,414.5599,413.8,414.355,15762
2026-05-21 11:26:00,414.36,414.59,414.185,414.295,6672
2026-05-21 11:27:00,414.21,414.7,414.13,414.33,16793
2026-05-21 11:28:00,414.23,414.7,414.01,414.58,7553
2026-05-21 11:29:00,414.47,414.78,414.25,414.25,7689
2026-05-21 11:30:00,414.375,414.45,413.63,413.69,11909
2026-05-21 11:31:00,413.6999,413.8,413.21,413.4551,12179
2026-05-21 11:32:00,413.58,414,413.45,413.8,12989
2026-05-21 11:33:00,413.83,414.17,413.69,414.08,6108
2026-05-21 11:34:00,414.065,414.24,413.23,413.4915,17869
2026-05-21 11:35:00,413.66,414.7,413.49,414.49,10279
2026-05-21 11:36:00,414.49,414.5,413.93,414.17,11366
2026-05-21 11:37:00,414.12,414.45,413.76,414.45,9158
2026-05-21 11:38:00,414.44,414.75,414.13,414.345,10036
2026-05-21 11:39:00,414.37,414.71,414.345,414.59,6623
2026-05-21 11:40:00,414.565,414.63,414.16,414.28,10266
2026-05-21 11:41:00,414.28,414.46,414.12,414.17,18287
2026-05-21 11:42:00,414.18,414.49,414.14,414.36,7311
2026-05-21 11:43:00,414.42,414.65,414.3,414.59,8589
2026-05-21 11:44:00,414.55,414.55,414.21,414.375,9223
2026-05-21 11:45:00,414.41,414.71,414.35,414.605,12811
2026-05-21 11:46:00,414.4601,415.02,414.46,414.89,12436
2026-05-21 11:47:00,414.98,415.17,414.63,415.085,24361
2026-05-21 11:48:00,415.09,415.41,415.03,415.19,13551
2026-05-21 11:49:00,415.12,415.26,415.02,415.06,6609
2026-05-21 11:50:00,415.07,415.28,414.98,415.05,12059
2026-05-21 11:51:00,414.98,415.24,414.89,414.9634,15720
2026-05-21 11:52:00,414.89,414.94,414.63,414.7,10952
2026-05-21 11:53:00,414.695,415.1,414.695,415.07,11103
2026-05-21 11:54:00,414.861,415.17,414.86,415.03,7156
2026-05-21 11:55:00,414.99,415,414.72,414.885,9076
2026-05-21 11:56:00,414.9499,415.04,414.71,414.87,11992
2026-05-21 11:57:00,414.87,415.09,414.8,414.91,9803
2026-05-21 11:58:00,414.915,415.01,414.62,414.79,9817
2026-05-21 11:59:00,414.74,414.88,414.53,414.62,17899
2026-05-21 12:00:00,414.59,415.25,414.42,415.055,8554
2026-05-21 12:01:00,415.055,415.24,414.86,415.02,11169
2026-05-21 12:02:00,414.84,414.97,414.56,414.725,10063
2026-05-21 12:03:00,414.725,415.01,414.67,414.825,5851
2026-05-21 12:04:00,414.787,415.27,414.73,415.19,14780
2026-05-21 12:05:00,415.235,415.37,415.06,415.06,5270
2026-05-21 12:06:00,415.1351,415.37,414.98,415.315,6690
2026-05-21 12:07:00,415.3699,415.85,415.19,415.755,11257
2026-05-21 12:08:00,415.755,415.79,415.54,415.65,10808
2026-05-21 12:09:00,415.65,415.78,415.59,415.6974,5378
2026-05-21 12:10:00,415.66,415.78,415.34,415.39,8960
2026-05-21 12:11:00,415.34,415.36,414.67,415,11329
2026-05-21 12:12:00,415,415.245,414.86,414.97,8974
2026-05-21 12:13:00,414.96,415.05,414.39,414.73,19129
2026-05-21 12:14:00,414.66,414.9299,414.39,414.765,12835
2026-05-21 12:15:00,414.765,415.18,414.587,415.005,12116
2026-05-21 12:16:00,414.9,415.16,414.75,415.04,14338
2026-05-21 12:17:00,415,415.06,414.51,414.92,14739
2026-05-21 12:18:00,414.92,414.96,414.71,414.8325,5387
2026-05-21 12:19:00,414.71,414.71,414.36,414.51,9000
2026-05-21 12:20:00,414.55,414.87,414.35,414.42,20177
2026-05-21 12:21:00,414.5,414.64,414.35,414.63,6434
2026-05-21 12:22:00,414.63,414.64,413.33,413.42,25908
2026-05-21 12:23:00,413.39,413.6,413.28,413.485,13983
2026-05-21 12:24:00,413.58,413.63,413.36,413.565,11758
2026-05-21 12:25:00,413.63,413.69,413.05,413.185,14017
2026-05-21 12:26:00,413.12,413.32,412.86,413.06,32911
2026-05-21 12:27:00,413.02,413.43,412.94,413.28,14855
2026-05-21 12:28:00,413.285,413.285,412.74,413.12,15028
2026-05-21 12:29:00,413.015,413.2,412.93,413.0701,16823
2026-05-21 12:30:00,413,413.37,412.835,413.2175,22009
2026-05-21 12:31:00,413.225,413.41,413.0108,413.1,12527
2026-05-21 12:32:00,413.17,413.35,413.07,413.3,7920
2026-05-21 12:33:00,413.3,413.62,413.24,413.5,7425
2026-05-21 12:34:00,413.56,413.59,413.24,413.395,5415
2026-05-21 12:35:00,413.4,413.48,413.24,413.38,4241
2026-05-21 12:36:00,413.47,413.62,413.23,413.31,10251
2026-05-21 12:37:00,413.31,413.44,413.27,413.36,5744
2026-05-21 12:38:00,413.36,413.36,412.7,412.75,21602
2026-05-21 12:39:00,412.86,413.185,412.86,413.135,16068
2026-05-21 12:40:00,413.22,413.41,413,413.095,9706
2026-05-21 12:41:00,413.095,413.25,412.96,413.22,20443
2026-05-21 12:42:00,413.1963,413.51,413.15,413.47,5734
2026-05-21 12:43:00,413.43,413.47,413.1301,413.2525,11816
2026-05-21 12:44:00,413.22,413.29,412.81,412.9096,14788
2026-05-21 12:45:00,412.94,413.1,412.82,413.01,9598
2026-05-21 12:46:00,413,413.03,412.51,412.605,10320
2026-05-21 12:47:00,412.605,412.64,412.24,412.24,7322
2026-05-21 12:48:00,412.28,412.57,412.13,412.225,10125
2026-05-21 12:49:00,412.14,412.434,412.05,412.355,12423
2026-05-21 12:50:00,412.29,412.42,411.97,412.01,18380
2026-05-21 12:51:00,412,412.405,411.99,412.405,18540
2026-05-21 12:52:00,412.38,412.47,412.22,412.3,14227
2026-05-21 12:53:00,412.295,412.83,412.21,412.775,29046
2026-05-21 12:54:00,412.7,412.73,412.44,412.5499,4207
2026-05-21 12:55:00,412.48,412.62,412.3,412.49,6836
2026-05-21 12:56:00,412.54,412.57,412.18,412.29,15318
2026-05-21 12:57:00,412.295,412.37,412.07,412.105,9164
2026-05-21 12:58:00,412.1245,412.3,412.02,412.25,9372
2026-05-21 12:59:00,412.255,412.31,412.21,412.2501,6096
2026-05-21 13:00:00,412.28,412.44,412.06,412.22,23410
2026-05-21 13:01:00,412.225,412.36,412.0209,412.36,7193
2026-05-21 13:02:00,412.29,412.29,411.95,411.9775,7166
2026-05-21 13:03:00,411.985,412.07,411.75,412.02,16083
2026-05-21 13:04:00,412.0799,412.16,411.87,411.96,7789
2026-05-21 13:05:00,411.96,412.05,411.685,411.86,9387
2026-05-21 13:06:00,411.86,411.9499,411.61,411.875,6944
2026-05-21 13:07:00,411.875,411.98,411.78,411.78,8923
2026-05-21 13:08:00,411.78,412.02,411.78,412.02,11271
2026-05-21 13:09:00,412.05,412.1,411.78,411.795,8417
2026-05-21 13:10:00,411.84,413.11,411.82,413.03,41378
2026-05-21 13:11:00,413.04,413.41,412.66,412.77,23305
2026-05-21 13:12:00,412.86,412.9,411.69,412.105,28764
2026-05-21 13:13:00,412.115,412.22,411.88,412.19,11198
2026-05-21 13:14:00,412.22,412.39,411.99,412.35,10873
2026-05-21 13:15:00,412.38,412.74,412.06,412.695,9262
2026-05-21 13:16:00,412.7,413.52,412.51,413.37,35012
2026-05-21 13:17:00,413.37,413.85,412.8,412.82,62916
2026-05-21 13:18:00,412.7,413.33,412.55,413.33,21685
2026-05-21 13:19:00,413.36,413.4999,413.075,413.14,23256
2026-05-21 13:20:00,413.0569,414.11,413.0569,413.91,59625
2026-05-21 13:21:00,413.81,414.06,413.58,413.83,18414
2026-05-21 13:22:00,413.83,414.5,413.31,413.609,83899
2026-05-21 13:23:00,413.83,414.0099,412.34,412.9701,24442
2026-05-21 13:24:00,413,413.55,412.8,413.55,9118
2026-05-21 13:25:00,413.46,414.6,413.46,414.2,44274
2026-05-21 13:26:00,414.14,414.42,414,414.25,20305
2026-05-21 13:27:00,414.31,414.5399,413.82,414.1,15116
2026-05-21 13:28:00,414.1,414.58,414.04,414.23,20369
2026-05-21 13:29:00,414.28,414.28,413.3,413.3,7587
2026-05-21 13:30:00,413.3386,414.01,413.15,413.945,16724
2026-05-21 13:31:00,413.91,413.92,413.68,413.84,11815
2026-05-21 13:32:00,413.87,413.94,413.7,413.8,11406
2026-05-21 13:33:00,413.87,413.93,413.41,413.68,23263
2026-05-21 13:34:00,413.655,414,413.6375,413.84,18937
2026-05-21 13:35:00,413.78,414.71,413.77,414.295,63678
2026-05-21 13:36:00,414.35,414.89,414.35,414.56,25626
2026-05-21 13:37:00,414.645,414.75,414.19,414.24,8627
2026-05-21 13:38:00,414.24,414.3895,414.05,414.2,10082
2026-05-21 13:39:00,414.19,414.43,414.06,414.37,11771
2026-05-21 13:40:00,414.38,414.69,414.27,414.4,10733
2026-05-21 13:41:00,414.407,414.75,414.407,414.64,22656
2026-05-21 13:42:00,414.64,415.02,414.42,415.0099,35742
2026-05-21 13:43:00,414.88,414.99,414.02,414.25,12759
2026-05-21 13:44:00,414.188,414.68,414.188,414.65,10270
2026-05-21 13:45:00,414.58,414.69,414.21,414.25,8230
2026-05-21 13:46:00,414.24,414.5799,414.215,414.52,8026
2026-05-21 13:47:00,414.57,414.6,414.36,414.495,10161
2026-05-21 13:48:00,414.495,414.65,414.3783,414.41,19347
2026-05-21 13:49:00,414.47,414.9314,414.42,414.77,36826
2026-05-21 13:50:00,414.75,414.91,414.52,414.86,11376
2026-05-21 13:51:00,414.87,415.43,414.84,415.405,30263
2026-05-21 13:52:00,415.415,415.5,415.12,415.39,11405
2026-05-21 13:53:00,415.27,415.63,415.27,415.515,9178
2026-05-21 13:54:00,415.515,415.75,415.43,415.59,10537
2026-05-21 13:55:00,415.695,415.9,415.67,415.75,16864
2026-05-21 13:56:00,415.66,415.91,415.475,415.6,13076
2026-05-21 13:57:00,415.64,415.81,415.59,415.62,8631
2026-05-21 13:58:00,415.6401,415.66,415.05,415.11,11085
2026-05-21 13:59:00,415.09,415.18,414.51,414.635,11574
2026-05-21 14:00:00,414.63,415.19,414.5812,415.11,47929
2026-05-21 14:01:00,415.02,415.12,414.59,414.81,19454
2026-05-21 14:02:00,414.71,415.08,414.635,414.88,8134
2026-05-21 14:03:00,414.81,415.22,414.72,415.1,7362
2026-05-21 14:04:00,415.03,415.1699,414.19,414.27,11128
2026-05-21 14:05:00,414.25,414.6008,414.12,414.35,9009
2026-05-21 14:06:00,414.35,414.65,414.325,414.34,10355
2026-05-21 14:07:00,414.355,414.9799,414.355,414.77,16977
2026-05-21 14:08:00,414.72,414.74,414.15,414.1901,18222
2026-05-21 14:09:00,414.19,414.44,414.08,414.11,16655
2026-05-21 14:10:00,414.09,414.1388,413.51,413.615,26656
2026-05-21 14:11:00,413.5,413.74,413.22,413.6731,20948
2026-05-21 14:12:00,413.66,414.0799,413.63,413.865,7127
2026-05-21 14:13:00,413.81,413.865,413.43,413.7353,14480
2026-05-21 14:14:00,413.635,413.84,413.5,413.69,12807
2026-05-21 14:15:00,413.68,413.7,413.41,413.68,7965
2026-05-21 14:16:00,413.615,413.6799,413.24,413.39,8205
2026-05-21 14:17:00,413.31,413.53,413.19,413.5,10977
2026-05-21 14:18:00,413.49,413.765,413.43,413.7,9812
2026-05-21 14:19:00,413.65,413.76,413.43,413.455,12070
2026-05-21 14:20:00,413.4415,413.7399,413.28,413.365,25878
2026-05-21 14:21:00,413.43,413.77,413.42,413.6301,12005
2026-05-21 14:22:00,413.6068,413.73,413.445,413.5964,7685
2026-05-21 14:23:00,413.655,413.655,413.4403,413.525,6047
2026-05-21 14:24:00,413.49,413.79,413.43,413.73,12927
2026-05-21 14:25:00,413.685,413.73,413.5,413.55,6482
2026-05-21 14:26:00,413.5,413.72,413.5,413.66,11384
2026-05-21 14:27:00,413.71,413.71,413.39,413.47,10518
2026-05-21 14:28:00,413.45,413.91,413.45,413.68,18305
2026-05-21 14:29:00,413.6701,413.76,413.41,413.6,13456
2026-05-21 14:30:00,413.63,413.6551,413.24,413.41,18815
2026-05-21 14:31:00,413.49,413.76,413.44,413.535,8045
2026-05-21 14:32:00,413.5,413.6199,413.26,413.3,13042
2026-05-21 14:33:00,413.23,413.3,413.02,413.045,11409
2026-05-21 14:34:00,413,413.25,412.911,413.25,20720
2026-05-21 14:35:00,413.27,413.295,412.911,412.975,8223
2026-05-21 14:36:00,412.975,413.27,412.87,413.14,11055
2026-05-21 14:37:00,413.21,413.3,413.11,413.25,9775
2026-05-21 14:38:00,413.275,413.3,412.94,413.21,7498
2026-05-21 14:39:00,413.21,413.21,412.84,412.91,10209
2026-05-21 14:40:00,412.89,413.265,412.76,413.265,11696
2026-05-21 14:41:00,413.27,413.4899,413.18,413.425,6428
2026-05-21 14:42:00,413.405,413.5,413.31,413.335,11347
2026-05-21 14:43:00,413.355,413.49,413.24,413.38,5136
2026-05-21 14:44:00,413.375,413.47,413.25,413.25,5629
2026-05-21 14:45:00,413.29,413.37,412.92,412.93,7616
2026-05-21 14:46:00,413,413.11,412.72,412.81,11436
2026-05-21 14:47:00,412.81,413.1,412.81,412.97,9778
2026-05-21 14:48:00,413.045,413.116,412.2,412.535,25650
2026-05-21 14:49:00,412.6,412.71,412.3701,412.5599,11230
2026-05-21 14:50:00,412.515,412.7488,412.28,412.5,9202
2026-05-21 14:51:00,412.49,412.8499,412.405,412.8231,5560
2026-05-21 14:52:00,412.68,412.68,411.4,411.5,39019
2026-05-21 14:53:00,411.48,412.1399,411.38,411.4641,19257
2026-05-21 14:54:00,411.47,411.9999,411,411.01,20126
2026-05-21 14:55:00,411.01,411.4199,410.5,410.885,42444
2026-05-21 14:56:00,410.895,411.109,410.63,410.86,31754
2026-05-21 14:57:00,410.865,411.6,410.68,411.37,39648
2026-05-21 14:58:00,411.325,411.59,411.2,411.4093,9144
2026-05-21 14:59:00,411.36,411.8599,411.29,411.7225,9673
2026-05-21 15:00:00,411.78,412.2199,411.73,412.01,12889
2026-05-21 15:01:00,412.065,412.4999,411.88,412.36,9816
2026-05-21 15:02:00,412.36,412.36,412.0854,412.0875,7725
2026-05-21 15:03:00,412.11,412.4,412.1,412.35,8783
2026-05-21 15:04:00,412.2701,412.33,411.73,411.9157,10606
2026-05-21 15:05:00,411.79,412.03,411.55,411.73,20606
2026-05-21 15:06:00,411.73,411.8099,411.2,411.46,21272
2026-05-21 15:07:00,411.5343,411.7999,411.35,411.59,18357
2026-05-21 15:08:00,411.5951,412.62,411.595,412.44,45061
2026-05-21 15:09:00,412.47,412.72,412.43,412.5,11054
2026-05-21 15:10:00,412.6999,412.6999,412.24,412.415,12169
2026-05-21 15:11:00,412.275,412.575,412.14,412.14,8237
2026-05-21 15:12:00,412.195,412.418,412.1,412.35,11958
2026-05-21 15:13:00,412.33,412.59,412.27,412.38,16956
2026-05-21 15:14:00,412.44,413,412.44,412.9399,31410
2026-05-21 15:15:00,412.8898,413.26,412.88,413.22,16205
2026-05-21 15:16:00,413.3,413.45,413.28,413.33,17578
2026-05-21 15:17:00,413.4,413.49,413.25,413.49,14455
2026-05-21 15:18:00,413.46,413.86,413.42,413.86,11937
2026-05-21 15:19:00,413.82,413.89,413.29,413.61,42042
2026-05-21 15:20:00,413.625,414.13,413.42,414.035,15994
2026-05-21 15:21:00,414.04,414.04,413.55,413.655,13663
2026-05-21 15:22:00,413.655,413.665,413.295,413.54,12481
2026-05-21 15:23:00,413.49,413.62,413.43,413.5,9841
2026-05-21 15:24:00,413.53,413.6,413.495,413.555,29995
2026-05-21 15:25:00,413.555,413.56,413.3,413.385,16645
2026-05-21 15:26:00,413.37,413.37,413.17,413.25,13943
2026-05-21 15:27:00,413.25,413.4799,413.22,413.42,7665
2026-05-21 15:28:00,413.36,413.54,413.33,413.42,10408
2026-05-21 15:29:00,413.37,413.515,413.04,413.24,20552
2026-05-21 15:30:00,413.22,413.3,412.8901,412.8901,9749
2026-05-21 15:31:00,412.945,413.02,412.75,412.77,12597
2026-05-21 15:32:00,412.77,413.022,412.69,412.71,19530
2026-05-21 15:33:00,412.695,412.695,412.35,412.41,9565
2026-05-21 15:34:00,412.35,412.47,412.19,412.26,13473
2026-05-21 15:35:00,412.26,412.32,412.08,412.215,16853
2026-05-21 15:36:00,412.215,412.23,412.13,412.19,11037
2026-05-21 15:37:00,412.2,412.4839,412.12,412.405,24101
2026-05-21 15:38:00,412.35,412.41,412.145,412.215,20718
2026-05-21 15:39:00,412.15,412.38,412.15,412.335,17464
2026-05-21 15:40:00,412.31,412.48,411.96,411.96,55530
2026-05-21 15:41:00,412.025,412.05,411.76,411.76,12211
2026-05-21 15:42:00,411.79,411.795,411.5601,411.66,10670
2026-05-21 15:43:00,411.695,412.14,411.64,412.085,15334
2026-05-21 15:44:00,412.0875,412.11,411.88,411.88,22017
2026-05-21 15:45:00,411.88,411.93,411.6,411.91,23301
2026-05-21 15:46:00,411.88,412.235,411.87,412.205,23668
2026-05-21 15:47:00,412.21,412.34,412.09,412.2711,29211
2026-05-21 15:48:00,412.24,412.58,412.23,412.4,25039
2026-05-21 15:49:00,412.45,412.65,412.31,412.61,25678
2026-05-21 15:50:00,412.68,413.035,411.86,412.97,66206
2026-05-21 15:51:00,412.97,413.45,412.84,413.45,45568
2026-05-21 15:52:00,413.34,413.5,413.1,413.155,51835
2026-05-21 15:53:00,413.09,413.56,413.04,413.43,65490
2026-05-21 15:54:00,413.36,415.25,413,415.09,83263
2026-05-21 15:55:00,415.05,415.11,413.61,413.95,84201
2026-05-21 15:56:00,413.95,414.39,413.57,414.29,68525
2026-05-21 15:57:00,414.39,414.49,414.21,414.3,89569
2026-05-21 15:58:00,414.33,414.53,414.23,414.36,103367
2026-05-21 15:59:00,414.43,415.05,414.3,414.58,340064
2026-05-21 16:00:00,414.58,415,414.57,414.57,3999343
2026-05-21 16:01:00,414.49,414.79,414.49,414.61,143
2026-05-21 16:02:00,414.5,414.54,414.49,414.49,2715
2026-05-21 16:03:00,414.1,414.11,414.1,414.11,339
2026-05-21 16:04:00,414,414.38,414,414.38,573
2026-05-21 16:05:00,414.34,414.49,414.31,414.39,417
2026-05-21 16:06:00,414.45,414.45,414.31,414.31,390
2026-05-21 16:07:00,414.45,414.57,414.45,414.55,930
2026-05-21 16:08:00,414.57,414.6,414.57,414.5869,522
2026-05-21 16:09:00,414.7,414.7,414.69,414.69,222
2026-05-21 16:10:00,414.13,414.13,414.13,414.13,150
2026-05-21 16:11:00,414.13,414.54,414.13,414.53,1011
2026-05-21 16:12:00,414.42,414.42,414.42,414.42,40
2026-05-21 16:13:00,414.19,414.52,414.17,414.52,392
2026-05-21 16:14:00,414.3,414.3,414.3,414.3,100
2026-05-21 16:15:00,414.3,414.3,414.22,414.22,305
2026-05-21 16:16:00,414.18,414.2595,414.18,414.2595,480
2026-05-21 16:20:00,414.1641,414.1641,414.1641,414.1641,100
2026-05-21 16:23:00,414.1781,414.1781,414.1781,414.1781,50
2026-05-21 16:25:00,414.5,414.8,414.2091,414.8,437
2026-05-21 16:29:00,414.33,414.33,414.28,414.28,280
2026-05-21 16:31:00,414.9,414.9,414.9,414.9,100
2026-05-21 16:32:00,414.3813,414.9,414.3813,414.9,408
2026-05-21 16:33:00,414.77,414.77,414.77,414.77,52
2026-05-21 16:34:00,414.77,414.77,414.77,414.77,482
2026-05-21 16:35:00,414.6775,414.88,414.6775,414.88,197
2026-05-21 16:37:00,414.88,414.9,414.88,414.9,583
2026-05-21 16:39:00,414.88,414.88,414.88,414.88,69
2026-05-21 16:40:00,414.935,414.935,414.565,414.565,353
2026-05-21 16:42:00,414.935,414.935,414.935,414.935,48
2026-05-21 16:43:00,414.73,414.85,414.73,414.85,90
2026-05-21 16:45:00,414.6377,414.89,414.6377,414.89,200
2026-05-21 16:49:00,414.8523,414.8523,414.8523,414.8523,300
2026-05-21 16:50:00,414.7,414.7,414.7,414.7,52
2026-05-21 16:51:00,414.6,414.6,414.6,414.6,94
2026-05-21 16:53:00,414.67,414.67,414.661,414.661,170
2026-05-21 16:54:00,414.85,414.85,414.63,414.63,240
2026-05-21 16:55:00,414.6,414.6,414.6,414.6,48
2026-05-21 16:56:00,414.5,414.5,414.5,414.5,170
2026-05-21 16:58:00,414.3,414.3,414.3,414.3,42
2026-05-21 16:59:00,414.27,414.27,414.27,414.27,60
2026-05-21 17:01:00,414.56,414.59,414.56,414.59,150
2026-05-21 17:06:00,414.32,414.32,414.32,414.32,50
2026-05-21 17:08:00,414.47,414.48,414.373,414.3775,200
2026-05-21 17:09:00,414.3781,414.38,414.3781,414.38,100
2026-05-21 17:11:00,414.38,414.3807,414.38,414.3807,561
2026-05-21 17:12:00,414.48,414.48,414.4,414.4,245
2026-05-21 17:13:00,414.38,414.38,414.38,414.38,100
2026-05-21 17:14:00,414.5,414.5,414.5,414.5,143
2026-05-21 17:15:00,414.3977,414.3977,414.3977,414.3977,100
2026-05-21 17:18:00,414.6,414.6,414.6,414.6,155
2026-05-21 17:20:00,414.6,414.85,414.6,414.7,192
2026-05-21 17:22:00,414.65,414.66,414.65,414.66,155
2026-05-21 17:24:00,414.5,414.53,414.5,414.52,253
2026-05-21 17:27:00,414.6044,414.6044,414.55,414.55,339
2026-05-21 17:29:00,414.56,414.56,414.56,414.56,40
2026-05-21 17:36:00,414.5601,414.5601,414.5601,414.5601,60
2026-05-21 17:37:00,414.575,414.575,414.575,414.575,120
2026-05-21 17:39:00,414.59,414.59,414.59,414.59,50
2026-05-21 17:40:00,414.59,414.6,414.59,414.6,810
2026-05-21 17:41:00,414.6909,414.6909,414.6909,414.6909,300
2026-05-21 17:42:00,414.63,414.63,414.63,414.63,135
2026-05-21 17:44:00,414.65,414.66,414.65,414.66,211
2026-05-21 17:45:00,414.63,414.63,414.55,414.55,299
2026-05-21 17:46:00,414.6458,414.6458,414.48,414.48,250
2026-05-21 17:48:00,414.48,414.49,414.32,414.32,848
2026-05-21 17:49:00,414.25,414.25,414.2018,414.2018,114
2026-05-21 17:50:00,414.25,414.25,414.25,414.25,172
2026-05-21 17:51:00,414.3501,414.3501,414.3501,414.3501,69
2026-05-21 17:57:00,414.2018,414.2018,414.2018,414.2018,48
2026-05-21 17:58:00,414.38,414.38,414.38,414.38,71
2026-05-21 17:59:00,414.38,414.38,414.38,414.38,71
2026-05-21 18:00:00,414.38,414.38,414.38,414.38,943
2026-05-21 18:01:00,414.7,414.7,414.7,414.7,477
2026-05-21 18:02:00,414.65,414.85,414.65,414.85,207
2026-05-21 18:03:00,414.99,415.13,414.99,415.13,1118
2026-05-21 18:04:00,415,415,415,415,105
2026-05-21 18:06:00,415.07,415.07,415.07,415.07,40
2026-05-21 18:07:00,415.08,415.08,415.06,415.06,2961
2026-05-21 18:08:00,415.3,415.3,415.3,415.3,242
2026-05-21 18:09:00,415.1072,415.49,415.1072,415.49,1570
2026-05-21 18:10:00,415.5,415.5,415.5,415.5,210
2026-05-21 18:11:00,415.68,415.68,415.68,415.68,180
2026-05-21 18:12:00,415.58,415.83,415.5,415.83,1074
2026-05-21 18:13:00,415.78,415.88,415.7,415.7,1094
2026-05-21 18:14:00,415.5,415.5,415.5,415.5,3002
2026-05-21 18:15:00,415.3,415.79,415.3,415.79,797
2026-05-21 18:16:00,415.71,415.71,415.6,415.6,380
2026-05-21 18:19:00,415.146,415.59,415.146,415.59,222
2026-05-21 18:21:00,415.6,415.6,415.6,415.6,50
2026-05-21 18:22:00,415.59,415.68,415.59,415.68,470
2026-05-21 18:23:00,415.1583,415.31,414.99,415,3657
2026-05-21 18:24:00,415,415,414.76,414.76,820
2026-05-21 18:25:00,414.81,414.81,414.81,414.81,167
2026-05-21 18:26:00,415,415,415,415,167
2026-05-21 18:28:00,415.01,415.29,415,415,351
2026-05-21 18:30:00,415.4,415.5,415.4,415.5,1467
2026-05-21 18:31:00,415.4,415.4,415,415,200
2026-05-21 18:32:00,415.05,415.35,415.05,415.05,246
2026-05-21 18:33:00,415,415,415,415,166
2026-05-21 18:37:00,415.1,415.35,415,415,2384
2026-05-21 18:38:00,415.48,415.51,415.01,415.51,310
2026-05-21 18:42:00,415.4,415.4,415.4,415.4,60
2026-05-21 18:43:00,415,415,415,415,50
2026-05-21 18:44:00,415.48,415.48,415.48,415.48,100
2026-05-21 18:45:00,415.5,415.5,415.5,415.5,289
2026-05-21 18:47:00,415.36,415.36,415.36,415.36,40
2026-05-21 18:48:00,415.5,415.5,415.5,415.5,140
2026-05-21 18:49:00,415.5,415.5,415.5,415.5,181
2026-05-21 18:50:00,415.51,415.51,415.51,415.51,190
2026-05-21 18:51:00,415.5,415.5,415.5,415.5,55
2026-05-21 18:52:00,415.35,415.5,415.2825,415.2825,220
2026-05-21 18:53:00,415.25,415.5,415.25,415.5,242
2026-05-21 18:57:00,415.5,415.53,414.86,415.53,773
2026-05-21 18:58:00,415.68,415.68,415.68,415.68,65
2026-05-21 18:59:00,415.43,415.47,415.43,415.47,88
2026-05-21 19:00:00,415.37,415.53,415.37,415.53,138
2026-05-21 19:01:00,415.8137,415.8137,415.8137,415.8137,50
2026-05-21 19:02:00,415.37,415.37,415.37,415.37,100
2026-05-21 19:04:00,415.41,415.41,415.41,415.41,69
2026-05-21 19:05:00,415.41,415.59,415.0808,415.59,265
2026-05-21 19:08:00,415.59,415.59,415.5,415.5,200
2026-05-21 19:09:00,415.6776,415.6776,415.6776,415.6776,50
2026-05-21 19:10:00,415.2962,415.2962,415.2962,415.2962,125
2026-05-21 19:13:00,415.4,415.64,415.25,415.64,811
2026-05-21 19:14:00,415.81,415.81,415.81,415.81,40
2026-05-21 19:15:00,415.78,415.88,415.78,415.88,400
2026-05-21 19:17:00,415.72,415.8,415.7,415.8,330
2026-05-21 19:18:00,415.88,415.88,415.3569,415.3569,148
2026-05-21 19:21:00,415.5,415.68,415.5,415.67,120
2026-05-21 19:22:00,415.6566,415.6566,415.5,415.65,220
2026-05-21 19:24:00,415.51,415.51,415.51,415.51,100
2026-05-21 19:26:00,415.5,415.5,415.5,415.5,40
2026-05-21 19:27:00,415.6,415.7,415.6,415.7,148
2026-05-21 19:28:00,415.8,415.8,415.8,415.8,97
2026-05-21 19:29:00,415.74,415.74,415.74,415.74,80
2026-05-21 19:31:00,415.7381,415.7381,415.7381,415.7381,110
2026-05-21 19:32:00,415.75,415.75,415.75,415.75,50
2026-05-21 19:33:00,415.73,415.73,415.7296,415.7296,600
2026-05-21 19:34:00,415.54,415.7246,415.54,415.7246,190
2026-05-21 19:36:00,415.74,415.74,415.6,415.6,100
2026-05-21 19:37:00,415.55,415.55,415.55,415.55,100
2026-05-21 19:40:00,415.58,415.7,415.58,415.7,140
2026-05-21 19:41:00,415.7192,415.75,415.7192,415.75,170
2026-05-21 19:42:00,415.85,415.85,415.85,415.85,90
2026-05-21 19:43:00,415.88,415.88,415.69,415.69,562
2026-05-21 19:44:00,415.87,415.87,415.781,415.82,381
2026-05-21 19:45:00,415.76,415.88,415.58,415.58,1146
2026-05-21 19:46:00,415.58,415.83,415.58,415.83,832
2026-05-21 19:48:00,415.78,415.78,415.78,415.78,80
2026-05-21 19:49:00,415.78,415.8,415.78,415.8,260
2026-05-21 19:50:00,415.86,416,415.86,416,5502
2026-05-21 19:51:00,416,416.28,415.74,416.28,1255
2026-05-21 19:54:00,416.16,416.25,416.16,416.25,100
2026-05-21 19:55:00,416,416,416,416,50
2026-05-21 19:56:00,416.1171,416.1171,416.1171,416.1171,75
2026-05-21 19:59:00,416.19,416.19,415.7,416,542
2026-05-22 04:00:00,417.5,418,416.65,417.66,10060
2026-05-22 04:01:00,417.23,417.55,417,417,609
2026-05-22 04:02:00,417.58,418,417.58,417.99,189
2026-05-22 04:03:00,418.16,418.2,418.16,418.2,96
2026-05-22 04:04:00,418.5,418.5,418.16,418.16,392
2026-05-22 04:05:00,417.82,417.82,417.82,417.82,98
2026-05-22 04:06:00,417.96,418.27,417.96,418.27,412
2026-05-22 04:07:00,417.51,418,417.51,418,180
2026-05-22 04:08:00,417.59,417.98,417.59,417.98,82
2026-05-22 04:09:00,418.06,418.06,418.06,418.06,60
2026-05-22 04:12:00,418.1183,418.1183,418.1183,418.1183,65
2026-05-22 04:13:00,418.11,418.11,418.11,418.11,115
2026-05-22 04:15:00,418.35,418.5,418.35,418.5,200
2026-05-22 04:17:00,418.35,418.35,418.35,418.35,50
2026-05-22 04:19:00,418.5735,418.5735,418.5735,418.5735,50
2026-05-22 04:20:00,419,419.2,419,419.19,5437
2026-05-22 04:21:00,419.19,419.19,419,419.01,441
2026-05-22 04:23:00,419,419,418.87,418.87,196
2026-05-22 04:24:00,418.7,418.7,418.7,418.7,44
2026-05-22 04:25:00,418.57,418.57,418.57,418.57,80
2026-05-22 04:27:00,418.85,418.85,418.85,418.85,84
2026-05-22 04:29:00,418.8682,418.8682,418.8682,418.8682,270
2026-05-22 04:30:00,418.9,419.25,418.9,419.25,181
2026-05-22 04:32:00,419.13,419.13,419.13,419.13,60
2026-05-22 04:33:00,419.16,419.18,419.14,419.18,300
2026-05-22 04:34:00,419.1136,419.12,418.6,418.79,494
2026-05-22 04:35:00,418.1,418.1,418.1,418.1,40
2026-05-22 04:37:00,418.89,418.89,418.89,418.89,50
2026-05-22 04:39:00,418.2345,418.85,418.2345,418.85,150
2026-05-22 04:42:00,418.74,418.74,418.74,418.74,50
2026-05-22 04:44:00,418.52,418.55,418.52,418.55,158
2026-05-22 04:53:00,418.38,418.38,418.3,418.3,289
2026-05-22 04:55:00,418.43,418.43,418.19,418.19,443
2026-05-22 04:56:00,418.18,418.35,418.18,418.35,298
2026-05-22 04:57:00,418.1,418.2701,418.1,418.2701,241
2026-05-22 04:58:00,418.28,418.28,418.1,418.1,950
2026-05-22 04:59:00,418.1,418.1,417.97,418.02,254
2026-05-22 05:00:00,417.89,417.89,417.8,417.8,293
2026-05-22 05:03:00,417.77,417.77,417.67,417.67,291
2026-05-22 05:04:00,418.18,418.18,418.18,418.18,98
2026-05-22 05:06:00,417.65,417.65,417.65,417.65,100
2026-05-22 05:07:00,417.61,417.61,417.06,417.5,796
2026-05-22 05:08:00,417.06,417.06,416.99,417,491
2026-05-22 05:09:00,417,417,417,417,100
2026-05-22 05:14:00,416.8,416.8,416.5,416.5,100
2026-05-22 05:15:00,416.5,416.5,416.5,416.5,322
2026-05-22 05:24:00,416.5,416.73,416.5,416.73,100
2026-05-22 05:25:00,416.5,416.51,416.5,416.5,255
2026-05-22 05:29:00,416.39,416.6,416.39,416.6,361
2026-05-22 05:31:00,416.1,416.1,416.03,416.1,364
2026-05-22 05:32:00,416.34,416.34,416.34,416.34,80
2026-05-22 05:33:00,416.39,416.48,416.2,416.2,385
2026-05-22 05:34:00,416.58,416.69,416.0255,416.69,484
2026-05-22 05:37:00,416.69,416.69,416.69,416.69,188
2026-05-22 05:40:00,416.98,416.98,416.98,416.98,50
2026-05-22 05:41:00,416.98,416.98,416.98,416.98,50
2026-05-22 05:47:00,416.82,416.82,416.72,416.72,420
2026-05-22 05:48:00,416.78,416.78,416.78,416.78,48
2026-05-22 05:49:00,416.66,416.66,416.66,416.66,140
2026-05-22 05:51:00,416.9,416.93,416.9,416.93,163
2026-05-22 05:52:00,416.6,416.6,416.6,416.6,101
2026-05-22 05:54:00,416.9,416.9,416.6,416.6,166
2026-05-22 05:55:00,416.97,416.97,416.97,416.97,60
2026-05-22 05:57:00,416.73,416.8,416.73,416.8,84
2026-05-22 05:58:00,416.73,416.73,416.7,416.7,200
2026-05-22 06:00:00,416.69,416.69,416.6,416.6,373
2026-05-22 06:01:00,416.2,416.2,416.2,416.2,50
2026-05-22 06:03:00,416.14,416.6211,416.14,416.6211,100
2026-05-22 06:04:00,416,416.1,415.5,415.83,1105
2026-05-22 06:12:00,415.85,415.953,415.85,415.953,340
2026-05-22 06:13:00,416.25,416.25,416.25,416.25,43
2026-05-22 06:18:00,415.75,415.75,415.4413,415.4413,140
2026-05-22 06:20:00,415.56,415.56,415.56,415.56,58
2026-05-22 06:21:00,415.675,415.675,415.675,415.675,99
2026-05-22 06:22:00,415.67,415.67,415.67,415.67,60
2026-05-22 06:27:00,415.71,415.71,415.71,415.71,100
2026-05-22 06:29:00,415.53,415.53,415.32,415.32,104
2026-05-22 06:30:00,415.47,415.47,415.31,415.31,240
2026-05-22 06:31:00,415.31,415.31,415.31,415.31,200
2026-05-22 06:32:00,415.56,415.56,415.56,415.56,40
2026-05-22 06:33:00,415.26,415.51,415.26,415.51,261
2026-05-22 06:35:00,415.31,415.4,415.31,415.4,85
2026-05-22 06:37:00,415.31,415.31,415.31,415.31,40
2026-05-22 06:39:00,415.42,415.42,415.42,415.42,100
2026-05-22 06:41:00,415.16,415.16,415.16,415.16,70
2026-05-22 06:46:00,415.38,415.48,415.38,415.48,290
2026-05-22 06:51:00,415.6,415.6,415.42,415.42,170
2026-05-22 06:53:00,415.72,415.72,415.72,415.72,50
2026-05-22 06:55:00,415.61,415.61,415.5,415.5,188
2026-05-22 06:56:00,415.5,415.5,415.5,415.5,106
2026-05-22 06:57:00,415.45,415.45,415.45,415.45,60
2026-05-22 06:59:00,415.52,415.52,415.52,415.52,58
2026-05-22 07:00:00,415.72,416,415.72,415.75,655
2026-05-22 07:01:00,415.5,415.9508,415.5,415.57,838
2026-05-22 07:02:00,415.8254,415.8254,415.5195,415.65,1118
2026-05-22 07:03:00,415.65,415.73,415.65,415.73,140
2026-05-22 07:04:00,415.8,416,415.7,415.7,1066
2026-05-22 07:05:00,416,416,415.752,415.752,171
2026-05-22 07:06:00,416.0594,416.0594,416.03,416.03,150
2026-05-22 07:07:00,416.08,416.2,416,416,2733
2026-05-22 07:08:00,416.1467,416.1467,416.1467,416.1467,50
2026-05-22 07:09:00,415.7,415.88,415.6,415.6,817
2026-05-22 07:10:00,415.5,415.5,415.5,415.5,100
2026-05-22 07:12:00,415.43,415.43,415.4,415.4,517
2026-05-22 07:15:00,415.15,415.15,415.15,415.15,249
2026-05-22 07:16:00,415.15,415.15,415.15,415.15,75
2026-05-22 07:17:00,415.15,415.15,415.15,415.15,146
2026-05-22 07:18:00,415.25,415.25,415.02,415.02,100
2026-05-22 07:21:00,415.39,415.74,415.31,415.74,635
2026-05-22 07:22:00,415.71,416,415.7,416,1126
2026-05-22 07:24:00,415.9195,415.9195,415.9195,415.9195,100
2026-05-22 07:25:00,415.9195,415.9195,415.77,415.88,460
2026-05-22 07:26:00,416,416,415.72,415.72,316
2026-05-22 07:27:00,415.935,415.935,415.935,415.935,50
2026-05-22 07:28:00,416,416,416,416,320
2026-05-22 07:29:00,415.91,415.93,415.7,415.7,201
2026-05-22 07:31:00,416,416,415.6,415.6,297
2026-05-22 07:32:00,415.51,415.94,415.51,415.94,548
2026-05-22 07:33:00,415.9847,416,415.81,416,297
2026-05-22 07:34:00,415.99,415.99,415.99,415.99,120
2026-05-22 07:37:00,415.91,416.01,415.9,416.01,197
2026-05-22 07:39:00,416.14,416.1913,416,416.19,539
2026-05-22 07:40:00,416.1265,416.1265,416.1265,416.1265,100
2026-05-22 07:41:00,416.13,416.2,415.96,415.96,695
2026-05-22 07:42:00,416,416,416,416,1000
2026-05-22 07:43:00,416.19,416.19,416.005,416.005,429
2026-05-22 07:44:00,416.0672,416.0672,416.0672,416.0672,100
2026-05-22 07:45:00,415.81,415.81,415.81,415.81,700
2026-05-22 07:46:00,416,416,415.825,415.825,310
2026-05-22 07:47:00,416,416.2,416,416.2,3869
2026-05-22 07:48:00,415.93,415.93,415.93,415.93,100
2026-05-22 07:49:00,416.17,416.19,416.17,416.19,242
2026-05-22 07:51:00,416,416.19,416,416.19,148
2026-05-22 07:53:00,416.1,416.2,416.1,416.2,450
2026-05-22 07:54:00,415.9,415.9,415.9,415.9,380
2026-05-22 07:55:00,415.8,415.8,415.5,415.51,1839
2026-05-22 07:56:00,416,416,415.61,415.61,771
2026-05-22 07:57:00,416.1156,416.1156,416.1156,416.1156,50
2026-05-22 07:58:00,416.14,416.14,415.7,415.7,1200
2026-05-22 07:59:00,415.87,415.87,415.87,415.87,40
2026-05-22 08:00:00,415.89,416,415.89,416,1524
2026-05-22 08:01:00,415.81,415.81,415.81,415.81,80
2026-05-22 08:02:00,415.98,416,415.84,415.84,449
2026-05-22 08:03:00,415.8,415.8,415.75,415.75,165
2026-05-22 08:04:00,415.98,416,415.57,415.57,519
2026-05-22 08:05:00,415.51,415.625,415.5,415.55,254
2026-05-22 08:06:00,415.75,415.75,415.75,415.75,50
2026-05-22 08:08:00,415.51,415.51,415.5,415.5,1171
2026-05-22 08:09:00,415.5,415.5,415.39,415.39,532
2026-05-22 08:10:00,415.42,415.4646,415.36,415.4646,686
2026-05-22 08:11:00,415.444,415.444,415.28,415.28,300
2026-05-22 08:12:00,415.39,415.99,415.23,415.97,3499
2026-05-22 08:13:00,415.6,415.9336,415.6,415.9336,166
2026-05-22 08:14:00,415.96,415.96,415.87,415.87,100
2026-05-22 08:15:00,415.98,416,415.5472,415.99,950
2026-05-22 08:16:00,415.76,415.86,415.56,415.56,830
2026-05-22 08:17:00,415.51,415.51,415.51,415.51,228
2026-05-22 08:19:00,415.96,415.96,415.95,415.95,167
2026-05-22 08:20:00,415.99,415.99,415.9,415.99,724
2026-05-22 08:21:00,415.9843,415.9843,415.8,415.8,167
2026-05-22 08:23:00,415.55,415.63,415.55,415.63,155
2026-05-22 08:24:00,415.6,415.75,415.6,415.74,538
2026-05-22 08:25:00,415.7265,415.74,415.6078,415.69,326
2026-05-22 08:26:00,415.63,415.63,415.57,415.57,121
2026-05-22 08:27:00,415.6625,415.6625,415.35,415.35,1419
2026-05-22 08:28:00,415.32,415.32,415.31,415.31,101
2026-05-22 08:29:00,415.6,415.72,415.59,415.72,366
2026-05-22 08:30:00,415.53,415.73,415.45,415.45,252
2026-05-22 08:31:00,415.4077,415.64,415.4077,415.6,290
2026-05-22 08:33:00,415.75,415.75,415.75,415.75,80
2026-05-22 08:34:00,415.74,415.99,415.73,415.75,855
2026-05-22 08:35:00,415.9694,416,415.9694,415.98,805
2026-05-22 08:36:00,415.75,415.76,415.6313,415.6313,462
2026-05-22 08:37:00,415.81,415.81,415.8,415.8,148
2026-05-22 08:38:00,415.7217,415.77,415.7217,415.77,160
2026-05-22 08:40:00,415.9602,415.9602,415.82,415.82,149
2026-05-22 08:41:00,415.88,416.02,415.88,415.88,1168
2026-05-22 08:42:00,415.9,415.9,415.86,415.89,1105
2026-05-22 08:43:00,415.81,415.81,415.81,415.81,41
2026-05-22 08:44:00,415.87,415.8999,415.87,415.8809,850
2026-05-22 08:45:00,415.76,416.23,415.76,416.23,2024
2026-05-22 08:47:00,416.28,416.41,416.28,416.41,285
2026-05-22 08:48:00,416.28,416.28,416.28,416.28,45
2026-05-22 08:49:00,416.5356,416.5356,416.5356,416.5356,100
2026-05-22 08:51:00,416.35,416.35,416.35,416.35,123
2026-05-22 08:52:00,416.5362,416.5362,416.5362,416.5362,100
2026-05-22 08:53:00,416.54,416.56,416.54,416.54,242
2026-05-22 08:54:00,416.39,416.4774,416.39,416.42,1271
2026-05-22 08:55:00,416.49,416.49,416.41,416.41,278
2026-05-22 08:56:00,416.48,416.48,416.48,416.48,48
2026-05-22 08:57:00,416.44,416.5,416.43,416.5,240
2026-05-22 08:58:00,416.4,416.5,416.28,416.5,1134
2026-05-22 08:59:00,416.37,416.62,416.37,416.62,5339
2026-05-22 09:00:00,416.6,416.73,416.18,416.18,2087
2026-05-22 09:01:00,416.14,416.15,416.1,416.1,334
2026-05-22 09:02:00,416.11,416.11,416.11,416.11,150
2026-05-22 09:04:00,416.15,416.23,416.15,416.23,249
2026-05-22 09:05:00,416.2305,416.25,416.1,416.25,677
2026-05-22 09:06:00,416.34,416.69,416.34,416.69,406
2026-05-22 09:07:00,416.754,416.754,416.44,416.44,639
2026-05-22 09:08:00,416.7185,416.7185,416.7185,416.7185,80
2026-05-22 09:09:00,416.7999,416.86,416.67,416.86,516
2026-05-22 09:10:00,416.87,416.9666,416.8,416.8,776
2026-05-22 09:11:00,416.99,416.99,416.9,416.9,580
2026-05-22 09:12:00,416.8,417,416.8,417,202
2026-05-22 09:13:00,416.81,417,416.73,417,428
2026-05-22 09:14:00,416.9784,416.9784,416.7275,416.82,240
2026-05-22 09:15:00,416.84,416.84,416.84,416.84,310
2026-05-22 09:16:00,416.97,416.97,416.86,416.86,100
2026-05-22 09:17:00,416.9636,416.9636,416.84,416.84,372
2026-05-22 09:18:00,416.87,416.8903,416.87,416.88,478
2026-05-22 09:19:00,416.8,416.8,416.44,416.44,488
2026-05-22 09:20:00,416.5,416.5,416.2,416.25,1734
2026-05-22 09:21:00,416.2,416.2,416,416,2485
2026-05-22 09:22:00,415.98,416.25,415.9138,415.98,682
2026-05-22 09:23:00,416.0548,416.0548,416,416,160
2026-05-22 09:25:00,416,416.72,415.8,416.25,6908
2026-05-22 09:26:00,416.25,416.86,416.25,416.5401,304
2026-05-22 09:27:00,416.87,417.28,416.64,417.25,2948
2026-05-22 09:28:00,417.61,417.61,417.34,417.42,311
2026-05-22 09:29:00,417.46,417.58,417.31,417.58,677
2026-05-22 09:30:00,417.37,419.99,416.88,417.9,350569
2026-05-22 09:31:00,418.16,418.86,417.21,418.715,47151
2026-05-22 09:32:00,418.71,419.76,418.42,419.47,71034
2026-05-22 09:33:00,419.34,419.39,417.35,417.4651,40386
2026-05-22 09:34:00,417.35,418.21,416.54,418.17,63858
2026-05-22 09:35:00,417.99,418.43,417.64,418.3,44815
2026-05-22 09:36:00,418.08,418.69,417.11,418.6,49258
2026-05-22 09:37:00,418.38,419.09,418.175,418.535,69602
2026-05-22 09:38:00,418.51,419.2,418.11,419.07,59245
2026-05-22 09:39:00,418.95,419.115,417.94,418.09,45317
2026-05-22 09:40:00,418.0526,419.78,418.04,418.82,69178
2026-05-22 09:41:00,418.815,419.37,418.28,419.29,45863
2026-05-22 09:42:00,419.29,419.49,418.07,418.16,40088
2026-05-22 09:43:00,418.16,419.5,417.97,419.275,34711
2026-05-22 09:44:00,419.32,419.37,418.81,419.1635,22061
2026-05-22 09:45:00,419.16,419.25,418.04,418.17,40055
2026-05-22 09:46:00,418.155,418.18,417.22,417.22,38550
2026-05-22 09:47:00,417.19,417.67,417.1,417.56,34271
2026-05-22 09:48:00,417.505,417.64,416.9,417.47,30582
2026-05-22 09:49:00,417.57,417.71,417.11,417.36,20351
2026-05-22 09:50:00,417.41,417.415,416.57,417.03,24090
2026-05-22 09:51:00,417.03,417.03,416.2,416.45,29162
2026-05-22 09:52:00,416.45,416.68,416.1,416.3351,26202
2026-05-22 09:53:00,416.285,416.6299,415.81,416.5,31809
2026-05-22 09:54:00,416.48,416.6851,416.07,416.24,26064
2026-05-22 09:55:00,416.08,416.19,415.4,415.5072,25760
2026-05-22 09:56:00,415.66,415.86,415.09,415.3999,38470
2026-05-22 09:57:00,415.3902,415.475,414.955,415.02,65667
2026-05-22 09:58:00,415.155,415.44,415.02,415.34,31436
2026-05-22 09:59:00,415.34,416.08,415.03,416.03,49765
2026-05-22 10:00:00,415.94,416.03,414.7003,414.93,48264
2026-05-22 10:01:00,414.87,415.53,414.73,415.255,48615
2026-05-22 10:02:00,415.07,415.43,414,414.01,74793
2026-05-22 10:03:00,414.09,414.7399,414.0501,414.45,21496
2026-05-22 10:04:00,414.45,414.7,414.26,414.595,26113
2026-05-22 10:05:00,414.59,414.59,414.02,414.37,12870
2026-05-22 10:06:00,414.3301,414.43,413.66,414.345,27835
2026-05-22 10:07:00,414.345,414.345,413.65,413.87,15571
2026-05-22 10:08:00,413.98,414.61,413.82,414.5,19275
2026-05-22 10:09:00,414.5,414.74,414.16,414.46,17955
2026-05-22 10:10:00,414.46,414.74,414.08,414.535,46498
2026-05-22 10:11:00,414.535,415.1,414.33,414.8871,46751
2026-05-22 10:12:00,414.85,414.92,414.15,414.17,18271
2026-05-22 10:13:00,414.23,414.26,413.66,413.96,30807
2026-05-22 10:14:00,413.97,414.73,413.97,414.54,20196
2026-05-22 10:15:00,414.5401,415.02,414.275,414.5,33654
2026-05-22 10:16:00,414.585,414.645,413.51,413.56,22156
2026-05-22 10:17:00,413.59,413.94,413.41,413.5417,22747
2026-05-22 10:18:00,413.635,414.09,413.55,413.94,32362
2026-05-22 10:19:00,413.865,414.1199,413.67,413.785,23625
2026-05-22 10:20:00,413.65,413.72,413.12,413.21,28451
2026-05-22 10:21:00,413.1778,413.2078,412.17,412.475,48774
2026-05-22 10:22:00,412.3775,412.42,411.46,411.5599,50988
2026-05-22 10:23:00,411.485,411.5,410.55,410.68,72709
2026-05-22 10:24:00,410.675,411.0599,410.48,410.48,50826
2026-05-22 10:25:00,410.505,410.75,410.21,410.55,51598
2026-05-22 10:26:00,410.55,411.63,410.5,411.19,84393
2026-05-22 10:27:00,411.105,411.32,410.87,411.11,39328
2026-05-22 10:28:00,411.175,411.76,411.025,411.44,51443
2026-05-22 10:29:00,411.52,411.71,411.22,411.5,26870
2026-05-22 10:30:00,411.5013,411.58,410.84,411.19,26151
2026-05-22 10:31:00,411.11,411.5,410.97,411.1025,32441
2026-05-22 10:32:00,411.1175,411.33,410.73,410.88,41930
2026-05-22 10:33:00,410.88,411.1,410.68,410.99,40553
2026-05-22 10:34:00,411,412.56,410.97,412.38,67765
2026-05-22 10:35:00,412.35,412.52,411.94,412.14,19867
2026-05-22 10:36:00,412.17,412.65,412.17,412.38,18997
2026-05-22 10:37:00,412.38,412.9,412.28,412.59,46206
2026-05-22 10:38:00,412.58,412.69,412.3,412.645,31576
2026-05-22 10:39:00,412.7,412.7,412.3,412.43,16377
2026-05-22 10:40:00,412.4004,412.9,412.34,412.81,15991
2026-05-22 10:41:00,412.75,412.7999,412.45,412.7,16137
2026-05-22 10:42:00,412.7,412.8,412.44,412.64,12750
2026-05-22 10:43:00,412.77,412.83,412.15,412.25,12622
2026-05-22 10:44:00,412.32,412.46,412.2,412.335,17250
2026-05-22 10:45:00,412.27,412.4,411.87,411.91,31675
2026-05-22 10:46:00,411.81,412.07,411.31,411.44,33672
2026-05-22 10:47:00,411.7,411.7,410.84,411.43,35165
2026-05-22 10:48:00,411.475,412.07,411.35,411.94,24214
2026-05-22 10:49:00,412,412.17,411.87,412,17027
2026-05-22 10:50:00,411.95,412.14,411.66,411.86,21626
2026-05-22 10:51:00,411.93,412.3399,411.88,412.17,31805
2026-05-22 10:52:00,412.2,412.34,411.72,412.23,16884
2026-05-22 10:53:00,412.23,412.23,411.885,412.08,38785
2026-05-22 10:54:00,412.13,412.7,411.955,412.68,42329
2026-05-22 10:55:00,412.65,413.22,412.38,413.12,31439
2026-05-22 10:56:00,413.2233,414.01,413.01,413.605,23065
2026-05-22 10:57:00,413.605,413.68,413.07,413.19,20379
2026-05-22 10:58:00,413.1,413.76,413.1,413.72,13358
2026-05-22 10:59:00,413.7499,413.7499,413.26,413.62,19983
2026-05-22 11:00:00,413.655,413.85,413.49,413.69,16605
2026-05-22 11:01:00,413.69,413.8,413.4,413.61,14908
2026-05-22 11:02:00,413.51,413.67,413.2501,413.52,17670
2026-05-22 11:03:00,413.53,413.94,413.37,413.7,23328
2026-05-22 11:04:00,413.71,414.35,413.68,414.02,24738
2026-05-22 11:05:00,414.05,414.17,413.66,414.085,14890
2026-05-22 11:06:00,414.09,414.25,413.95,414.01,17457
2026-05-22 11:07:00,414.0854,414.25,414.07,414.14,13436
2026-05-22 11:08:00,414.14,414.14,413.5,413.65,18872
2026-05-22 11:09:00,413.63,413.895,413.5,413.84,14276
2026-05-22 11:10:00,413.79,414.04,413.5,413.681,18296
2026-05-22 11:11:00,413.79,413.9195,413.5,413.74,16714
2026-05-22 11:12:00,413.76,413.96,413.68,413.75,15820
2026-05-22 11:13:00,413.75,414.01,413.66,413.95,21643
2026-05-22 11:14:00,414.05,414.1,413.85,413.99,15267
2026-05-22 11:15:00,414,414.18,413.92,414.11,14038
2026-05-22 11:16:00,414.115,414.39,413.96,414.31,14898
2026-05-22 11:17:00,414.315,414.6,414.295,414.415,19795
2026-05-22 11:18:00,414.45,414.63,414.29,414.4501,17785
2026-05-22 11:19:00,414.45,414.84,414.4337,414.745,14277
2026-05-22 11:20:00,414.74,415.175,414.64,415.115,38702
2026-05-22 11:21:00,415.115,415.24,414.77,414.885,17694
2026-05-22 11:22:00,414.885,415.02,414.63,414.665,11905
2026-05-22 11:23:00,414.69,414.72,414.33,414.505,14006
2026-05-22 11:24:00,414.52,414.67,414.33,414.465,12211
2026-05-22 11:25:00,414.485,415.02,414.34,414.95,20771
2026-05-22 11:26:00,414.88,415.055,414.51,414.61,20304
2026-05-22 11:27:00,414.53,414.7999,414.5201,414.67,5168
2026-05-22 11:28:00,414.735,415.17,414.6301,414.95,12519
2026-05-22 11:29:00,415,415.1247,414.9101,415.1,20914
2026-05-22 11:30:00,415.07,415.07,414.5201,414.56,19268
2026-05-22 11:31:00,414.6316,415.01,414.6316,414.755,14579
2026-05-22 11:32:00,414.785,415.09,414.63,414.91,14596
2026-05-22 11:33:00,414.885,414.935,414.51,414.62,13351
2026-05-22 11:34:00,414.63,414.79,414.56,414.63,8706
2026-05-22 11:35:00,414.63,414.77,414.51,414.715,17020
2026-05-22 11:36:00,414.75,414.8599,414.56,414.745,7353
2026-05-22 11:37:00,414.745,414.8,414.51,414.51,5704
2026-05-22 11:38:00,414.6163,414.63,414.29,414.4,25148
2026-05-22 11:39:00,414.3922,414.51,414.23,414.4722,21735
2026-05-22 11:40:00,414.49,414.64,414.425,414.55,16930
2026-05-22 11:41:00,414.57,414.64,414.1801,414.3027,9120
2026-05-22 11:42:00,414.24,414.3,414.04,414.09,12186
2026-05-22 11:43:00,414.09,414.12,413.7,413.81,18052
2026-05-22 11:44:00,413.7439,413.97,413.74,413.96,9925
2026-05-22 11:45:00,413.97,413.97,413.47,413.585,7632
2026-05-22 11:46:00,413.585,413.77,413.53,413.705,9982
2026-05-22 11:47:00,413.7075,413.7075,413.45,413.565,15399
2026-05-22 11:48:00,413.565,413.565,413.3,413.3,4883
2026-05-22 11:49:00,413.355,413.6,413.11,413.1994,13274
2026-05-22 11:50:00,413.21,413.6,413.15,413.51,9456
2026-05-22 11:51:00,413.51,413.7,413.5,413.625,19681
2026-05-22 11:52:00,413.635,413.76,413.47,413.635,5051
2026-05-22 11:53:00,413.635,413.81,413.53,413.745,7765
2026-05-22 11:54:00,413.92,414.03,413.65,413.65,7832
2026-05-22 11:55:00,413.8515,414.19,413.55,413.7175,44058
2026-05-22 11:56:00,413.815,413.815,413.24,413.29,8122
2026-05-22 11:57:00,413.29,413.3699,412.455,412.455,44228
2026-05-22 11:58:00,412.455,412.61,412.45,412.45,6456
2026-05-22 11:59:00,412.445,412.7299,412.4,412.655,39225
2026-05-22 12:00:00,412.655,412.73,412.28,412.38,27455
2026-05-22 12:01:00,412.39,412.53,412.03,412.46,12512
2026-05-22 12:02:00,412.47,412.61,412.35,412.57,27450
2026-05-22 12:03:00,412.605,412.65,412.4,412.51,3409
2026-05-22 12:04:00,412.45,412.625,412.41,412.5101,6026
2026-05-22 12:05:00,412.52,412.55,412.3301,412.455,5513
2026-05-22 12:06:00,412.4551,412.56,412.4,412.4,8982
2026-05-22 12:07:00,412.4,412.68,412.38,412.5,7138
2026-05-22 12:08:00,412.525,412.71,412.4,412.63,5404
2026-05-22 12:09:00,412.625,412.7,412.27,412.38,7694
2026-05-22 12:10:00,412.39,412.6,412.33,412.51,8162
2026-05-22 12:11:00,412.57,412.64,412.37,412.57,10624
2026-05-22 12:12:00,412.6,412.88,412.56,412.845,6428
2026-05-22 12:13:00,412.76,413.45,412.72,413.35,16189
2026-05-22 12:14:00,413.4284,413.43,413.25,413.335,8996
2026-05-22 12:15:00,413.27,413.35,412.68,412.725,13477
2026-05-22 12:16:00,412.7,413.045,412.7,413,6845
2026-05-22 12:17:00,413.1,413.11,412.85,412.91,6442
2026-05-22 12:18:00,412.89,413.04,412.75,412.88,6311
2026-05-22 12:19:00,412.93,413.28,412.9001,412.91,16327
2026-05-22 12:20:00,412.99,413.01,412.865,412.99,6080
2026-05-22 12:21:00,412.99,413.1,412.8539,412.8539,10047
2026-05-22 12:22:00,412.88,412.92,412.75,412.8,5994
2026-05-22 12:23:00,412.99,412.99,412.65,412.88,8834
2026-05-22 12:24:00,412.88,412.96,412.62,412.77,6535
2026-05-22 12:25:00,412.78,413.43,412.6921,413.425,20117
2026-05-22 12:26:00,413.5,413.88,413.4,413.55,31749
2026-05-22 12:27:00,413.56,413.78,413.46,413.735,17594
2026-05-22 12:28:00,413.7889,413.83,413.59,413.71,3922
2026-05-22 12:29:00,413.71,413.88,413.59,413.815,10081
2026-05-22 12:30:00,413.87,414.05,413.7,413.9299,19460
2026-05-22 12:31:00,413.8,414,413.6701,413.925,5941
2026-05-22 12:32:00,413.94,414.0499,413.71,413.885,11822
2026-05-22 12:33:00,413.885,413.99,413.7,413.79,7052
2026-05-22 12:34:00,413.79,413.8006,413.36,413.47,16841
2026-05-22 12:35:00,413.44,413.58,413.3,413.4711,10428
2026-05-22 12:36:00,413.51,413.7114,413.49,413.7,7750
2026-05-22 12:37:00,413.59,413.9763,413.59,413.92,6473
2026-05-22 12:38:00,413.9,413.96,413.5627,413.6,6718
2026-05-22 12:39:00,413.66,413.75,413.34,413.66,7576
2026-05-22 12:40:00,413.67,413.76,413.47,413.53,6863
2026-05-22 12:41:00,413.53,413.82,413.5,413.8013,10356
2026-05-22 12:42:00,413.77,413.88,413.68,413.75,3669
2026-05-22 12:43:00,413.72,413.9,413.285,413.68,17626
2026-05-22 12:44:00,413.81,414.25,413.01,413.155,17456
2026-05-22 12:45:00,413.09,413.415,413.09,413.28,3061
2026-05-22 12:46:00,413.28,413.667,413.28,413.58,5825
2026-05-22 12:47:00,413.6,413.71,413.45,413.495,7074
2026-05-22 12:48:00,413.495,413.57,413.29,413.44,7350
2026-05-22 12:49:00,413.44,413.5599,413.21,413.24,9571
2026-05-22 12:50:00,413.255,413.255,413,413.135,11482
2026-05-22 12:51:00,413.135,413.2025,413.0101,413.105,7821
2026-05-22 12:52:00,413.01,413.23,412.97,413.18,5343
2026-05-22 12:53:00,413.16,413.88,413.16,413.61,9579
2026-05-22 12:54:00,413.73,413.88,413.6,413.88,5116
2026-05-22 12:55:00,413.74,413.76,413.52,413.745,7720
2026-05-22 12:56:00,413.76,413.85,413.57,413.76,5895
2026-05-22 12:57:00,413.744,413.785,413.5,413.61,6437
2026-05-22 12:58:00,413.59,413.8,413.59,413.68,5062
2026-05-22 12:59:00,413.685,413.8,413.63,413.685,7463
2026-05-22 13:00:00,413.73,414.13,413.7,414.05,14012
2026-05-22 13:01:00,414.13,414.2954,414.01,414.12,7700
2026-05-22 13:02:00,414.105,414.3,414.04,414.27,9858
2026-05-22 13:03:00,414.27,414.35,413.99,413.99,7598
2026-05-22 13:04:00,414.03,414.13,413.88,414.07,4622
2026-05-22 13:05:00,414.08,414.08,413.84,413.98,6534
2026-05-22 13:06:00,414.03,414.15,413.88,414.08,10320
2026-05-22 13:07:00,414.02,414.17,413.89,414.025,10791
2026-05-22 13:08:00,413.93,413.9541,413.78,413.8,5899
2026-05-22 13:09:00,413.825,413.86,413.62,413.845,11481
2026-05-22 13:10:00,413.817,413.8451,413.59,413.82,6316
2026-05-22 13:11:00,413.6717,413.745,413.355,413.4301,7202
2026-05-22 13:12:00,413.48,413.715,413.43,413.61,9660
2026-05-22 13:13:00,413.59,413.76,413.57,413.65,11852
2026-05-22 13:14:00,413.66,413.84,413.61,413.73,13770
2026-05-22 13:15:00,413.77,413.89,413.71,413.7205,4496
2026-05-22 13:16:00,413.745,413.89,413.69,413.71,9643
2026-05-22 13:17:00,413.75,413.75,413.53,413.68,4332
2026-05-22 13:18:00,413.68,413.8299,413.55,413.6551,6002
2026-05-22 13:19:00,413.61,413.8,413,413.03,15740
2026-05-22 13:20:00,413.145,413.52,412.8,413.44,9477
2026-05-22 13:21:00,413.435,413.44,413.26,413.4,6421
2026-05-22 13:22:00,413.4,413.8,413.376,413.725,17449
2026-05-22 13:23:00,413.725,413.94,413.64,413.64,11098
2026-05-22 13:24:00,413.6,413.85,413.58,413.775,8197
2026-05-22 13:25:00,413.775,413.79,413.52,413.74,4873
2026-05-22 13:26:00,413.74,413.91,413.66,413.77,6592
2026-05-22 13:27:00,413.83,413.83,413.52,413.65,7544
2026-05-22 13:28:00,413.64,414.4,413.48,413.93,26932
2026-05-22 13:29:00,414.045,414.39,413.7101,414.39,11158
2026-05-22 13:30:00,414.42,414.62,414.08,414.21,16820
2026-05-22 13:31:00,414.21,414.75,414.2,414.735,22041
2026-05-22 13:32:00,414.735,414.8399,414.25,414.36,7638
2026-05-22 13:33:00,414.25,414.25,413.86,413.975,10178
2026-05-22 13:34:00,413.86,413.99,413.58,413.67,4372
2026-05-22 13:35:00,413.61,413.83,413.53,413.53,7946
2026-05-22 13:36:00,413.58,413.5989,413.3,413.335,5860
2026-05-22 13:37:00,413.335,413.45,413.24,413.38,7287
2026-05-22 13:38:00,413.38,413.68,413.38,413.51,7684
2026-05-22 13:39:00,413.48,413.55,413.1,413.155,23202
2026-05-22 13:40:00,413.1,413.12,412.84,412.94,19374
2026-05-22 13:41:00,412.98,413.11,412.8,413.04,7759
2026-05-22 13:42:00,413.005,413.08,412.91,412.9918,20013
2026-05-22 13:43:00,412.995,413.44,412.95,413.175,14142
2026-05-22 13:44:00,413.125,413.59,413.1101,413.213,14028
2026-05-22 13:45:00,413.24,413.3187,413.11,413.225,5455
2026-05-22 13:46:00,413.22,413.4,413.2142,413.32,5767
2026-05-22 13:47:00,413.32,413.63,413.14,413.63,5578
2026-05-22 13:48:00,413.5,413.73,413.5,413.55,9403
2026-05-22 13:49:00,413.7299,413.7299,413.4543,413.505,2697
2026-05-22 13:50:00,413.51,413.53,412.97,413.02,6213
2026-05-22 13:51:00,413.11,413.23,412.96,413.155,8602
2026-05-22 13:52:00,413.23,413.29,412.97,413.035,5640
2026-05-22 13:53:00,413.02,413.24,412.97,413.12,6847
2026-05-22 13:54:00,413.145,413.169,412.85,412.9,7069
2026-05-22 13:55:00,412.905,413,412.85,412.93,2309
2026-05-22 13:56:00,412.96,412.98,412.724,412.835,16470
2026-05-22 13:57:00,412.88,413.18,412.8,412.92,12398
2026-05-22 13:58:00,412.92,413.02,412.83,412.95,5347
2026-05-22 13:59:00,413.005,413.005,412.76,412.8,4983
2026-05-22 14:00:00,412.84,413.1,412.79,413.055,35110
2026-05-22 14:01:00,413.0505,413.06,412.73,412.9,8657
2026-05-22 14:02:00,412.9784,413.26,412.8943,413.18,7147
2026-05-22 14:03:00,413.18,413.3,412.93,413.265,14672
2026-05-22 14:04:00,413.18,413.37,412.64,413.12,32023
2026-05-22 14:05:00,412.9925,413.33,412.93,413.18,9777
2026-05-22 14:06:00,413.22,413.23,412.87,412.995,17487
2026-05-22 14:07:00,412.88,413.41,412.88,413.24,10526
2026-05-22 14:08:00,413.33,413.435,413.1,413.2642,8523
2026-05-22 14:09:00,413.335,413.77,413.1801,413.62,5717
2026-05-22 14:10:00,413.625,413.77,413.3,413.3,8191
2026-05-22 14:11:00,413.37,413.4699,413.1701,413.22,3056
2026-05-22 14:12:00,413.22,413.2899,413.07,413.1601,18853
2026-05-22 14:13:00,413.16,413.24,413,413.045,9426
2026-05-22 14:14:00,413.01,413.04,412.8,412.87,10291
2026-05-22 14:15:00,412.84,412.9,412.7,412.7,17672
2026-05-22 14:16:00,412.7,413.04,412.65,412.98,12393
2026-05-22 14:17:00,413.04,413.25,412.92,413.17,15835
2026-05-22 14:18:00,413.17,413.4099,413.08,413.205,16800
2026-05-22 14:19:00,413.205,413.265,412.77,412.795,8342
2026-05-22 14:20:00,412.795,412.86,412.63,412.63,13615
2026-05-22 14:21:00,412.705,412.785,412.32,412.4925,26281
2026-05-22 14:22:00,412.54,412.63,412.32,412.545,9054
2026-05-22 14:23:00,412.54,412.56,412.41,412.505,9310
2026-05-22 14:24:00,412.51,412.59,412.46,412.545,7511
2026-05-22 14:25:00,412.545,412.63,412.36,412.36,14318
2026-05-22 14:26:00,412.41,412.57,412.36,412.505,6109
2026-05-22 14:27:00,412.46,412.62,412.32,412.57,12649
2026-05-22 14:28:00,412.5201,412.62,412.26,412.365,5675
2026-05-22 14:29:00,412.365,412.63,412.365,412.53,6127
2026-05-22 14:30:00,412.58,412.63,412.34,412.36,11745
2026-05-22 14:31:00,412.31,412.46,412.26,412.32,16712
2026-05-22 14:32:00,412.35,412.37,412.27,412.33,5533
2026-05-22 14:33:00,412.32,412.46,412.18,412.32,12634
2026-05-22 14:34:00,412.315,412.4,412.27,412.39,6193
2026-05-22 14:35:00,412.375,412.4,412.1701,412.295,15450
2026-05-22 14:36:00,412.295,412.41,412.15,412.15,10256
2026-05-22 14:37:00,412.205,412.27,412,412.1,16599
2026-05-22 14:38:00,412.01,412.07,411.75,412.025,18150
2026-05-22 14:39:00,411.97,412.31,411.7,412.11,33282
2026-05-22 14:40:00,412.29,412.8,412.12,412.61,17180
2026-05-22 14:41:00,412.52,412.87,412.49,412.62,18351
2026-05-22 14:42:00,412.65,412.65,412.4575,412.545,7036
2026-05-22 14:43:00,412.58,412.68,412.52,412.635,18662
2026-05-22 14:44:00,412.6,412.8,412.6,412.675,16846
2026-05-22 14:45:00,412.675,412.75,412.24,412.35,19115
2026-05-22 14:46:00,412.27,412.93,412.27,412.87,31726
2026-05-22 14:47:00,412.88,412.99,412.58,412.635,11521
2026-05-22 14:48:00,412.65,412.71,412.565,412.67,9856
2026-05-22 14:49:00,412.59,412.81,412.59,412.645,6477
2026-05-22 14:50:00,412.645,412.8,412.42,412.685,14427
2026-05-22 14:51:00,412.7,412.87,412.54,412.725,9954
2026-05-22 14:52:00,412.77,412.79,412.43,412.715,11691
2026-05-22 14:53:00,412.715,412.98,412.65,412.95,14527
2026-05-22 14:54:00,412.95,413.15,412.86,413.09,21904
2026-05-22 14:55:00,413.09,413.29,412.93,413.28,9218
2026-05-22 14:56:00,413.32,413.57,413.17,413.36,21352
2026-05-22 14:57:00,413.35,413.37,413.15,413.23,9756
2026-05-22 14:58:00,413.2,413.2586,413,413.115,6746
2026-05-22 14:59:00,413.115,413.17,412.95,413.09,22764
2026-05-22 15:00:00,413.09,413.1,412.96,413.04,4719
2026-05-22 15:01:00,412.995,413.2,412.61,412.825,23894
2026-05-22 15:02:00,412.83,413.1999,412.19,412.2751,16566
2026-05-22 15:03:00,412.1,412.495,412.06,412.425,7531
2026-05-22 15:04:00,412.4265,412.56,412.23,412.4499,10181
2026-05-22 15:05:00,412.41,412.47,412.22,412.33,14742
2026-05-22 15:06:00,412.22,412.2582,411.75,411.82,11847
2026-05-22 15:07:00,411.8,412.33,411.75,412.325,11712
2026-05-22 15:08:00,412.33,412.46,412.21,412.3,8395
2026-05-22 15:09:00,412.33,412.6799,412.16,412.62,7132
2026-05-22 15:10:00,412.575,412.86,412.5286,412.78,9143
2026-05-22 15:11:00,412.77,412.85,412.605,412.7,7674
2026-05-22 15:12:00,412.735,412.735,412.43,412.565,16420
2026-05-22 15:13:00,412.565,412.77,412.4518,412.535,11680
2026-05-22 15:14:00,412.46,412.47,412.04,412.3,12447
2026-05-22 15:15:00,412.295,412.36,412.02,412.02,28071
2026-05-22 15:16:00,412.075,412.08,411.73,411.985,21744
2026-05-22 15:17:00,411.985,412.1,411.76,412.07,13286
2026-05-22 15:18:00,412.07,412.31,411.92,412.2075,12131
2026-05-22 15:19:00,412.205,412.65,412.2001,412.545,12823
2026-05-22 15:20:00,412.64,412.64,412.2,412.2,12335
2026-05-22 15:21:00,412.22,412.42,411.89,411.9,22252
2026-05-22 15:22:00,411.95,412.12,411.81,412.07,11985
2026-05-22 15:23:00,412.07,412.43,412.02,412.35,17660
2026-05-22 15:24:00,412.35,412.45,412.1,412.32,11080
2026-05-22 15:25:00,412.375,412.92,412.32,412.87,8356
2026-05-22 15:26:00,412.94,412.94,412.75,412.845,11933
2026-05-22 15:27:00,412.84,412.94,412.77,412.94,7890
2026-05-22 15:28:00,412.9,413,412.69,412.69,27168
2026-05-22 15:29:00,412.66,412.72,412.4,412.4,11636
2026-05-22 15:30:00,412.37,412.53,412.21,412.38,14275
2026-05-22 15:31:00,412.27,412.5,412.11,412.39,11564
2026-05-22 15:32:00,412.4,412.41,412.2201,412.29,12970
2026-05-22 15:33:00,412.28,412.4,412.24,412.4,5754
2026-05-22 15:34:00,412.39,412.55,412.29,412.415,19050
2026-05-22 15:35:00,412.41,412.55,412.26,412.41,19235
2026-05-22 15:36:00,412.43,412.55,412.33,412.43,20976
2026-05-22 15:37:00,412.43,412.5,412.2125,412.24,15047
2026-05-22 15:38:00,412.21,412.25,412.025,412.13,15518
2026-05-22 15:39:00,412.21,412.3786,412.07,412.3786,22023
2026-05-22 15:40:00,412.39,412.56,412.36,412.515,14693
2026-05-22 15:41:00,412.515,412.52,412.17,412.19,14376
2026-05-22 15:42:00,412.17,412.175,411.7,411.7,26025
2026-05-22 15:43:00,411.68,411.89,411.67,411.85,8834
2026-05-22 15:44:00,411.85,411.97,411.72,411.83,27492
2026-05-22 15:45:00,411.83,411.83,411.39,411.67,49642
2026-05-22 15:46:00,411.58,411.96,411.41,411.845,31732
2026-05-22 15:47:00,412,412,411.73,411.74,17098
2026-05-22 15:48:00,411.7751,412.62,411.74,412.56,33588
2026-05-22 15:49:00,412.62,413.19,412.555,413.15,21152
2026-05-22 15:50:00,413.09,413.8,412.98,413.715,49189
2026-05-22 15:51:00,413.72,413.8,412.8501,413.05,41475
2026-05-22 15:52:00,413.02,413.17,412.86,413,26770
2026-05-22 15:53:00,412.975,413.5,412.83,412.925,41878
2026-05-22 15:54:00,412.9,413.5,412.74,412.855,59955
2026-05-22 15:55:00,412.94,413.54,412.66,413.525,72685
2026-05-22 15:56:00,413.525,414.24,413.46,414.24,53955
2026-05-22 15:57:00,414.26,414.64,414.14,414.26,75479
2026-05-22 15:58:00,414.22,414.63,413.89,414.63,134312
2026-05-22 15:59:00,414.615,414.96,413.85,414.14,298226
2026-05-22 16:00:00,414.14,414.14,413.11,413.11,2638727
2026-05-22 16:01:00,413.12,413.8,413.12,413.8,1072
2026-05-22 16:02:00,413.93,414,413.93,414,385
2026-05-22 16:03:00,413.95,414.14,413.93,414.14,3173
2026-05-22 16:04:00,414.14,414.14,414.1299,414.1299,341
2026-05-22 16:05:00,413.839,413.839,413.839,413.839,50
2026-05-22 16:06:00,413.8,413.9,413.8,413.8366,358
2026-05-22 16:07:00,413.8,413.8,413.8,413.8,135
2026-05-22 16:09:00,413.41,413.8,413.38,413.8,2005
2026-05-22 16:10:00,413.8,413.8,413.55,413.64,311
2026-05-22 16:11:00,413.5825,413.5825,413.5825,413.5825,50
2026-05-22 16:12:00,413.55,413.73,413.55,413.73,150
2026-05-22 16:14:00,413.79,413.8,413.79,413.8,300
2026-05-22 16:15:00,413.75,413.75,413.75,413.75,48
2026-05-22 16:16:00,413.57,413.57,413.55,413.55,440
2026-05-22 16:18:00,413.5,413.55,413.5,413.55,192
2026-05-22 16:19:00,413.5542,413.74,413.552,413.74,191
2026-05-22 16:20:00,413.76,413.76,413.76,413.76,100
2026-05-22 16:22:00,413.8,413.8,413.55,413.8,1254
2026-05-22 16:24:00,413.4838,413.4838,413.4838,413.4838,88
2026-05-22 16:26:00,413.529,413.529,413.529,413.529,100
2026-05-22 16:27:00,413.46,413.75,413.41,413.75,798
2026-05-22 16:28:00,413.4455,413.51,413.4,413.4,891
2026-05-22 16:30:00,413.47,413.47,413.47,413.47,250
2026-05-22 16:31:00,413.4,413.4,413.12,413.12,704
2026-05-22 16:36:00,412.2045,413,412.2045,413,174
2026-05-22 16:38:00,413.3,413.43,413.3,413.43,90
2026-05-22 16:39:00,413.38,413.38,413.38,413.38,50
2026-05-22 16:40:00,413.12,413.12,412.85,412.86,143
2026-05-22 16:41:00,413.0197,413.0197,413.0197,413.0197,60
2026-05-22 16:42:00,413.06,413.06,413.06,413.06,40
2026-05-22 16:46:00,413,413,413,413,90
2026-05-22 16:47:00,413,413,413,413,110
2026-05-22 16:48:00,412.98,412.99,412.98,412.99,344
2026-05-22 16:49:00,412.8,413,412.8,413,140
2026-05-22 16:50:00,413,413,413,413,147
2026-05-22 16:52:00,413.19,413.19,413.19,413.19,184
2026-05-22 16:53:00,413.2,413.2,412.75,413.2,287
2026-05-22 16:54:00,412.4495,413.39,412.4495,413.39,468
2026-05-22 16:55:00,413.25,413.25,413.25,413.25,52
2026-05-22 16:57:00,413.1,413.1,413.1,413.1,44
2026-05-22 16:59:00,413.1,413.1,413.1,413.1,51
2026-05-22 17:02:00,413.09,413.3,413.09,413.3,540
2026-05-22 17:08:00,413.26,413.26,413.26,413.26,40
2026-05-22 17:09:00,413.2531,413.2531,413.2531,413.2531,43
2026-05-22 17:11:00,413.09,413.09,413.08,413.08,90
2026-05-22 17:13:00,413.35,413.35,413.35,413.35,40
2026-05-22 17:14:00,413.31,413.31,413.31,413.31,40
2026-05-22 17:15:00,413.4245,413.44,413.4245,413.44,540
2026-05-22 17:17:00,413.1336,413.1336,413.1336,413.1336,100
2026-05-22 17:18:00,413.28,413.45,413.28,413.45,537
2026-05-22 17:19:00,413.45,413.45,413.424,413.424,510
2026-05-22 17:21:00,413.3,413.41,413.3,413.4,165
2026-05-22 17:22:00,413.41,413.42,413.4,413.4,663
2026-05-22 17:23:00,413.25,413.25,413.25,413.25,200
2026-05-22 17:24:00,413.49,413.49,413.49,413.49,150
2026-05-22 17:25:00,413.47,413.47,413.47,413.47,40
2026-05-22 17:26:00,413.31,413.31,413.31,413.31,50
2026-05-22 17:28:00,413.45,413.45,413.45,413.45,80
2026-05-22 17:29:00,413.3,413.3,413.3,413.3,50
2026-05-22 17:31:00,413.4851,413.4851,413.4851,413.4851,100
2026-05-22 17:32:00,413.49,413.49,413.34,413.49,322
2026-05-22 17:34:00,413.38,413.38,413.38,413.38,40
2026-05-22 17:36:00,413.38,413.4369,413.38,413.4369,88
2026-05-22 17:37:00,413.38,413.38,413.38,413.38,300
2026-05-22 17:38:00,413.38,413.38,413.38,413.38,80
2026-05-22 17:39:00,413.38,413.4086,413.38,413.4086,99
2026-05-22 17:44:00,413.49,413.49,413.48,413.48,250
2026-05-22 17:46:00,413.38,413.38,413.38,413.38,70
2026-05-22 17:48:00,413.38,413.38,413.35,413.38,888
2026-05-22 17:51:00,413.358,413.358,413.358,413.358,98
2026-05-22 17:54:00,413.37,413.37,413.37,413.37,105
2026-05-22 17:55:00,413.37,413.37,413.37,413.37,157
2026-05-22 17:56:00,413.48,413.48,413.48,413.48,163
2026-05-22 17:58:00,413.25,413.25,413.25,413.25,46
2026-05-22 17:59:00,413.5,413.5,413.5,413.5,717
2026-05-22 18:02:00,413.2,413.4604,413.2,413.4604,140
2026-05-22 18:04:00,413.5,413.5,413.5,413.5,56
2026-05-22 18:05:00,413.5,413.5,413.5,413.5,205
2026-05-22 18:09:00,413.25,413.25,413.25,413.25,40
2026-05-22 18:14:00,413.289,413.445,413.289,413.445,150
2026-05-22 18:16:00,413.2799,413.2799,413.2799,413.2799,40
2026-05-22 18:20:00,413.38,413.38,413.38,413.38,229
2026-05-22 18:22:00,413.48,413.48,413.48,413.48,113
2026-05-22 18:26:00,413.46,413.46,413.38,413.38,1093
2026-05-22 18:27:00,413.257,413.257,413.257,413.257,50
2026-05-22 18:28:00,413.26,413.26,413.25,413.25,80
2026-05-22 18:30:00,413.18,413.18,413.18,413.18,40
2026-05-22 18:31:00,413.34,413.34,413.3,413.3,80
2026-05-22 18:32:00,413.34,413.34,413.34,413.34,786
2026-05-22 18:34:00,413.28,413.28,413.28,413.28,100
2026-05-22 18:35:00,413.3,413.3,413.06,413.06,1050
2026-05-22 18:36:00,413.18,413.18,413.18,413.18,48
2026-05-22 18:37:00,413.3483,413.35,413.3483,413.35,123
2026-05-22 18:42:00,413.4467,413.4467,413.4467,413.4467,80
2026-05-22 18:44:00,413.21,413.21,413.18,413.18,584
2026-05-22 18:47:00,413.18,413.18,413.1,413.1,637
2026-05-22 18:49:00,413.05,413.0704,413.05,413.0704,282
2026-05-22 18:51:00,413.1999,413.1999,413.1999,413.1999,1000
2026-05-22 18:52:00,413.07,413.1959,412.66,413,594
2026-05-22 18:53:00,413.2,413.21,413.2,413.21,621
2026-05-22 18:54:00,413.21,413.21,413.2,413.2,638
2026-05-22 18:56:00,413.48,413.5,413.48,413.5,90
2026-05-22 18:57:00,413.4,413.5,413.4,413.5,200
2026-05-22 18:58:00,413.49,413.49,413.49,413.49,209
2026-05-22 19:00:00,413.3,413.3,413.3,413.3,69
2026-05-22 19:01:00,413.28,413.28,413.28,413.28,595
2026-05-22 19:02:00,413.2,413.2,413.2,413.2,50
2026-05-22 19:03:00,413.1,413.1,413.1,413.1,100
2026-05-22 19:04:00,413.11,413.11,413,413,1075
2026-05-22 19:07:00,413,413,413,413,250
2026-05-22 19:08:00,412.4693,412.69,412.4693,412.69,421
2026-05-22 19:09:00,412.39,412.87,412.39,412.87,260
2026-05-22 19:12:00,412.7,412.71,412.7,412.71,196
2026-05-22 19:13:00,413.0302,413.0302,413.0302,413.0302,100
2026-05-22 19:17:00,412.85,412.85,412.652,412.652,100
2026-05-22 19:22:00,412.7,412.7,412.7,412.7,100
2026-05-22 19:23:00,412.81,412.81,412.8,412.8,93
2026-05-22 19:25:00,412.9,412.9,412.9,412.9,46
2026-05-22 19:26:00,412.71,412.71,412.71,412.71,150
2026-05-22 19:27:00,412.7607,412.7607,412.7607,412.7607,50
2026-05-22 19:28:00,412.71,412.71,412.71,412.71,45
2026-05-22 19:29:00,412.72,412.72,412.7,412.7,150
2026-05-22 19:32:00,412.52,412.52,412.52,412.52,78
2026-05-22 19:35:00,412.69,412.69,412.5,412.5,985
2026-05-22 19:37:00,412.75,413.1,412.75,413.1,147
2026-05-22 19:38:00,413.1,413.1,412.51,412.51,200
2026-05-22 19:39:00,412.5,412.5,412.5,412.5,45
2026-05-22 19:42:00,413,413,413,413,70
2026-05-22 19:45:00,412.57,412.57,412.57,412.57,40
2026-05-22 19:46:00,413.1,413.1,413.1,413.1,60
2026-05-22 19:50:00,412.6,412.6,412.6,412.6,84
2026-05-22 19:52:00,412.6,412.6,412.6,412.6,70
2026-05-22 19:54:00,412.6,412.6,412.6,412.6,48
2026-05-22 19:55:00,412.65,412.65,412.65,412.65,43
2026-05-22 19:58:00,413.022,413.022,413.022,413.022,50
2026-05-22 19:59:00,413.1,413.1,413.035,413.035,150
2026-05-26 04:00:00,418.0,419.2762,416.9,418.0,3444
2026-05-26 04:01:00,418.15,419.31,417.25,417.25,10822
2026-05-26 04:02:00,417.83,418.0,417.25,417.27,1311
2026-05-26 04:03:00,417.29,417.29,416.9,416.96,2551
2026-05-26 04:04:00,416.68,416.68,415.95,415.97,2746
2026-05-26 04:05:00,415.74,415.92,415.0,415.92,1665
2026-05-26 04:06:00,415.91,416.54,415.91,416.54,236
2026-05-26 04:07:00,416.48,416.48,416.2,416.21,399
2026-05-26 04:08:00,416.18,416.36,415.9,416.0,2992
2026-05-26 04:09:00,418.1,418.1,415.72,415.72,89
2026-05-26 04:10:00,415.76,418.68,415.76,415.94,244
2026-05-26 04:11:00,415.94,416.04,415.94,416.04,2448
2026-05-26 04:12:00,416.18,416.18,416.16,416.18,466
2026-05-26 04:13:00,416.0,416.2,416.0,416.2,253
2026-05-26 04:14:00,415.77,416.0,415.7,416.0,382
2026-05-26 04:15:00,415.55,415.55,415.55,415.55,200
2026-05-26 04:16:00,415.55,415.55,415.55,415.55,431
2026-05-26 04:17:00,415.56,415.58,415.41,415.41,493
2026-05-26 04:18:00,415.76,416.24,415.76,415.92,203
2026-05-26 04:19:00,415.9502,415.9502,415.9502,415.9502,50
2026-05-26 04:20:00,415.92,415.92,415.92,415.92,106
2026-05-26 04:21:00,416.17,416.5,416.17,416.39,714
2026-05-26 04:22:00,416.5,416.55,416.48,416.5,5405
2026-05-26 04:23:00,416.51,417.0,416.51,416.9,513
2026-05-26 04:24:00,417.0,417.0,416.59,416.59,275
2026-05-26 04:25:00,416.84,416.99,416.84,416.99,280
2026-05-26 04:31:00,416.69,416.69,416.69,416.69,48
2026-05-26 04:35:00,416.18,416.18,416.18,416.18,45
2026-05-26 04:38:00,416.0468,416.0468,416.0468,416.0468,300
2026-05-26 04:40:00,416.79,416.8,416.79,416.8,128
2026-05-26 04:41:00,416.84,416.95,416.84,416.95,314
2026-05-26 04:42:00,416.95,417.0,416.95,416.95,287
2026-05-26 04:45:00,416.7,416.7,416.7,416.7,500
2026-05-26 04:46:00,416.05,416.05,416.05,416.05,200
2026-05-26 04:47:00,416.21,416.21,416.06,416.06,412
2026-05-26 04:48:00,416.09,416.65,416.09,416.65,238
2026-05-26 04:50:00,416.7,416.7,416.7,416.7,100
2026-05-26 04:51:00,416.48,416.48,416.07,416.07,512
2026-05-26 04:52:00,416.5,416.5,416.5,416.5,50
2026-05-26 04:53:00,416.68,416.68,416.11,416.11,136
2026-05-26 04:54:00,416.62,416.62,416.62,416.62,40
2026-05-26 04:55:00,416.39,416.39,416.33,416.33,190
2026-05-26 04:56:00,416.1,416.1,416.1,416.1,59
2026-05-26 04:58:00,416.65,416.65,416.65,416.65,44
2026-05-26 04:59:00,416.21,416.21,416.21,416.21,40
2026-05-26 05:01:00,416.6,416.65,416.6,416.65,260
2026-05-26 05:02:00,416.6643,416.6643,416.6643,416.6643,90
2026-05-26 05:03:00,416.54,416.58,416.54,416.58,96
2026-05-26 05:04:00,416.58,416.58,416.58,416.58,48
2026-05-26 05:05:00,416.49,416.5,416.49,416.5,550
2026-05-26 05:06:00,416.6756,416.6756,416.29,416.37,195
2026-05-26 05:07:00,416.16,416.16,416.16,416.16,43
2026-05-26 05:10:00,416.45,416.45,415.8,415.8,1023
2026-05-26 05:11:00,415.76,415.9,415.51,415.9,244
2026-05-26 05:12:00,415.81,415.81,415.61,415.61,268
2026-05-26 05:13:00,415.82,416.0,415.77,416.0,567
2026-05-26 05:14:00,415.98,415.98,415.98,415.98,96
2026-05-26 05:15:00,415.89,416.0,415.89,415.98,812
2026-05-26 05:16:00,416.0,416.0,416.0,416.0,540
2026-05-26 05:17:00,416.0,416.0,415.98,416.0,1905
2026-05-26 05:18:00,416.0,416.14,415.82,415.82,972
2026-05-26 05:19:00,416.0,416.0,416.0,416.0,55
2026-05-26 05:20:00,416.03,416.03,416.03,416.03,50
2026-05-26 05:22:00,415.88,415.88,415.88,415.88,80
2026-05-26 05:23:00,415.73,415.81,415.57,415.57,683
2026-05-26 05:26:00,415.88,415.88,415.63,415.63,143
2026-05-26 05:27:00,416.132,416.132,416.132,416.132,400
2026-05-26 05:29:00,416.12,416.46,416.12,416.44,188
2026-05-26 05:30:00,416.45,416.45,416.45,416.45,97
2026-05-26 05:31:00,416.34,416.34,416.34,416.34,50
2026-05-26 05:32:00,416.37,416.4,416.37,416.4,200
2026-05-26 05:33:00,416.4692,416.4692,416.4692,416.4692,50
2026-05-26 05:35:00,416.42,416.42,416.42,416.42,42
2026-05-26 05:36:00,416.38,416.38,416.38,416.38,50
2026-05-26 05:37:00,416.5,416.7,416.48,416.5,650
2026-05-26 05:39:00,416.52,416.52,416.52,416.52,50
2026-05-26 05:40:00,416.4,416.4,416.22,416.22,709
2026-05-26 05:41:00,416.0,416.0,415.99,415.99,143
2026-05-26 05:43:00,416.12,416.34,415.82,415.82,289
2026-05-26 05:44:00,416.0,416.0,416.0,416.0,43
2026-05-26 05:45:00,416.0,416.0,416.0,416.0,42
2026-05-26 05:49:00,416.44,416.44,416.44,416.44,80
2026-05-26 05:51:00,416.6,416.64,416.48,416.48,200
2026-05-26 05:52:00,416.69,416.7,416.69,416.7,406
2026-05-26 05:53:00,416.79,416.79,416.79,416.79,50
2026-05-26 05:54:00,416.61,416.61,416.61,416.61,50
2026-05-26 05:55:00,416.63,416.63,416.63,416.63,50
2026-05-26 05:56:00,416.78,416.91,416.78,416.91,214
2026-05-26 05:57:00,416.96,416.96,416.96,416.96,40
2026-05-26 05:58:00,416.77,416.86,416.67,416.67,230
2026-05-26 05:59:00,416.81,416.81,416.81,416.81,100
2026-05-26 06:01:00,416.7,416.7,416.7,416.7,100
2026-05-26 06:03:00,416.8442,416.9,416.8442,416.9,300
2026-05-26 06:04:00,416.85,416.85,416.85,416.85,125
2026-05-26 06:05:00,416.8,416.8,416.8,416.8,100
2026-05-26 06:06:00,416.78,416.8,416.78,416.8,172
2026-05-26 06:09:00,416.84,416.84,416.84,416.84,90
2026-05-26 06:10:00,416.81,416.99,416.81,416.99,173
2026-05-26 06:11:00,417.0,417.0,417.0,417.0,463
2026-05-26 06:12:00,417.4,417.41,417.4,417.41,266
2026-05-26 06:14:00,417.5,417.5,417.46,417.5,228
2026-05-26 06:15:00,417.79,417.88,417.5,417.6,1419
2026-05-26 06:16:00,417.5,417.73,417.4,417.73,839
2026-05-26 06:17:00,417.6697,417.6697,417.6697,417.6697,100
2026-05-26 06:23:00,417.48,417.5,417.44,417.5,211
2026-05-26 06:26:00,417.3,417.3,417.3,417.3,48
2026-05-26 06:28:00,417.23,417.5,417.23,417.5,514
2026-05-26 06:31:00,417.45,417.45,417.45,417.45,52
2026-05-26 06:32:00,417.48,417.5,417.48,417.5,148
2026-05-26 06:33:00,417.48,417.48,417.36,417.4,571
2026-05-26 06:34:00,417.38,417.42,417.38,417.42,372
2026-05-26 06:35:00,417.42,417.42,417.4,417.4,97
2026-05-26 06:36:00,417.36,417.4,417.36,417.4,342
2026-05-26 06:39:00,417.31,417.4,417.31,417.4,208
2026-05-26 06:40:00,417.38,417.48,417.38,417.42,596
2026-05-26 06:41:00,417.43,417.43,417.42,417.42,160
2026-05-26 06:42:00,417.2,417.2,417.2,417.2,160
2026-05-26 06:43:00,417.21,417.21,417.21,417.21,50
2026-05-26 06:44:00,417.305,417.305,417.305,417.305,300
2026-05-26 06:45:00,417.4,417.4,417.21,417.21,149
2026-05-26 06:46:00,417.28,417.28,417.03,417.2,389
2026-05-26 06:47:00,417.19,417.26,417.19,417.26,200
2026-05-26 06:50:00,417.28,417.28,417.28,417.28,96
2026-05-26 06:51:00,417.26,417.26,417.21,417.21,97
2026-05-26 06:52:00,417.11,417.11,417.0,417.0,890
2026-05-26 06:53:00,416.55,416.73,416.22,416.22,1304
2026-05-26 06:54:00,416.2172,416.4,416.19,416.4,1059
2026-05-26 06:55:00,416.43,416.43,416.4,416.4,258
2026-05-26 06:56:00,416.37,416.37,415.9631,416.075,1565
2026-05-26 06:57:00,415.91,415.98,415.88,415.9,585
2026-05-26 06:58:00,415.9,416.0,415.9,416.0,1336
2026-05-26 06:59:00,416.0,416.0,415.8136,416.0,590
2026-05-26 07:00:00,416.0,416.0,415.75,416.0,5635
2026-05-26 07:01:00,415.99,416.03,415.99,416.0,602
2026-05-26 07:02:00,415.85,416.5,415.85,416.3,4112
2026-05-26 07:03:00,416.43,416.5306,416.333,416.5306,687
2026-05-26 07:04:00,416.35,416.4,416.35,416.4,2045
2026-05-26 07:05:00,416.2,416.56,416.19,416.56,765
2026-05-26 07:06:00,416.493,416.5,416.2,416.5,465
2026-05-26 07:07:00,416.536,416.58,416.4,416.58,1415
2026-05-26 07:08:00,416.7,416.84,416.6999,416.84,538
2026-05-26 07:09:00,416.76,416.8,416.76,416.8,612
2026-05-26 07:10:00,416.84,416.84,416.75,416.75,1364
2026-05-26 07:11:00,416.76,416.88,416.75,416.75,2062
2026-05-26 07:12:00,416.8,416.8,416.35,416.5,1413
2026-05-26 07:13:00,416.58,416.6482,416.58,416.6482,198
2026-05-26 07:14:00,416.47,416.47,416.4,416.4,320
2026-05-26 07:15:00,416.47,416.47,416.3782,416.3782,449
2026-05-26 07:16:00,416.4,416.5,416.4,416.5,149
2026-05-26 07:17:00,416.4,416.5,416.4,416.5,175
2026-05-26 07:18:00,416.4924,416.5,416.4924,416.5,150
2026-05-26 07:20:00,416.5,416.58,416.3604,416.3604,378
2026-05-26 07:21:00,416.67,416.85,416.59,416.68,1043
2026-05-26 07:22:00,416.676,416.72,416.676,416.72,150
2026-05-26 07:23:00,416.7399,416.7399,416.7399,416.7399,200
2026-05-26 07:24:00,416.7,416.8045,416.65,416.78,379
2026-05-26 07:25:00,416.73,416.7851,416.6,416.6,477
2026-05-26 07:27:00,416.5104,416.5104,416.5069,416.5069,359
2026-05-26 07:28:00,416.7,417.0,416.7,417.0,1002
2026-05-26 07:29:00,416.97,416.97,416.97,416.97,50
2026-05-26 07:30:00,416.85,417.0,416.85,417.0,368
2026-05-26 07:31:00,417.026,417.09,416.78,416.81,5715
2026-05-26 07:32:00,416.9,417.18,416.65,417.18,1288
2026-05-26 07:33:00,416.93,417.18,416.81,416.91,727
2026-05-26 07:34:00,417.0,417.0,416.6,416.9376,911
2026-05-26 07:35:00,416.7,416.71,416.33,416.33,1306
2026-05-26 07:36:00,416.28,416.28,416.05,416.05,883
2026-05-26 07:37:00,416.1,416.3,416.04,416.15,2002
2026-05-26 07:39:00,416.3706,416.3706,416.3706,416.3706,50
2026-05-26 07:40:00,416.33,416.33,416.0,416.0,1218
2026-05-26 07:41:00,416.25,416.36,416.25,416.36,124
2026-05-26 07:42:00,416.72,416.72,416.72,416.72,163
2026-05-26 07:43:00,416.4,416.5,416.3,416.49,1130
2026-05-26 07:44:00,416.5029,416.5029,416.5029,416.5029,65
2026-05-26 07:45:00,416.46,416.52,416.46,416.5105,354
2026-05-26 07:46:00,416.5218,416.6676,416.5218,416.6676,147
2026-05-26 07:47:00,416.5728,416.5728,416.5,416.5,474
2026-05-26 07:48:00,416.51,416.5585,416.5,416.5,965
2026-05-26 07:49:00,416.39,416.4982,416.39,416.4111,445
2026-05-26 07:50:00,416.46,416.72,416.41,416.71,1796
2026-05-26 07:52:00,416.65,416.65,416.65,416.65,185
2026-05-26 07:53:00,416.65,417.01,416.64,417.01,2902
2026-05-26 07:54:00,417.14,417.41,417.14,417.14,2229
2026-05-26 07:55:00,416.91,416.9999,416.88,416.99,2326
2026-05-26 07:56:00,416.8481,416.8481,416.8481,416.8481,200
2026-05-26 07:57:00,416.98,416.99,416.98,416.99,128
2026-05-26 07:58:00,416.99,416.99,416.88,416.88,190
2026-05-26 07:59:00,416.8,416.95,416.75,416.95,2176
2026-05-26 08:00:00,417.0,417.1,416.98,417.1,326
2026-05-26 08:02:00,416.84,417.1075,416.84,417.1075,1453
2026-05-26 08:03:00,416.89,416.89,416.75,416.75,130
2026-05-26 08:04:00,417.0,417.01,416.91,417.01,625
2026-05-26 08:05:00,417.0,417.09,416.92,417.0,2845
2026-05-26 08:06:00,417.0,417.0,416.9685,416.9685,1052
2026-05-26 08:07:00,416.9564,416.9675,413.105,416.91,1068
2026-05-26 08:08:00,416.99,416.99,416.75,416.75,1622
2026-05-26 08:09:00,416.86,416.9,416.86,416.9,159
2026-05-26 08:10:00,416.7,416.8198,416.41,416.8198,1174
2026-05-26 08:11:00,416.35,416.8273,416.35,416.8273,152
2026-05-26 08:12:00,416.59,416.6,416.59,416.59,217
2026-05-26 08:13:00,416.6,416.6,416.6,416.6,61
2026-05-26 08:14:00,416.6,416.6,416.5,416.5,266
2026-05-26 08:15:00,416.6,416.6,416.35,416.35,1741
2026-05-26 08:16:00,416.3001,416.3001,416.3001,416.3001,90
2026-05-26 08:17:00,416.487,416.5,416.42,416.5,624
2026-05-26 08:18:00,416.5,416.7258,416.5,416.5,1321
2026-05-26 08:19:00,416.51,416.7,416.5,416.66,761
2026-05-26 08:20:00,416.65,416.9575,416.5,416.91,1061
2026-05-26 08:21:00,416.823,416.823,416.73,416.73,95
2026-05-26 08:22:00,416.744,416.744,416.63,416.63,508
2026-05-26 08:23:00,416.61,416.76,416.6,416.69,445
2026-05-26 08:24:00,416.7683,416.7683,416.7683,416.7683,50
2026-05-26 08:25:00,416.69,416.8,416.69,416.78,293
2026-05-26 08:26:00,416.9,417.71,416.3,416.3,17616
2026-05-26 08:27:00,416.4521,417.3195,416.4521,417.3195,1054
2026-05-26 08:28:00,417.04,417.5,417.04,417.5,3192
2026-05-26 08:29:00,417.41,417.78,417.4,417.65,352
2026-05-26 08:30:00,417.66,417.78,417.05,417.05,556
2026-05-26 08:31:00,417.73,417.78,417.66,417.702,258
2026-05-26 08:32:00,417.6,417.61,417.5906,417.6,475
2026-05-26 08:33:00,417.54,417.54,417.5,417.5,147
2026-05-26 08:34:00,417.6,417.6,417.5,417.5,572
2026-05-26 08:35:00,417.5221,417.5221,417.5,417.5,919
2026-05-26 08:36:00,417.6081,417.6081,417.54,417.54,209
2026-05-26 08:37:00,417.44,417.44,417.44,417.44,100
2026-05-26 08:38:00,417.62,417.62,417.62,417.62,464
2026-05-26 08:39:00,417.72,417.89,417.6607,417.89,1563
2026-05-26 08:40:00,417.97,418.0,417.6607,417.9558,744
2026-05-26 08:41:00,417.8689,418.0,417.8,418.0,695
2026-05-26 08:42:00,418.0,418.0,417.92,417.99,2268
2026-05-26 08:43:00,417.95,418.0,417.84,417.87,1918
2026-05-26 08:44:00,418.0,418.5,417.97,418.49,4596
2026-05-26 08:45:00,418.42,418.46,418.13,418.2001,1344
2026-05-26 08:46:00,418.48,418.49,418.43,418.49,385
2026-05-26 08:47:00,418.3151,418.47,418.3151,418.35,720
2026-05-26 08:48:00,418.5175,418.749,418.38,418.749,1502
2026-05-26 08:49:00,418.52,418.52,418.52,418.52,50
2026-05-26 08:50:00,418.44,418.57,418.44,418.57,161
2026-05-26 08:51:00,418.6,418.65,418.6,418.65,141
2026-05-26 08:52:00,418.66,418.66,418.55,418.55,586
2026-05-26 08:53:00,418.34,418.55,418.15,418.15,410
2026-05-26 08:54:00,418.15,418.43,418.15,418.3005,346
2026-05-26 08:55:00,418.41,418.41,418.37,418.37,199
2026-05-26 08:56:00,418.45,418.7,418.45,418.5221,2531
2026-05-26 08:57:00,418.67,418.75,418.67,418.67,878
2026-05-26 08:58:00,418.73,418.73,418.73,418.73,40
2026-05-26 08:59:00,418.806,418.83,418.67,418.82,990
2026-05-26 09:00:00,418.82,419.03,418.8049,418.97,3765
2026-05-26 09:01:00,419.08,419.2,419.08,419.09,1293
2026-05-26 09:02:00,419.17,419.3,418.69,418.69,3297
2026-05-26 09:03:00,418.67,418.88,418.2636,418.2636,4798
2026-05-26 09:04:00,418.0491,418.65,418.0491,418.4,517
2026-05-26 09:05:00,418.17,418.17,418.0,418.04,344
2026-05-26 09:06:00,418.2664,418.4,417.81,418.4,834
2026-05-26 09:07:00,418.3,418.82,418.3,418.47,743
2026-05-26 09:08:00,418.58,418.6,418.58,418.6,186
2026-05-26 09:09:00,418.54,418.54,418.54,418.54,47
2026-05-26 09:10:00,418.5,418.5,418.5,418.5,100
2026-05-26 09:11:00,418.49,418.6,418.49,418.6,1227
2026-05-26 09:12:00,418.7,418.76,418.6,418.7599,644
2026-05-26 09:13:00,418.76,418.76,418.6589,418.6589,745
2026-05-26 09:14:00,418.7688,419.3,418.7601,419.3,2337
2026-05-26 09:15:00,419.29,419.34,419.28,419.34,1656
2026-05-26 09:16:00,419.3,419.3,419.0711,419.2401,1483
2026-05-26 09:17:00,419.3,419.3,419.139,419.3,379
2026-05-26 09:18:00,419.26,419.36,419.1,419.1078,591
2026-05-26 09:19:00,419.11,419.25,419.11,419.25,789
2026-05-26 09:20:00,419.1,419.1035,418.9865,418.99,6658
2026-05-26 09:21:00,418.94,419.09,418.61,418.6153,2254
2026-05-26 09:22:00,418.8,418.98,418.8,418.8,533
2026-05-26 09:23:00,418.67,418.825,418.37,418.825,9701
2026-05-26 09:24:00,418.6795,418.6795,418.48,418.5,788
2026-05-26 09:25:00,418.5,420.2,418.5,420.0,32518
2026-05-26 09:26:00,420.17,420.3,420.1,420.24,2554
2026-05-26 09:27:00,420.23,420.25,420.0,420.0047,5790
2026-05-26 09:28:00,420.0,420.0,418.88,418.88,5342
2026-05-26 09:29:00,418.89,418.94,418.18,418.5,4899
2026-05-26 09:30:00,418.5,421.3,417.0,420.96,656839
2026-05-26 09:31:00,420.9689,425.77,420.51,424.39,208010
2026-05-26 09:32:00,424.62,424.88,422.51,424.155,157662
2026-05-26 09:33:00,424.205,425.99,423.89,424.86,118507
2026-05-26 09:34:00,424.97,427.87,424.7,427.26,117341
2026-05-26 09:35:00,427.2565,427.8,425.21,425.495,75565
2026-05-26 09:36:00,425.46,426.18,425.31,425.9,81497
2026-05-26 09:37:00,426.1,426.1,424.86,425.09,80166
2026-05-26 09:38:00,425.09,425.55,423.88,424.22,71922
2026-05-26 09:39:00,424.22,425.15,423.18,423.42,90564
2026-05-26 09:40:00,423.47,424.1899,422.7931,423.8375,95029
2026-05-26 09:41:00,423.84,424.685,423.6,424.31,59389
2026-05-26 09:42:00,424.41,424.98,423.9,424.69,59408
2026-05-26 09:43:00,424.9,426.2471,424.35,426.18,55895
2026-05-26 09:44:00,426.24,427.205,426.02,426.245,55185
2026-05-26 09:45:00,426.325,427.86,426.325,427.795,62769
2026-05-26 09:46:00,427.811,429.05,427.33,428.51,55888
2026-05-26 09:47:00,428.505,428.868,427.63,428.4701,53471
2026-05-26 09:48:00,428.52,430.28,428.52,430.0,121239
2026-05-26 09:49:00,430.01,430.115,428.47,428.78,111690
2026-05-26 09:50:00,428.79,429.18,427.6701,428.2,44624
2026-05-26 09:51:00,428.2195,429.075,427.87,428.76,33794
2026-05-26 09:52:00,428.88,429.77,428.33,428.72,40325
2026-05-26 09:53:00,428.47,428.73,427.2,427.5,50332
2026-05-26 09:54:00,427.322,428.24,427.25,427.945,39020
2026-05-26 09:55:00,427.8,427.995,427.0,427.67,36973
2026-05-26 09:56:00,427.565,428.145,427.37,428.1,34086
2026-05-26 09:57:00,427.995,428.2,427.52,427.745,30281
2026-05-26 09:58:00,427.77,428.5,427.3875,428.33,39570
2026-05-26 09:59:00,428.335,428.3375,427.3,428.04,43471
2026-05-26 10:00:00,428.17,428.48,427.45,427.9975,43943
2026-05-26 10:01:00,428.025,428.04,427.23,427.2401,31898
2026-05-26 10:02:00,427.38,428.34,427.36,427.91,35639
2026-05-26 10:03:00,427.915,428.29,427.76,428.04,32990
2026-05-26 10:04:00,428.03,428.9,427.93,428.59,54165
2026-05-26 10:05:00,428.57,428.7,427.9101,427.9101,18629
2026-05-26 10:06:00,427.9101,428.4,427.79,428.09,28839
2026-05-26 10:07:00,428.095,428.74,428.0,428.27,27659
2026-05-26 10:08:00,428.3207,429.942,427.91,429.8052,46720
2026-05-26 10:09:00,429.73,429.73,428.83,429.02,19444
2026-05-26 10:10:00,429.0,429.1999,428.35,428.4696,32335
2026-05-26 10:11:00,428.4,428.67,428.03,428.24,39985
2026-05-26 10:12:00,428.17,428.75,428.02,428.6315,33960
2026-05-26 10:13:00,428.55,429.2,428.3,429.06,57515
2026-05-26 10:14:00,429.1,429.495,428.93,429.4,40959
2026-05-26 10:15:00,429.345,429.57,428.91,428.92,24052
2026-05-26 10:16:00,428.95,429.87,428.82,429.795,27621
2026-05-26 10:17:00,429.795,430.53,429.62,430.375,70608
2026-05-26 10:18:00,430.38,431.24,430.3201,431.055,66464
2026-05-26 10:19:00,431.095,431.25,430.63,430.82,36435
2026-05-26 10:20:00,430.86,431.28,430.67,431.105,30479
2026-05-26 10:21:00,431.105,431.36,430.69,431.36,46344
2026-05-26 10:22:00,431.335,432.22,431.25,432.1618,46054
2026-05-26 10:23:00,432.1401,433.32,432.015,433.1,93900
2026-05-26 10:24:00,433.18,433.5799,432.77,433.2,79952
2026-05-26 10:25:00,433.2,433.81,432.92,433.475,45146
2026-05-26 10:26:00,433.47,433.88,433.12,433.755,30426
2026-05-26 10:27:00,433.81,434.49,433.67,433.69,44145
2026-05-26 10:28:00,433.75,434.25,433.75,433.987,16000
2026-05-26 10:29:00,433.9701,434.72,433.5501,434.72,33762
2026-05-26 10:30:00,434.66,434.87,433.67,434.29,33613
2026-05-26 10:31:00,434.4,434.49,434.08,434.45,33635
2026-05-26 10:32:00,434.365,434.4,433.77,433.83,32266
2026-05-26 10:33:00,433.83,434.4,433.83,434.31,25276
2026-05-26 10:34:00,434.31,434.75,434.25,434.395,33491
2026-05-26 10:35:00,434.395,434.95,434.24,434.94,28214
2026-05-26 10:36:00,434.92,435.0,434.7,434.9451,48488
2026-05-26 10:37:00,434.92,435.0,434.61,434.805,34337
2026-05-26 10:38:00,434.81,435.2,434.58,434.835,33789
2026-05-26 10:39:00,434.78,434.92,434.44,434.82,28537
2026-05-26 10:40:00,434.82,435.31,434.64,435.035,63850
2026-05-26 10:41:00,434.955,435.05,434.36,434.57,34032
2026-05-26 10:42:00,434.515,435.0,434.19,434.36,20573
2026-05-26 10:43:00,434.21,434.29,433.14,433.17,50400
2026-05-26 10:44:00,433.18,433.6,433.1,433.35,19012
2026-05-26 10:45:00,433.31,433.31,432.22,432.44,23609
2026-05-26 10:46:00,432.405,432.66,432.0301,432.175,24884
2026-05-26 10:47:00,432.25,432.46,431.74,431.985,32337
2026-05-26 10:48:00,431.82,431.89,431.4001,431.4001,19656
2026-05-26 10:49:00,431.56,431.78,431.33,431.55,21703
2026-05-26 10:50:00,431.5,432.14,431.32,432.07,25242
2026-05-26 10:51:00,432.02,432.4999,431.99,432.0701,35951
2026-05-26 10:52:00,432.24,432.24,431.36,431.605,17954
2026-05-26 10:53:00,431.605,431.93,431.46,431.86,11627
2026-05-26 10:54:00,431.9,431.95,431.0,431.23,21440
2026-05-26 10:55:00,431.39,431.52,430.98,430.9876,16758
2026-05-26 10:56:00,430.97,431.31,430.8,431.31,18571
2026-05-26 10:57:00,431.34,431.34,430.83,430.885,13602
2026-05-26 10:58:00,430.84,431.1,430.69,430.8,19402
2026-05-26 10:59:00,430.78,431.0,430.53,430.59,24232
2026-05-26 11:00:00,430.65,430.73,430.28,430.29,28916
2026-05-26 11:01:00,430.395,430.53,429.85,429.985,32729
2026-05-26 11:02:00,430.05,430.05,429.34,429.6,42595
2026-05-26 11:03:00,429.485,429.97,429.45,429.795,24273
2026-05-26 11:04:00,429.795,429.9199,428.775,428.97,23419
2026-05-26 11:05:00,428.9009,429.48,428.7779,429.215,22745
2026-05-26 11:06:00,429.17,429.29,428.43,428.497,12356
2026-05-26 11:07:00,428.43,428.47,426.77,427.23,51101
2026-05-26 11:08:00,427.2495,428.425,427.2495,427.86,23545
2026-05-26 11:09:00,427.895,428.0,427.54,427.69,16928
2026-05-26 11:10:00,427.72,428.035,427.2,427.55,35082
2026-05-26 11:11:00,427.74,427.9878,427.43,427.555,12742
2026-05-26 11:12:00,427.69,428.07,427.42,427.8,20597
2026-05-26 11:13:00,427.975,428.02,427.35,427.765,34301
2026-05-26 11:14:00,427.77,428.0,427.51,427.865,17312
2026-05-26 11:15:00,427.865,427.98,427.38,427.54,13127
2026-05-26 11:16:00,427.5401,427.6433,427.07,427.17,15712
2026-05-26 11:17:00,427.175,427.27,426.38,426.45,25988
2026-05-26 11:18:00,426.51,426.94,426.39,426.59,9163
2026-05-26 11:19:00,426.48,426.55,426.35,426.4401,18129
2026-05-26 11:20:00,426.44,426.58,425.63,425.825,31823
2026-05-26 11:21:00,425.91,426.075,425.42,425.68,25367
2026-05-26 11:22:00,425.68,425.81,425.35,425.46,14209
2026-05-26 11:23:00,425.525,425.72,425.35,425.59,14501
2026-05-26 11:24:00,425.68,425.93,425.12,425.84,19950
2026-05-26 11:25:00,425.77,425.894,425.36,425.755,24299
2026-05-26 11:26:00,425.682,426.185,425.0,425.02,32302
2026-05-26 11:27:00,425.14,425.7484,424.98,425.31,20193
2026-05-26 11:28:00,425.18,425.79,425.17,425.37,18723
2026-05-26 11:29:00,425.52,425.52,424.75,424.97,44117
2026-05-26 11:30:00,424.97,425.07,423.64,423.93,38050
2026-05-26 11:31:00,424.0317,424.72,423.965,424.28,19273
2026-05-26 11:32:00,424.415,424.83,424.3,424.46,13241
2026-05-26 11:33:00,424.51,424.7,424.3,424.38,8491
2026-05-26 11:34:00,424.46,424.59,424.0,424.0,10479
2026-05-26 11:35:00,424.0,424.373,423.58,424.295,41430
2026-05-26 11:36:00,424.22,424.4999,423.83,424.0,23120
2026-05-26 11:37:00,423.82,424.2445,423.82,423.925,13884
2026-05-26 11:38:00,423.87,424.02,423.61,423.69,23117
2026-05-26 11:39:00,423.64,423.8,423.35,423.73,13270
2026-05-26 11:40:00,423.735,423.83,423.3401,423.44,21770
2026-05-26 11:41:00,423.44,424.12,423.37,424.06,30386
2026-05-26 11:42:00,423.98,424.04,423.36,423.37,15719
2026-05-26 11:43:00,423.43,423.89,423.0,423.65,34673
2026-05-26 11:44:00,423.65,424.05,423.46,423.655,11190
2026-05-26 11:45:00,423.655,423.73,423.15,423.44,15623
2026-05-26 11:46:00,423.38,423.54,423.0293,423.425,14756
2026-05-26 11:47:00,423.34,423.53,423.08,423.21,16328
2026-05-26 11:48:00,423.16,423.39,422.73,422.73,15659
2026-05-26 11:49:00,422.7,422.9999,422.5,422.84,13654
2026-05-26 11:50:00,422.83,423.35,422.44,423.295,15307
2026-05-26 11:51:00,423.2,423.56,423.02,423.18,9933
2026-05-26 11:52:00,423.18,423.51,422.95,423.44,17229
2026-05-26 11:53:00,423.51,423.6,423.1501,423.335,9134
2026-05-26 11:54:00,423.42,423.7999,422.87,423.22,23136
2026-05-26 11:55:00,423.035,423.32,422.01,422.01,24232
2026-05-26 11:56:00,422.01,422.47,421.87,422.21,22123
2026-05-26 11:57:00,422.3911,422.8399,422.37,422.6904,8993
2026-05-26 11:58:00,422.785,423.17,422.6,423.02,7598
2026-05-26 11:59:00,423.085,423.1,422.7375,422.835,13155
2026-05-26 12:00:00,422.79,423.0,422.2,422.45,22341
2026-05-26 12:01:00,422.41,422.9,422.3,422.825,9540
2026-05-26 12:02:00,422.825,423.18,422.7,423.09,10639
2026-05-26 12:03:00,423.09,423.4899,422.98,423.315,19944
2026-05-26 12:04:00,423.2,423.6,423.15,423.17,19279
2026-05-26 12:05:00,423.21,423.48,423.2,423.3,9503
2026-05-26 12:06:00,423.28,423.42,422.31,422.58,21156
2026-05-26 12:07:00,422.31,422.57,422.08,422.53,14455
2026-05-26 12:08:00,422.39,422.46,421.52,421.53,28046
2026-05-26 12:09:00,421.52,422.13,421.52,422.13,18815
2026-05-26 12:10:00,422.155,422.195,421.56,421.68,11582
2026-05-26 12:11:00,421.68,422.29,421.6,422.235,14632
2026-05-26 12:12:00,422.235,422.53,422.12,422.53,26193
2026-05-26 12:13:00,422.6,424.4899,422.55,424.205,58514
2026-05-26 12:14:00,424.17,424.2399,423.34,423.4999,24611
2026-05-26 12:15:00,423.44,423.4746,422.7101,422.86,16865
2026-05-26 12:16:00,422.85,423.0099,422.4401,422.685,23541
2026-05-26 12:17:00,422.685,422.75,422.05,422.32,14113
2026-05-26 12:18:00,422.25,422.25,421.6801,421.73,13970
2026-05-26 12:19:00,421.825,421.87,421.37,421.8417,35274
2026-05-26 12:20:00,421.86,421.98,421.1,421.315,21146
2026-05-26 12:21:00,421.1872,421.97,421.18,421.845,13231
2026-05-26 12:22:00,421.845,422.1499,421.69,421.7619,24693
2026-05-26 12:23:00,421.795,422.4899,421.66,422.26,15126
2026-05-26 12:24:00,422.3,422.32,421.69,421.825,34672
2026-05-26 12:25:00,421.7,422.17,421.48,422.0727,25394
2026-05-26 12:26:00,421.94,422.32,421.92,422.21,23806
2026-05-26 12:27:00,422.21,422.7,422.0,422.445,17207
2026-05-26 12:28:00,422.71,422.71,422.17,422.6126,19279
2026-05-26 12:29:00,422.615,422.95,422.5,422.805,15858
2026-05-26 12:30:00,422.81,423.04,422.66,422.94,15756
2026-05-26 12:31:00,422.905,422.905,422.48,422.52,28337
2026-05-26 12:32:00,422.525,422.71,422.44,422.5794,19840
2026-05-26 12:33:00,422.565,422.76,422.29,422.58,20034
2026-05-26 12:34:00,422.5701,422.75,422.35,422.42,18941
2026-05-26 12:35:00,422.52,422.86,422.44,422.59,15525
2026-05-26 12:36:00,422.64,422.75,422.46,422.48,14824
2026-05-26 12:37:00,422.465,422.59,421.99,422.38,20904
2026-05-26 12:38:00,422.47,422.6999,422.375,422.485,11482
2026-05-26 12:39:00,422.39,422.5,422.09,422.36,8585
2026-05-26 12:40:00,422.22,422.4999,421.88,422.0,16823
2026-05-26 12:41:00,422.0,422.31,421.62,422.06,16118
2026-05-26 12:42:00,422.09,422.31,421.79,421.895,8377
2026-05-26 12:43:00,421.8001,421.905,421.62,421.75,11035
2026-05-26 12:44:00,421.76,421.76,421.34,421.5599,15484
2026-05-26 12:45:00,421.505,421.88,421.45,421.84,14090
2026-05-26 12:46:00,421.8999,422.2999,421.845,422.105,22257
2026-05-26 12:47:00,422.105,422.17,421.73,421.73,14582
2026-05-26 12:48:00,421.72,421.8699,421.34,421.48,16373
2026-05-26 12:49:00,421.5,421.8899,421.5,421.805,12512
2026-05-26 12:50:00,421.87,422.15,421.7406,421.95,10089
2026-05-26 12:51:00,421.95,422.0,421.58,421.83,14829
2026-05-26 12:52:00,421.72,421.95,421.48,421.62,20134
2026-05-26 12:53:00,421.64,422.025,421.47,421.865,25315
2026-05-26 12:54:00,421.865,422.8099,421.865,422.665,10192
2026-05-26 12:55:00,422.7,422.735,422.0704,422.0704,23317
2026-05-26 12:56:00,422.195,422.5,422.12,422.155,33867
2026-05-26 12:57:00,422.2,422.4,422.05,422.38,15456
2026-05-26 12:58:00,422.47,422.6822,422.36,422.555,11377
2026-05-26 12:59:00,422.555,422.64,422.42,422.505,9971
2026-05-26 13:00:00,422.46,423.09,422.4201,423.0578,32871
2026-05-26 13:01:00,423.06,423.38,423.03,423.32,14927
2026-05-26 13:02:00,423.39,423.45,423.1,423.2,16865
2026-05-26 13:03:00,423.2,424.1399,423.14,423.755,37656
2026-05-26 13:04:00,423.755,423.82,423.55,423.715,15896
2026-05-26 13:05:00,423.73,423.93,423.48,423.85,19233
2026-05-26 13:06:00,423.885,423.98,423.57,423.62,17730
2026-05-26 13:07:00,423.56,423.61,423.23,423.34,24482
2026-05-26 13:08:00,423.415,423.59,423.12,423.205,18693
2026-05-26 13:09:00,423.29,423.29,422.82,423.075,11981
2026-05-26 13:10:00,423.03,423.1299,422.7,422.7888,19428
2026-05-26 13:11:00,422.77,422.8,422.5,422.5662,17285
2026-05-26 13:12:00,422.5999,422.8999,422.42,422.8,15169
2026-05-26 13:13:00,422.82,423.27,422.79,423.2111,14439
2026-05-26 13:14:00,423.205,423.26,423.01,423.07,12469
2026-05-26 13:15:00,423.07,423.07,422.66,422.72,11496
2026-05-26 13:16:00,422.75,422.87,422.52,422.72,13774
2026-05-26 13:17:00,422.6354,422.95,422.62,422.9,9333
2026-05-26 13:18:00,422.87,422.9999,422.825,422.84,5419
2026-05-26 13:19:00,422.82,422.865,422.25,422.41,14047
2026-05-26 13:20:00,422.395,422.5899,422.32,422.53,11733
2026-05-26 13:21:00,422.49,422.59,422.3,422.3,9644
2026-05-26 13:22:00,422.4,422.7,422.355,422.505,13559
2026-05-26 13:23:00,422.51,422.51,422.08,422.135,11388
2026-05-26 13:24:00,422.08,422.25,422.0,422.185,24223
2026-05-26 13:25:00,422.185,422.24,422.06,422.15,7238
2026-05-26 13:26:00,422.2399,422.6099,422.15,422.42,5885
2026-05-26 13:27:00,422.38,422.385,421.985,422.055,13503
2026-05-26 13:28:00,422.055,422.295,422.04,422.24,13332
2026-05-26 13:29:00,422.24,422.31,422.1901,422.26,6611
2026-05-26 13:30:00,422.315,422.6,422.25,422.51,10486
2026-05-26 13:31:00,422.48,422.73,422.44,422.695,10479
2026-05-26 13:32:00,422.695,422.8499,422.51,422.76,11088
2026-05-26 13:33:00,422.74,422.945,422.74,422.83,7767
2026-05-26 13:34:00,422.82,422.9016,422.55,422.8599,6154
2026-05-26 13:35:00,422.73,422.745,422.4501,422.505,5789
2026-05-26 13:36:00,422.505,422.94,422.505,422.8801,9141
2026-05-26 13:37:00,422.94,422.94,422.72,422.83,5719
2026-05-26 13:38:00,422.78,423.125,422.65,422.785,16360
2026-05-26 13:39:00,422.785,422.785,422.43,422.45,8448
2026-05-26 13:40:00,422.45,422.51,422.07,422.07,12511
2026-05-26 13:41:00,422.07,422.29,422.0,422.15,6484
2026-05-26 13:42:00,422.02,422.33,422.0101,422.305,6521
2026-05-26 13:43:00,422.271,422.6699,422.2,422.4,13957
2026-05-26 13:44:00,422.32,422.355,422.1001,422.1762,6523
2026-05-26 13:45:00,422.165,423.17,422.1,422.945,26152
2026-05-26 13:46:00,422.975,423.19,422.73,422.9,14050
2026-05-26 13:47:00,422.9,422.97,422.76,422.94,4225
2026-05-26 13:48:00,422.9,423.24,422.87,423.18,8832
2026-05-26 13:49:00,423.13,423.43,423.05,423.43,19197
2026-05-26 13:50:00,423.4,423.4299,423.04,423.0452,8380
2026-05-26 13:51:00,423.115,423.16,422.89,423.035,16488
2026-05-26 13:52:00,423.005,423.0063,422.72,422.72,5567
2026-05-26 13:53:00,422.69,422.85,422.5501,422.81,23105
2026-05-26 13:54:00,422.815,422.86,422.71,422.79,7243
2026-05-26 13:55:00,422.78,422.825,422.46,422.59,13646
2026-05-26 13:56:00,422.57,422.63,422.421,422.535,11919
2026-05-26 13:57:00,422.49,422.535,422.31,422.4675,9213
2026-05-26 13:58:00,422.465,422.75,422.4,422.69,14519
2026-05-26 13:59:00,422.665,422.68,422.415,422.415,13112
2026-05-26 14:00:00,422.52,422.53,422.1801,422.285,8790
2026-05-26 14:01:00,422.28,422.4,422.13,422.315,17802
2026-05-26 14:02:00,422.325,422.7,422.16,422.675,11621
2026-05-26 14:03:00,422.66,423.1723,422.66,422.745,15894
2026-05-26 14:04:00,422.69,422.75,422.54,422.615,8050
2026-05-26 14:05:00,422.615,422.85,422.52,422.56,6555
2026-05-26 14:06:00,422.62,422.65,422.48,422.48,8429
2026-05-26 14:07:00,422.5,422.66,422.36,422.61,8726
2026-05-26 14:08:00,422.6,422.79,422.54,422.75,10594
2026-05-26 14:09:00,422.7,422.8899,422.61,422.8899,12976
2026-05-26 14:10:00,422.815,422.815,422.52,422.53,9772
2026-05-26 14:11:00,422.57,422.8899,422.535,422.73,9497
2026-05-26 14:12:00,422.73,422.915,422.65,422.87,14041
2026-05-26 14:13:00,422.8602,422.92,422.25,422.26,15649
2026-05-26 14:14:00,422.27,422.29,422.0101,422.2399,16328
2026-05-26 14:15:00,422.23,422.4,422.13,422.4,7632
2026-05-26 14:16:00,422.32,422.5,422.1,422.215,16492
2026-05-26 14:17:00,422.1,422.46,422.1,422.27,8393
2026-05-26 14:18:00,422.28,422.4099,422.22,422.27,6808
2026-05-26 14:19:00,422.33,422.3453,422.1,422.17,13012
2026-05-26 14:20:00,422.135,422.43,422.11,422.2419,15199
2026-05-26 14:21:00,422.2411,422.48,422.2411,422.35,18797
2026-05-26 14:22:00,422.27,422.59,422.27,422.425,8500
2026-05-26 14:23:00,422.445,422.7244,422.41,422.57,9418
2026-05-26 14:24:00,422.68,422.69,422.07,422.095,11564
2026-05-26 14:25:00,422.095,422.29,422.0601,422.1924,8116
2026-05-26 14:26:00,422.3199,422.32,422.04,422.11,14121
2026-05-26 14:27:00,422.0201,422.19,422.0,422.02,9234
2026-05-26 14:28:00,422.1,422.14,421.67,421.8201,16159
2026-05-26 14:29:00,421.855,422.09,421.82,421.9275,11383
2026-05-26 14:30:00,421.85,422.12,421.82,422.09,5609
2026-05-26 14:31:00,422.085,422.19,421.89,421.95,9178
2026-05-26 14:32:00,421.925,421.95,421.662,421.71,14508
2026-05-26 14:33:00,421.715,421.93,421.65,421.6525,6663
2026-05-26 14:34:00,421.645,421.73,421.53,421.53,11368
2026-05-26 14:35:00,421.54,421.91,421.41,421.84,12153
2026-05-26 14:36:00,421.895,422.0,421.75,421.92,12983
2026-05-26 14:37:00,421.74,422.17,421.49,422.04,19912
2026-05-26 14:38:00,422.07,422.23,421.91,422.02,8989
2026-05-26 14:39:00,422.14,422.45,422.0,422.1666,23684
2026-05-26 14:40:00,422.17,422.18,421.9,421.91,7895
2026-05-26 14:41:00,421.93,422.225,421.69,421.87,17907
2026-05-26 14:42:00,421.9,422.28,421.82,422.18,9139
2026-05-26 14:43:00,422.18,422.39,422.07,422.19,19875
2026-05-26 14:44:00,422.19,422.26,421.8184,421.8184,9645
2026-05-26 14:45:00,421.865,422.015,421.55,421.59,11558
2026-05-26 14:46:00,421.52,421.8299,421.475,421.595,24489
2026-05-26 14:47:00,421.595,422.1095,421.51,421.73,20446
2026-05-26 14:48:00,421.735,421.99,421.63,421.705,8173
2026-05-26 14:49:00,421.675,421.83,421.52,421.73,13759
2026-05-26 14:50:00,421.73,421.96,421.63,421.63,11890
2026-05-26 14:51:00,421.63,421.8435,421.58,421.6701,10544
2026-05-26 14:52:00,421.8009,422.07,421.7,422.0,11282
2026-05-26 14:53:00,422.01,422.15,421.8701,422.01,16974
2026-05-26 14:54:00,422.01,422.1096,421.83,421.895,8913
2026-05-26 14:55:00,421.895,422.1499,421.7701,422.04,8578
2026-05-26 14:56:00,422.04,422.11,421.79,421.8775,15858
2026-05-26 14:57:00,421.925,421.97,421.7,421.82,10230
2026-05-26 14:58:00,421.76,421.97,421.66,421.89,13651
2026-05-26 14:59:00,421.89,422.45,421.89,421.935,21928
2026-05-26 15:00:00,422.07,422.2299,421.75,422.03,25750
2026-05-26 15:01:00,422.09,422.1351,421.5,421.84,21995
2026-05-26 15:02:00,421.735,422.43,421.56,422.43,21796
2026-05-26 15:03:00,422.3,422.53,421.99,422.17,30145
2026-05-26 15:04:00,422.105,422.445,421.97,422.07,77042
2026-05-26 15:05:00,422.316,422.316,422.1,422.3099,5681
2026-05-26 15:06:00,422.2,423.065,421.985,422.98,35943
2026-05-26 15:07:00,423.0898,423.0898,422.72,422.72,15929
2026-05-26 15:08:00,422.8,423.19,422.72,423.16,22842
2026-05-26 15:09:00,423.16,423.2999,423.02,423.235,29093
2026-05-26 15:10:00,423.235,423.4,423.16,423.27,16625
2026-05-26 15:11:00,423.3875,423.66,423.26,423.51,51942
2026-05-26 15:12:00,423.485,423.7,423.21,423.25,25284
2026-05-26 15:13:00,423.21,423.4,422.9,423.075,38081
2026-05-26 15:14:00,423.02,423.4,422.99,423.31,23643
2026-05-26 15:15:00,423.3241,423.37,423.0,423.04,21714
2026-05-26 15:16:00,423.08,423.185,422.99,423.11,24853
2026-05-26 15:17:00,423.105,423.19,422.9,423.1208,17570
2026-05-26 15:18:00,423.1218,423.48,423.1,423.27,24147
2026-05-26 15:19:00,423.27,423.4,423.09,423.09,29202
2026-05-26 15:20:00,423.095,423.23,422.92,423.12,20516
2026-05-26 15:21:00,423.11,423.125,422.77,422.8475,16373
2026-05-26 15:22:00,422.89,423.22,422.845,423.03,29546
2026-05-26 15:23:00,423.06,423.29,423.06,423.2,24541
2026-05-26 15:24:00,423.2,423.57,423.195,423.51,40619
2026-05-26 15:25:00,423.51,423.62,423.25,423.325,20918
2026-05-26 15:26:00,423.325,423.36,423.01,423.295,34784
2026-05-26 15:27:00,423.285,423.38,423.045,423.095,29001
2026-05-26 15:28:00,423.095,423.095,422.77,422.77,21376
2026-05-26 15:29:00,422.82,423.1147,422.7646,422.83,21129
2026-05-26 15:30:00,422.81,422.93,422.6,422.68,23827
2026-05-26 15:31:00,422.71,422.715,422.42,422.46,30311
2026-05-26 15:32:00,422.45,422.45,422.25,422.28,20440
2026-05-26 15:33:00,422.28,422.45,422.13,422.195,20652
2026-05-26 15:34:00,422.15,422.32,422.14,422.22,18500
2026-05-26 15:35:00,422.235,422.6199,422.16,422.17,20646
2026-05-26 15:36:00,422.17,422.6423,422.115,422.52,22576
2026-05-26 15:37:00,422.575,422.77,422.535,422.67,19970
2026-05-26 15:38:00,422.68,422.9199,422.68,422.8599,19996
2026-05-26 15:39:00,422.8599,422.8599,422.131,422.45,39203
2026-05-26 15:40:00,422.355,422.67,422.355,422.65,33676
2026-05-26 15:41:00,422.65,422.9199,422.5501,422.82,19136
2026-05-26 15:42:00,422.82,422.82,422.34,422.44,24998
2026-05-26 15:43:00,422.42,423.6125,422.39,423.02,36287
2026-05-26 15:44:00,422.935,423.32,422.79,423.24,22714
2026-05-26 15:45:00,423.24,423.36,423.09,423.1101,29005
2026-05-26 15:46:00,423.17,423.23,423.02,423.041,20217
2026-05-26 15:47:00,423.08,423.14,422.83,423.14,32093
2026-05-26 15:48:00,423.08,423.35,423.0675,423.165,70446
2026-05-26 15:49:00,423.165,423.41,423.0412,423.3799,19126
2026-05-26 15:50:00,423.38,424.4,423.38,424.295,82731
2026-05-26 15:51:00,424.3,424.47,423.95,424.05,40557
2026-05-26 15:52:00,424.05,424.56,423.95,424.195,46261
2026-05-26 15:53:00,424.2075,424.52,424.03,424.32,56816
2026-05-26 15:54:00,424.36,424.56,424.21,424.39,82112
2026-05-26 15:55:00,424.31,424.39,422.11,422.29,126051
2026-05-26 15:56:00,422.335,422.53,422.1,422.16,88592
2026-05-26 15:57:00,422.14,422.31,421.89,421.9,87682
2026-05-26 15:58:00,421.92,421.95,421.45,421.71,114850
2026-05-26 15:59:00,421.74,422.2,421.51,421.88,259990
2026-05-26 16:00:00,421.82,422.11,420.8,420.96,3947450
2026-05-26 16:01:00,421.29,421.34,421.24,421.33,578
2026-05-26 16:02:00,421.51,421.91,421.51,421.91,723
2026-05-26 16:03:00,421.47,421.47,421.0431,421.2,5219
2026-05-26 16:04:00,421.2,421.23,421.02,421.02,3196
2026-05-26 16:05:00,421.23,421.23,421.21,421.21,196
2026-05-26 16:07:00,421.7996,421.7996,421.7996,421.7996,512
2026-05-26 16:08:00,421.5,421.5,421.5,421.5,50
2026-05-26 16:09:00,421.35,421.35,421.3,421.3,301
2026-05-26 16:10:00,421.5,421.7172,421.5,421.7172,897
2026-05-26 16:11:00,421.62,421.62,421.62,421.62,70
2026-05-26 16:12:00,421.62,421.62,421.62,421.62,80
2026-05-26 16:13:00,421.4055,421.4055,421.4055,421.4055,50
2026-05-26 16:14:00,421.2474,421.2474,421.21,421.21,404
2026-05-26 16:16:00,421.25,421.25,421.15,421.15,538
2026-05-26 16:17:00,421.26,421.3664,421.26,421.3664,500
2026-05-26 16:18:00,421.3,421.5,421.3,421.3,802
2026-05-26 16:19:00,421.5,421.5,421.5,421.5,1000
2026-05-26 16:20:00,421.31,421.31,421.31,421.31,68
2026-05-26 16:21:00,421.26,421.48,421.26,421.48,520
2026-05-26 16:22:00,421.45,421.45,421.45,421.45,110
2026-05-26 16:23:00,421.3,421.4523,421.3,421.45,165
2026-05-26 16:24:00,421.44,421.44,421.44,421.44,84
2026-05-26 16:25:00,421.2053,421.2053,421.2053,421.2053,100
2026-05-26 16:26:00,421.2,421.2875,421.2,421.2875,240
2026-05-26 16:27:00,421.44,422.02,421.4,422.0,7953
2026-05-26 16:29:00,421.92,422.07,421.92,422.07,160
2026-05-26 16:30:00,422.18,422.18,422.18,422.18,50
2026-05-26 16:31:00,422.25,422.4114,422.1001,422.4114,219
2026-05-26 16:32:00,422.45,422.86,422.4499,422.45,1814
2026-05-26 16:33:00,422.74,422.74,422.74,422.74,40
2026-05-26 16:34:00,423.0,423.0,422.01,422.6,6743
2026-05-26 16:35:00,422.75,423.15,422.75,423.0,818
2026-05-26 16:36:00,423.13,423.4,423.13,423.4,140
2026-05-26 16:37:00,423.0,423.0,423.0,423.0,3258
2026-05-26 16:38:00,423.0,423.2,423.0,423.05,870
2026-05-26 16:39:00,422.01,422.01,422.01,422.01,128
2026-05-26 16:40:00,423.0,423.0,422.8,422.8,762
2026-05-26 16:41:00,422.6,422.6,422.6,422.6,200
2026-05-26 16:42:00,422.5212,422.53,422.4343,422.53,538
2026-05-26 16:43:00,422.53,422.53,422.53,422.53,460
2026-05-26 16:44:00,422.51,422.587,422.48,422.5,186
2026-05-26 16:45:00,422.41,422.41,422.41,422.41,49
2026-05-26 16:46:00,422.41,422.41,422.41,422.41,696
2026-05-26 16:47:00,422.35,422.35,422.27,422.27,90
2026-05-26 16:48:00,422.23,422.25,422.23,422.25,633
2026-05-26 16:49:00,422.27,422.7,422.27,422.7,1811
2026-05-26 16:50:00,423.011,423.0719,423.0,423.0,550
2026-05-26 16:51:00,422.75,422.9,422.75,422.75,3386
2026-05-26 16:52:00,422.75,422.75,422.75,422.75,500
2026-05-26 16:53:00,422.8,422.8,422.41,422.41,363
2026-05-26 16:54:00,422.36,422.36,422.36,422.36,50
2026-05-26 16:55:00,422.98,422.98,422.45,422.53,1020
2026-05-26 16:56:00,422.7,422.75,422.6871,422.6871,672
2026-05-26 16:57:00,422.75,422.75,422.45,422.45,90
2026-05-26 16:59:00,422.5,422.5,422.49,422.5,792
2026-05-26 17:00:00,422.5,422.5,422.3943,422.46,302
2026-05-26 17:01:00,422.5,422.5,422.5,422.5,40
2026-05-26 17:02:00,422.63,422.75,422.63,422.74,707
2026-05-26 17:03:00,422.75,422.75,422.75,422.75,1000
2026-05-26 17:06:00,422.5375,422.5375,422.5375,422.5375,44
2026-05-26 17:10:00,422.75,422.75,422.75,422.75,100
2026-05-26 17:12:00,422.62,422.62,422.62,422.62,56
2026-05-26 17:13:00,422.43,422.43,422.43,422.43,100
2026-05-26 17:16:00,422.59,422.59,422.59,422.59,100
2026-05-26 17:17:00,422.7,422.7,422.7,422.7,80
2026-05-26 17:19:00,422.5,422.5,422.5,422.5,50
2026-05-26 17:21:00,422.49,422.49,422.41,422.41,148
2026-05-26 17:22:00,422.4675,422.4675,422.25,422.25,176
2026-05-26 17:26:00,422.5,422.5,422.5,422.5,100
2026-05-26 17:27:00,422.5,422.5,422.5,422.5,300
2026-05-26 17:29:00,422.38,422.38,422.38,422.38,88
2026-05-26 17:30:00,422.3639,422.3639,422.3639,422.3639,100
2026-05-26 17:31:00,422.5,422.5,422.487,422.487,200
2026-05-26 17:33:00,422.5,422.5,422.44,422.44,132
2026-05-26 17:34:00,422.45,422.45,422.45,422.45,147
2026-05-26 17:36:00,422.49,422.5,422.49,422.49,777
2026-05-26 17:37:00,422.69,422.7,422.69,422.7,680
2026-05-26 17:38:00,422.51,422.51,422.51,422.51,45
2026-05-26 17:44:00,422.64,422.7214,422.5586,422.7214,350
2026-05-26 17:45:00,422.53,422.53,422.53,422.53,100
2026-05-26 17:46:00,422.5,422.5,422.5,422.5,50
2026-05-26 17:48:00,422.789,423.0,422.789,423.0,598
2026-05-26 17:49:00,422.5215,422.5215,422.5215,422.5215,50
2026-05-26 17:50:00,422.01,422.4614,422.01,422.45,633
2026-05-26 17:51:00,422.5215,422.5215,422.5215,422.5215,200
2026-05-26 17:53:00,423.0,423.0,423.0,423.0,100
2026-05-26 17:54:00,422.8593,422.8593,422.8593,422.8593,200
2026-05-26 17:55:00,422.57,422.6,422.56,422.6,295
2026-05-26 17:56:00,422.56,422.56,422.56,422.56,40
2026-05-26 17:58:00,422.4344,422.45,422.4344,422.45,143
2026-05-26 17:59:00,422.38,422.38,422.38,422.38,92
2026-05-26 18:00:00,422.35,422.35,422.35,422.35,54
2026-05-26 18:01:00,422.6388,422.6388,422.6388,422.6388,50
2026-05-26 18:02:00,422.37,422.5,422.37,422.5,80
2026-05-26 18:03:00,422.3085,422.3085,422.3085,422.3085,49
2026-05-26 18:04:00,422.25,422.25,422.25,422.25,766
2026-05-26 18:05:00,422.48,422.48,422.0,422.0,291
2026-05-26 18:06:00,422.1838,422.1838,422.1838,422.1838,40
2026-05-26 18:07:00,422.361,422.371,422.1,422.371,695
2026-05-26 18:08:00,422.3096,422.3096,422.1,422.1,754
2026-05-26 18:09:00,422.19,422.3,422.13,422.3,252
2026-05-26 18:11:00,422.3,422.4,422.02,422.4,850
2026-05-26 18:16:00,422.0632,422.0632,422.0632,422.0632,87
2026-05-26 18:17:00,422.27,422.3791,422.25,422.3791,302
2026-05-26 18:19:00,422.26,422.26,422.26,422.26,40
2026-05-26 18:20:00,422.4,422.4,422.39,422.39,91
2026-05-26 18:21:00,422.23,422.23,422.23,422.23,54
2026-05-26 18:22:00,422.25,422.25,422.14,422.14,132
2026-05-26 18:23:00,422.2,422.2,422.14,422.14,96
2026-05-26 18:27:00,422.11,422.11,422.11,422.11,40
2026-05-26 18:30:00,422.3812,422.3812,422.3812,422.3812,150
2026-05-26 18:31:00,422.46,422.46,422.46,422.46,62
2026-05-26 18:33:00,422.2114,422.2114,422.2114,422.2114,50
2026-05-26 18:34:00,422.3,422.3,422.3,422.3,40
2026-05-26 18:36:00,422.4154,422.4154,422.4154,422.4154,100
2026-05-26 18:39:00,422.4,422.4,422.4,422.4,44
2026-05-26 18:40:00,422.47,422.47,422.44,422.44,1053
2026-05-26 18:44:00,422.3891,422.3891,422.26,422.26,352
2026-05-26 18:45:00,422.294,422.4,422.294,422.4,195
2026-05-26 18:48:00,422.13,422.13,422.13,422.13,82
2026-05-26 18:49:00,422.14,422.14,422.14,422.14,120
2026-05-26 18:50:00,422.37,422.37,422.37,422.37,49
2026-05-26 18:51:00,422.35,422.35,422.15,422.15,132
2026-05-26 18:52:00,422.37,422.37,422.37,422.37,50
2026-05-26 18:55:00,422.17,422.17,422.17,422.17,40
2026-05-26 18:56:00,422.4,422.4,422.4,422.4,40
2026-05-26 18:59:00,422.21,422.47,422.2,422.47,184
2026-05-26 19:00:00,422.14,422.16,422.01,422.01,694
2026-05-26 19:01:00,422.07,422.07,422.07,422.07,50
2026-05-26 19:04:00,422.18,422.18,422.18,422.18,43
2026-05-26 19:05:00,422.3531,422.3531,422.3531,422.3531,200
2026-05-26 19:06:00,422.373,422.373,422.373,422.373,400
2026-05-26 19:07:00,422.4,422.4,422.4,422.4,100
2026-05-26 19:08:00,422.46,422.46,422.4,422.4,415
2026-05-26 19:09:00,422.46,422.46,422.0723,422.0723,240
2026-05-26 19:10:00,422.35,422.46,422.34,422.46,248
2026-05-26 19:11:00,422.34,422.34,422.34,422.34,41
2026-05-26 19:13:00,422.2,422.3015,422.16,422.3015,145
2026-05-26 19:15:00,422.45,422.45,422.17,422.17,122
2026-05-26 19:16:00,422.36,422.36,422.36,422.36,50
2026-05-26 19:18:00,422.4,422.4,422.4,422.4,168
2026-05-26 19:20:00,422.05,422.05,422.05,422.05,50
2026-05-26 19:21:00,422.45,422.55,422.45,422.55,1093
2026-05-26 19:25:00,422.51,422.51,422.51,422.51,54
2026-05-26 19:26:00,422.51,422.7,422.51,422.7,668
2026-05-26 19:27:00,422.85,422.88,422.85,422.85,277
2026-05-26 19:29:00,422.96,422.96,422.96,422.96,200
2026-05-26 19:30:00,423.0,423.57,423.0,423.57,732
2026-05-26 19:31:00,423.42,423.68,423.42,423.54,280
2026-05-26 19:32:00,423.4611,423.4611,423.4611,423.4611,45
2026-05-26 19:33:00,423.46,423.46,423.17,423.17,354
2026-05-26 19:34:00,423.16,423.25,423.04,423.04,177
2026-05-26 19:35:00,423.06,423.06,423.06,423.06,40
2026-05-26 19:36:00,423.019,423.019,423.019,423.019,60
2026-05-26 19:37:00,423.0,423.08,423.0,423.08,104
2026-05-26 19:39:00,423.39,423.71,423.39,423.7,1826
2026-05-26 19:40:00,423.99,423.99,423.99,423.99,963
2026-05-26 19:41:00,423.4648,423.91,423.4648,423.91,110
2026-05-26 19:42:00,423.95,423.95,423.95,423.95,50
2026-05-26 19:43:00,423.96,423.96,423.6,423.6,1048
2026-05-26 19:44:00,424.0,424.0,424.0,424.0,100
2026-05-26 19:45:00,423.9417,423.9417,423.7,423.7,125
2026-05-26 19:46:00,423.9999,423.9999,423.9999,423.9999,50
2026-05-26 19:47:00,424.0,424.0,423.99,424.0,617
2026-05-26 19:48:00,424.32,424.32,424.3,424.3,245
2026-05-26 19:49:00,424.054,424.054,424.054,424.054,50
2026-05-26 19:50:00,424.3124,424.3124,424.11,424.2,320
2026-05-26 19:52:00,424.32,424.32,424.126,424.126,600
2026-05-26 19:53:00,424.2,424.2804,424.0,424.0,2001
2026-05-26 19:54:00,423.85,423.85,423.85,423.85,119
2026-05-26 19:55:00,424.0,424.0,424.0,424.0,121
2026-05-26 19:56:00,424.0523,424.09,424.0523,424.09,439
2026-05-26 19:57:00,424.0,424.32,424.0,424.15,730
2026-05-26 19:58:00,424.15,424.15,424.0,424.0,588
2026-05-26 19:59:00,424.0104,424.0104,423.99,423.99,261
2026-05-27 04:00:00,423.29,424.0,421.0375,423.59,6228
2026-05-27 04:01:00,423.77,423.77,421.0,421.99,10437
2026-05-27 04:02:00,422.8,422.8,422.8,422.8,100
2026-05-27 04:03:00,422.7,422.7,422.7,422.7,100
2026-05-27 04:04:00,422.16,422.58,422.1,422.24,315
2026-05-27 04:05:00,422.22,422.22,422.22,422.22,50
2026-05-27 04:07:00,422.41,422.41,422.41,422.41,94
2026-05-27 04:08:00,422.01,422.07,422.0,422.02,499
2026-05-27 04:09:00,422.2,422.8,422.06,422.06,455
2026-05-27 04:10:00,422.21,422.42,422.2,422.42,172
2026-05-27 04:11:00,422.31,422.31,422.06,422.06,154
2026-05-27 04:12:00,422.01,422.05,422.0,422.0,252
2026-05-27 04:13:00,422.0,422.03,422.0,422.03,186
2026-05-27 04:14:00,421.98,421.98,421.98,421.98,46
2026-05-27 04:15:00,422.18,422.5,422.18,422.3,1441
2026-05-27 04:18:00,422.29,422.36,422.06,422.32,390
2026-05-27 04:19:00,422.29,422.35,422.19,422.35,139
2026-05-27 04:20:00,422.37,422.49,422.37,422.47,345
2026-05-27 04:21:00,422.47,422.5,422.47,422.5,411
2026-05-27 04:22:00,422.5,422.5,422.4848,422.4848,395
2026-05-27 04:23:00,422.5,422.5,422.31,422.31,1681
2026-05-27 04:25:00,422.5,422.5,422.3,422.3,1043
2026-05-27 04:26:00,422.43,422.45,422.43,422.45,233
2026-05-27 04:27:00,422.5,422.5,422.41,422.48,517
2026-05-27 04:29:00,422.48,422.5,422.48,422.5,370
2026-05-27 04:30:00,422.5,422.5,422.5,422.5,297
2026-05-27 04:31:00,422.46,422.46,422.45,422.45,160
2026-05-27 04:32:00,422.3,422.3,422.3,422.3,164
2026-05-27 04:34:00,422.39,422.5,422.39,422.5,92
2026-05-27 04:36:00,422.5,422.92,422.5,422.92,519
2026-05-27 04:37:00,423.26,423.26,423.26,423.26,155
2026-05-27 04:38:00,423.13,423.13,423.13,423.13,40
2026-05-27 04:41:00,423.018,423.018,423.018,423.018,50
2026-05-27 04:42:00,423.04,423.04,423.04,423.04,45
2026-05-27 04:44:00,423.22,423.22,423.22,423.22,47
2026-05-27 04:45:00,423.38,423.38,423.38,423.38,97
2026-05-27 04:46:00,423.59,423.6292,423.59,423.6292,547
2026-05-27 04:50:00,423.65,423.65,423.49,423.52,194
2026-05-27 04:51:00,423.54,423.54,423.54,423.54,100
2026-05-27 04:54:00,423.54,423.54,423.54,423.54,178
2026-05-27 04:56:00,423.3,423.3,423.3,423.3,40
2026-05-27 04:57:00,423.2,423.3,423.14,423.14,250
2026-05-27 04:59:00,423.03,423.15,423.01,423.07,311
2026-05-27 05:01:00,423.02,423.02,423.0,423.0,95
2026-05-27 05:02:00,423.02,423.02,423.02,423.02,46
2026-05-27 05:06:00,423.0,423.0,423.0,423.0,47
2026-05-27 05:08:00,423.22,423.22,423.22,423.22,46
2026-05-27 05:09:00,423.0,423.0,423.0,423.0,46
2026-05-27 05:11:00,423.01,423.01,423.0,423.0,139
2026-05-27 05:18:00,423.3,423.32,423.3,423.32,236
2026-05-27 05:21:00,423.35,423.4,423.0,423.4,353
2026-05-27 05:22:00,423.31,423.31,423.31,423.31,40
2026-05-27 05:23:00,423.4,423.49,423.4,423.49,198
2026-05-27 05:24:00,423.37,423.37,423.37,423.37,43
2026-05-27 05:26:00,423.32,423.53,423.32,423.53,86
2026-05-27 05:27:00,423.53,423.53,423.53,423.53,40
2026-05-27 05:30:00,423.32,423.59,422.99,423.0,2724
2026-05-27 05:33:00,423.05,423.05,422.88,422.88,349
2026-05-27 05:34:00,423.0,423.33,422.97,423.33,854
2026-05-27 05:35:00,422.81,422.81,422.65,422.65,266
2026-05-27 05:36:00,423.11,423.15,422.8,423.1262,619
2026-05-27 05:38:00,423.13,423.13,423.13,423.13,99
2026-05-27 05:40:00,423.59,423.59,423.34,423.34,597
2026-05-27 05:41:00,423.51,423.88,423.34,423.88,461
2026-05-27 05:43:00,423.59,423.59,423.59,423.59,121
2026-05-27 05:45:00,423.3,423.64,423.3,423.64,119
2026-05-27 05:46:00,423.34,423.34,423.34,423.34,68
2026-05-27 05:53:00,423.41,423.88,423.41,423.88,187
2026-05-27 05:54:00,423.64,423.64,423.64,423.64,70
2026-05-27 05:55:00,423.25,423.25,423.25,423.25,100
2026-05-27 05:56:00,423.52,423.54,423.52,423.52,241
2026-05-27 05:57:00,423.52,423.64,423.52,423.64,81
2026-05-27 06:01:00,423.7,423.9,423.7,423.9,232
2026-05-27 06:02:00,424.2302,424.2302,424.2302,424.2302,50
2026-05-27 06:03:00,424.0,424.0,424.0,424.0,98
2026-05-27 06:04:00,423.7,424.04,423.67,424.04,2223
2026-05-27 06:05:00,424.03,424.22,424.03,424.22,134
2026-05-27 06:06:00,424.33,424.33,424.09,424.1,137
2026-05-27 06:07:00,424.25,424.49,424.06,424.49,596
2026-05-27 06:09:00,424.46,424.65,424.46,424.65,150
2026-05-27 06:10:00,424.6,424.6,424.6,424.6,101
2026-05-27 06:11:00,424.6844,424.6844,424.41,424.41,194
2026-05-27 06:12:00,424.41,424.5,424.41,424.5,191
2026-05-27 06:15:00,424.5,424.5,424.0,424.0,303
2026-05-27 06:19:00,424.0365,424.7,424.0365,424.7,169
2026-05-27 06:20:00,424.0,424.0,424.0,424.0,97
2026-05-27 06:23:00,424.7,424.7,424.7,424.7,100
2026-05-27 06:25:00,424.7,424.7,424.45,424.7,287
2026-05-27 06:26:00,424.6958,424.6958,424.485,424.6958,982
2026-05-27 06:28:00,424.37,424.37,424.37,424.37,97
2026-05-27 06:29:00,424.18,424.18,424.18,424.18,227
2026-05-27 06:30:00,424.1,424.1,424.1,424.1,48
2026-05-27 06:31:00,424.16,424.22,424.1571,424.22,263
2026-05-27 06:32:00,424.33,424.65,424.33,424.44,1060
2026-05-27 06:35:00,424.43,424.43,424.43,424.43,50
2026-05-27 06:36:00,424.29,424.42,424.29,424.42,130
2026-05-27 06:37:00,424.69,424.92,424.67,424.73,231
2026-05-27 06:38:00,425.0,425.0,425.0,425.0,40
2026-05-27 06:41:00,424.58,424.87,423.5,423.5,5627
2026-05-27 06:42:00,424.0,424.0,423.4268,423.4268,240
2026-05-27 06:45:00,423.8641,424.0,423.8641,424.0,170
2026-05-27 06:46:00,423.9,423.9,423.9,423.9,50
2026-05-27 06:49:00,423.82,423.82,423.82,423.82,88
2026-05-27 06:50:00,423.99,423.99,423.99,423.99,50
2026-05-27 06:52:00,423.91,424.0,423.91,424.0,1876
2026-05-27 06:53:00,424.22,424.5,424.21,424.21,195
2026-05-27 06:55:00,424.112,424.112,424.112,424.112,100
2026-05-27 06:56:00,424.24,424.24,424.03,424.03,125
2026-05-27 06:58:00,424.49,424.49,424.49,424.49,55
2026-05-27 06:59:00,425.11,425.11,425.08,425.08,150
2026-05-27 07:00:00,424.34,425.0179,424.34,424.8,1750
2026-05-27 07:01:00,424.8,424.8,424.5,424.5,146
2026-05-27 07:02:00,424.45,424.7473,424.33,424.7473,1322
2026-05-27 07:03:00,424.04,424.6,424.04,424.6,320
2026-05-27 07:04:00,424.6,424.65,424.5,424.539,772
2026-05-27 07:05:00,424.66,424.9789,424.5114,424.9789,1192
2026-05-27 07:06:00,424.76,425.22,424.5,425.1981,1927
2026-05-27 07:07:00,425.0,425.3,424.85,425.08,2866
2026-05-27 07:08:00,425.22,425.3,425.0,425.01,1658
2026-05-27 07:09:00,425.21,425.21,424.9984,425.0,1932
2026-05-27 07:10:00,424.85,425.0,424.81,424.9675,2218
2026-05-27 07:11:00,424.98,425.3,424.98,425.03,1309
2026-05-27 07:12:00,425.29,425.3,425.0429,425.135,1338
2026-05-27 07:13:00,425.135,425.44,425.131,425.14,212
2026-05-27 07:14:00,425.13,425.1594,425.13,425.1594,149
2026-05-27 07:15:00,425.16,425.16,425.15,425.15,711
2026-05-27 07:16:00,425.39,425.39,425.01,425.24,689
2026-05-27 07:17:00,425.3905,425.6,425.31,425.6,1611
2026-05-27 07:18:00,425.5814,425.5814,425.5,425.52,1699
2026-05-27 07:19:00,425.57,425.6,425.57,425.6,1526
2026-05-27 07:20:00,425.7611,425.9,425.73,425.7757,1417
2026-05-27 07:21:00,425.9496,426.5,425.9496,426.5,2057
2026-05-27 07:22:00,426.33,426.75,426.13,426.7499,618
2026-05-27 07:23:00,426.4,427.0,426.4,427.0,4648
2026-05-27 07:24:00,426.99,427.25,426.53,427.2,687
2026-05-27 07:25:00,427.0535,427.39,426.8,427.0,3381
2026-05-27 07:26:00,427.42,427.5,426.8,427.07,2107
2026-05-27 07:27:00,426.66,427.5,426.66,427.48,1756
2026-05-27 07:28:00,427.46,427.49,427.0,427.0548,1412
2026-05-27 07:29:00,427.28,427.3,426.97,427.19,2103
2026-05-27 07:30:00,427.2,427.77,427.2,427.7,1391
2026-05-27 07:31:00,427.37,427.7,427.0,427.25,1711
2026-05-27 07:32:00,427.42,428.0,427.2525,428.0,1538
2026-05-27 07:33:00,428.0,428.0938,427.8403,427.8403,1233
2026-05-27 07:34:00,427.8,427.96,427.8,427.96,477
2026-05-27 07:35:00,428.0299,428.0299,427.7,428.0,2198
2026-05-27 07:36:00,428.0,428.0,427.9727,428.0,820
2026-05-27 07:37:00,428.0,428.1,427.8372,428.02,1138
2026-05-27 07:38:00,428.11,428.2088,428.1,428.2088,1404
2026-05-27 07:39:00,428.24,428.5,428.21,428.5,439
2026-05-27 07:40:00,428.48,428.55,427.59,427.59,2064
2026-05-27 07:41:00,427.5,428.55,427.5,428.49,399
2026-05-27 07:42:00,427.7931,428.0,427.7931,428.0,200
2026-05-27 07:43:00,427.93,427.93,427.58,427.8,630
2026-05-27 07:44:00,427.55,427.6,427.5,427.6,454
2026-05-27 07:45:00,427.98,427.98,427.2792,427.2792,888
2026-05-27 07:46:00,427.252,427.252,427.252,427.252,100
2026-05-27 07:47:00,427.57,427.6,427.3215,427.3215,894
2026-05-27 07:48:00,427.36,427.36,427.36,427.36,41
2026-05-27 07:49:00,427.3,427.48,427.3,427.48,380
2026-05-27 07:50:00,427.5,427.85,427.5,427.85,200
2026-05-27 07:51:00,427.48,427.48,427.48,427.48,119
2026-05-27 07:52:00,427.4,427.4,427.4,427.4,68
2026-05-27 07:53:00,427.21,427.52,427.2,427.2,1452
2026-05-27 07:54:00,427.52,427.52,427.06,427.06,1390
2026-05-27 07:55:00,427.1008,427.1008,427.1008,427.1008,62
2026-05-27 07:56:00,427.235,427.45,427.235,427.44,1105
2026-05-27 07:57:00,427.26,427.52,427.25,427.52,683
2026-05-27 07:58:00,427.52,427.52,426.51,426.53,3965
2026-05-27 07:59:00,426.66,426.96,426.5598,426.959,1111
2026-05-27 08:00:00,426.5451,426.96,426.54,426.96,1164
2026-05-27 08:01:00,426.61,426.96,420.955,426.96,1485
2026-05-27 08:02:00,426.94,427.5195,426.5,426.5,628
2026-05-27 08:03:00,427.5195,427.5197,427.44,427.44,1396
2026-05-27 08:04:00,427.42,427.9,427.42,427.51,1697
2026-05-27 08:05:00,427.48,427.5,427.0,427.2,910
2026-05-27 08:06:00,427.44,427.45,427.44,427.45,257
2026-05-27 08:07:00,427.25,427.6,427.25,427.6,2372
2026-05-27 08:08:00,427.8,427.8,427.8,427.8,367
2026-05-27 08:09:00,427.89,427.9,427.8,427.8525,1976
2026-05-27 08:10:00,427.86,427.86,427.61,427.626,919
2026-05-27 08:11:00,427.8,428.0,427.8,428.0,3603
2026-05-27 08:12:00,428.47,428.51,428.0,428.34,1825
2026-05-27 08:13:00,428.4801,428.5,428.0,428.42,971
2026-05-27 08:14:00,428.5,428.59,428.41,428.59,2737
2026-05-27 08:15:00,428.59,428.68,428.5,428.5,2349
2026-05-27 08:16:00,428.5,429.39,428.5,429.39,3333
2026-05-27 08:17:00,429.15,429.459,428.84,429.2,1776
2026-05-27 08:18:00,428.82,429.63,428.7,429.63,6278
2026-05-27 08:19:00,429.88,430.5,429.7,430.5,6666
2026-05-27 08:20:00,430.5,430.865,430.28,430.5138,1740
2026-05-27 08:21:00,430.713,431.5,430.713,431.5,4462
2026-05-27 08:22:00,431.46,433.0,431.46,432.56,4380
2026-05-27 08:23:00,432.51,432.85,432.0,432.5,2086
2026-05-27 08:24:00,432.3,432.5,431.6147,432.0349,2785
2026-05-27 08:25:00,432.29,432.44,432.0,432.0,1353
2026-05-27 08:26:00,432.0,432.2387,431.21,431.26,11323
2026-05-27 08:27:00,431.25,431.3,430.76,430.76,7494
2026-05-27 08:28:00,431.42,431.83,431.23,431.82,4024
2026-05-27 08:29:00,431.7881,431.86,431.7881,431.8595,3269
2026-05-27 08:30:00,431.79,432.88,431.58,432.74,6772
2026-05-27 08:31:00,432.18,433.0,432.02,433.0,2948
2026-05-27 08:32:00,433.0,433.0,432.7,432.9,1858
2026-05-27 08:33:00,432.776,433.15,432.7,433.15,5188
2026-05-27 08:34:00,433.15,433.9,433.0627,433.8,1681
2026-05-27 08:35:00,433.01,433.6,433.01,433.11,3138
2026-05-27 08:36:00,433.39,434.49,433.39,434.4506,5016
2026-05-27 08:37:00,434.35,434.65,434.0,434.58,5607
2026-05-27 08:38:00,434.5,434.5,434.01,434.01,5163
2026-05-27 08:39:00,434.2,434.38,434.0,434.0,2664
2026-05-27 08:40:00,433.97,434.83,433.97,434.83,10965
2026-05-27 08:41:00,434.43,434.8,434.04,434.6343,2311
2026-05-27 08:42:00,433.96,433.96,433.67,433.8886,566
2026-05-27 08:43:00,433.5,433.5,433.21,433.21,940
2026-05-27 08:44:00,433.2695,433.3,433.12,433.12,390
2026-05-27 08:45:00,433.2107,434.0,433.11,434.0,2780
2026-05-27 08:46:00,433.71,434.6,433.6,433.98,2707
2026-05-27 08:47:00,434.0,434.79,434.0,434.31,442
2026-05-27 08:48:00,434.11,434.13,433.4086,433.4086,884
2026-05-27 08:49:00,433.5,433.93,433.11,433.6,1929
2026-05-27 08:50:00,433.21,433.21,432.6,432.6,3140
2026-05-27 08:51:00,432.75,433.0,432.0223,432.66,1172
2026-05-27 08:52:00,432.3,432.67,431.75,431.75,2404
2026-05-27 08:53:00,431.52,432.0,431.51,431.5103,1655
2026-05-27 08:54:00,431.6,432.0,431.5783,432.0,405
2026-05-27 08:55:00,432.2,432.5,432.0,432.0,1332
2026-05-27 08:56:00,432.033,432.033,431.79,431.97,1420
2026-05-27 08:57:00,431.8,431.8004,430.82,431.09,1452
2026-05-27 08:58:00,431.0,431.3,430.7976,431.14,1696
2026-05-27 08:59:00,431.3,431.33,431.2105,431.3299,540
2026-05-27 09:00:00,431.5,431.95,431.5,431.95,311
2026-05-27 09:01:00,431.36,431.85,431.36,431.7,1541
2026-05-27 09:02:00,431.82,432.95,431.8,432.95,7302
2026-05-27 09:03:00,432.88,432.99,432.5,432.69,734
2026-05-27 09:04:00,432.66,432.95,432.0,432.0,1783
2026-05-27 09:05:00,432.41,432.8,431.85,431.89,4687
2026-05-27 09:06:00,431.8613,432.0,431.8613,432.0,418
2026-05-27 09:07:00,431.85,432.79,431.85,432.18,9295
2026-05-27 09:08:00,432.0,432.1896,432.0,432.16,508
2026-05-27 09:09:00,432.17,432.2,431.212,431.212,1530
2026-05-27 09:10:00,431.4,431.4,431.149,431.149,947
2026-05-27 09:11:00,431.38,431.61,431.3,431.3,3367
2026-05-27 09:12:00,431.38,431.43,430.5224,431.43,1976
2026-05-27 09:13:00,430.79,430.79,430.3,430.3372,1890
2026-05-27 09:14:00,430.59,430.66,430.3859,430.6,443
2026-05-27 09:15:00,430.9,431.0,430.9,431.0,390
2026-05-27 09:16:00,431.0,431.25,431.0,431.23,524
2026-05-27 09:17:00,430.8,430.97,430.7,430.7,474
2026-05-27 09:18:00,430.94,430.98,430.7087,430.7087,472
2026-05-27 09:19:00,430.97,431.0219,430.8,430.8,990
2026-05-27 09:20:00,430.8,430.8,430.48,430.7,1123
2026-05-27 09:21:00,430.36,430.6,430.36,430.5,1213
2026-05-27 09:22:00,430.474,430.64,430.4,430.64,934
2026-05-27 09:23:00,430.61,430.61,430.0,430.29,3657
2026-05-27 09:24:00,430.35,430.36,430.0,430.23,668
2026-05-27 09:25:00,431.0,431.3844,430.36,430.6,9004
2026-05-27 09:26:00,431.1817,431.1817,429.36,429.36,2685
2026-05-27 09:27:00,429.51,429.53,425.77,425.84,9645
2026-05-27 09:28:00,426.01,426.01,424.37,425.62,9900
2026-05-27 09:29:00,425.44,425.97,424.95,425.05,8932
2026-05-27 09:30:00,425.1,428.505,425.0,426.795,515980
2026-05-27 09:31:00,426.59,432.1,426.59,431.98,108023
2026-05-27 09:32:00,432.1,432.8,428.01,429.7938,83435
2026-05-27 09:33:00,429.955,430.2699,428.0,429.47,46375
2026-05-27 09:34:00,429.54,430.71,428.87,430.57,84828
2026-05-27 09:35:00,430.575,431.93,430.09,430.55,66767
2026-05-27 09:36:00,430.55,430.55,428.9299,428.9299,58362
2026-05-27 09:37:00,428.92,429.06,426.02,426.4375,64792
2026-05-27 09:38:00,426.425,426.887,425.15,426.69,68142
2026-05-27 09:39:00,426.765,429.8,426.51,428.995,55454
2026-05-27 09:40:00,428.99,429.14,427.54,429.01,33870
2026-05-27 09:41:00,429.01,429.34,426.62,426.86,36826
2026-05-27 09:42:00,426.8,427.455,426.37,427.095,40020
2026-05-27 09:43:00,427.1,427.86,426.0,426.13,40277
2026-05-27 09:44:00,426.04,426.3252,424.65,425.09,66403
2026-05-27 09:45:00,425.17,427.31,424.925,427.15,44144
2026-05-27 09:46:00,427.1775,427.31,424.3,424.83,52274
2026-05-27 09:47:00,424.84,425.11,422.9774,423.13,57563
2026-05-27 09:48:00,423.06,424.5,423.06,424.49,49322
2026-05-27 09:49:00,424.3,425.0,424.16,424.8168,30982
2026-05-27 09:50:00,424.685,426.9899,424.67,426.88,46753
2026-05-27 09:51:00,426.885,427.45,426.3,427.385,41848
2026-05-27 09:52:00,427.44,428.22,426.81,428.22,33823
2026-05-27 09:53:00,428.125,429.23,428.02,428.9007,35781
2026-05-27 09:54:00,429.02,429.16,427.18,427.19,43568
2026-05-27 09:55:00,427.02,427.41,425.76,426.045,32995
2026-05-27 09:56:00,425.78,427.385,425.6,427.385,25239
2026-05-27 09:57:00,427.38,428.01,427.19,427.55,22161
2026-05-27 09:58:00,427.585,427.71,425.96,426.5,28334
2026-05-27 09:59:00,426.65,428.71,426.45,428.06,32561
2026-05-27 10:00:00,428.275,428.69,426.0,426.5099,60584
2026-05-27 10:01:00,426.355,427.56,426.2,427.245,21731
2026-05-27 10:02:00,427.07,427.105,425.5861,426.5,36907
2026-05-27 10:03:00,426.28,426.77,426.06,426.25,25365
2026-05-27 10:04:00,426.25,426.4,425.67,426.115,25517
2026-05-27 10:05:00,426.125,426.5699,425.91,425.94,18626
2026-05-27 10:06:00,425.975,426.7,425.975,426.01,20920
2026-05-27 10:07:00,425.995,426.19,423.72,424.23,48373
2026-05-27 10:08:00,424.13,424.3599,422.76,423.07,67985
2026-05-27 10:09:00,423.07,423.6,422.79,423.44,30120
2026-05-27 10:10:00,423.465,423.69,422.2469,422.396,35567
2026-05-27 10:11:00,422.32,422.69,421.8,421.95,45243
2026-05-27 10:12:00,421.955,422.75,421.8,422.67,24993
2026-05-27 10:13:00,422.74,423.23,422.38,422.68,26759
2026-05-27 10:14:00,422.77,423.0,422.2201,422.34,35628
2026-05-27 10:15:00,422.4,422.64,422.25,422.385,18879
2026-05-27 10:16:00,422.2943,423.0,422.19,422.78,25772
2026-05-27 10:17:00,422.86,423.039,421.66,421.83,35118
2026-05-27 10:18:00,421.96,422.1399,421.51,422.1,20908
2026-05-27 10:19:00,422.12,422.65,421.8,422.2135,38602
2026-05-27 10:20:00,422.1,422.6299,420.5,420.7,66026
2026-05-27 10:21:00,420.7168,420.91,419.66,420.235,69190
2026-05-27 10:22:00,420.2,420.77,419.92,420.085,26518
2026-05-27 10:23:00,420.04,421.32,420.015,421.17,28990
2026-05-27 10:24:00,421.175,421.1919,420.02,420.02,23719
2026-05-27 10:25:00,420.01,420.15,418.88,419.0,33570
2026-05-27 10:26:00,419.02,419.2745,418.24,418.32,64356
2026-05-27 10:27:00,418.39,418.5,416.73,416.73,70075
2026-05-27 10:28:00,416.77,417.32,416.49,416.7105,99152
2026-05-27 10:29:00,416.9695,417.55,416.6701,416.83,32554
2026-05-27 10:30:00,416.83,417.8699,416.69,417.275,35326
2026-05-27 10:31:00,417.145,417.88,417.06,417.78,27410
2026-05-27 10:32:00,417.78,418.2,417.205,417.27,56508
2026-05-27 10:33:00,417.27,417.82,416.8025,417.355,35975
2026-05-27 10:34:00,417.37,418.6,417.29,418.465,33489
2026-05-27 10:35:00,418.4825,419.231,418.1501,418.895,28824
2026-05-27 10:36:00,418.895,419.39,418.77,419.2,25507
2026-05-27 10:37:00,419.135,419.16,418.53,418.7801,24249
2026-05-27 10:38:00,419.08,420.19,418.94,419.78,32306
2026-05-27 10:39:00,419.715,420.02,419.595,419.85,16618
2026-05-27 10:40:00,419.745,420.39,419.735,420.345,10855
2026-05-27 10:41:00,420.49,420.68,420.2701,420.55,15700
2026-05-27 10:42:00,420.63,420.75,419.47,419.615,19984
2026-05-27 10:43:00,419.83,420.0,419.43,419.7,26390
2026-05-27 10:44:00,419.74,420.09,419.42,420.0,14636
2026-05-27 10:45:00,420.08,420.08,419.5001,419.99,9835
2026-05-27 10:46:00,420.0,420.52,420.0,420.11,18355
2026-05-27 10:47:00,420.165,420.26,419.615,419.745,30274
2026-05-27 10:48:00,419.745,420.155,419.58,419.645,20767
2026-05-27 10:49:00,419.68,419.74,419.0,419.04,23764
2026-05-27 10:50:00,419.085,420.27,419.085,420.27,16938
2026-05-27 10:51:00,420.36,420.5901,419.85,419.85,22480
2026-05-27 10:52:00,419.89,420.1999,419.3101,419.435,8636
2026-05-27 10:53:00,419.55,419.9516,419.435,419.9516,9176
2026-05-27 10:54:00,419.945,420.3194,419.84,419.9001,8221
2026-05-27 10:55:00,420.21,420.269,419.1325,419.16,21858
2026-05-27 10:56:00,419.16,419.215,417.88,417.88,35791
2026-05-27 10:57:00,417.87,418.42,417.87,418.085,22305
2026-05-27 10:58:00,418.085,418.43,417.91,418.36,9939
2026-05-27 10:59:00,418.36,418.54,418.14,418.34,14995
2026-05-27 11:00:00,418.47,418.47,417.68,417.85,19696
2026-05-27 11:01:00,417.905,418.62,417.9,418.465,8173
2026-05-27 11:02:00,418.4989,418.66,418.155,418.24,10783
2026-05-27 11:03:00,418.32,418.75,418.15,418.6318,11604
2026-05-27 11:04:00,418.59,418.77,418.26,418.51,12789
2026-05-27 11:05:00,418.515,418.87,418.4,418.685,14061
2026-05-27 11:06:00,418.71,419.01,418.41,418.73,7885
2026-05-27 11:07:00,418.615,418.9,418.37,418.89,11211
2026-05-27 11:08:00,418.83,419.6599,418.73,419.54,16821
2026-05-27 11:09:00,419.54,419.77,419.43,419.77,10005
2026-05-27 11:10:00,419.77,420.7999,419.71,420.735,21354
2026-05-27 11:11:00,420.8,420.92,420.5,420.8,13718
2026-05-27 11:12:00,420.7,420.775,419.92,419.93,28192
2026-05-27 11:13:00,419.93,420.6499,419.75,420.45,18440
2026-05-27 11:14:00,420.47,420.49,419.93,419.93,14503
2026-05-27 11:15:00,419.82,420.01,418.56,419.45,23039
2026-05-27 11:16:00,419.53,420.09,419.42,419.82,11704
2026-05-27 11:17:00,419.955,420.3,419.81,419.91,6430
2026-05-27 11:18:00,419.8944,420.3,419.82,420.24,7109
2026-05-27 11:19:00,420.1801,420.2,419.6,419.835,6822
2026-05-27 11:20:00,419.85,420.0699,419.6,419.6922,12488
2026-05-27 11:21:00,419.71,419.71,418.64,418.7,10408
2026-05-27 11:22:00,418.65,419.005,418.53,418.77,10978
2026-05-27 11:23:00,418.775,419.46,418.72,419.21,15997
2026-05-27 11:24:00,419.105,419.48,418.65,419.295,15048
2026-05-27 11:25:00,419.31,419.79,419.295,419.68,9081
2026-05-27 11:26:00,419.55,420.07,419.4,420.05,11861
2026-05-27 11:27:00,420.05,420.27,419.88,420.16,9700
2026-05-27 11:28:00,420.09,420.4,420.07,420.38,11660
2026-05-27 11:29:00,420.365,420.46,420.11,420.34,10659
2026-05-27 11:30:00,420.48,421.16,420.43,421.03,13368
2026-05-27 11:31:00,421.03,421.17,420.82,420.87,13749
2026-05-27 11:32:00,420.875,420.98,420.62,420.9,19475
2026-05-27 11:33:00,420.9,421.38,420.84,420.97,26073
2026-05-27 11:34:00,420.97,421.06,420.41,420.41,22101
2026-05-27 11:35:00,420.445,420.48,419.27,419.42,19143
2026-05-27 11:36:00,419.2325,419.47,419.05,419.42,22706
2026-05-27 11:37:00,419.36,419.37,418.7,418.875,19708
2026-05-27 11:38:00,418.875,419.15,418.48,418.5,15130
2026-05-27 11:39:00,418.5,418.6579,418.06,418.13,18881
2026-05-27 11:40:00,418.14,418.58,418.05,418.56,39256
2026-05-27 11:41:00,418.6,418.7599,418.324,418.63,7395
2026-05-27 11:42:00,418.67,418.67,417.93,418.03,16190
2026-05-27 11:43:00,418.03,418.21,417.76,417.78,55983
2026-05-27 11:44:00,417.82,418.07,417.31,417.49,21569
2026-05-27 11:45:00,417.46,417.905,417.39,417.65,12714
2026-05-27 11:46:00,417.65,417.65,417.195,417.38,20497
2026-05-27 11:47:00,417.36,417.63,417.19,417.31,18894
2026-05-27 11:48:00,417.33,417.4199,416.9201,416.98,24951
2026-05-27 11:49:00,416.92,417.16,416.8,416.84,25215
2026-05-27 11:50:00,416.81,417.305,416.79,417.26,45184
2026-05-27 11:51:00,417.02,417.17,416.72,416.955,12814
2026-05-27 11:52:00,416.95,417.4799,416.8,417.4,12640
2026-05-27 11:53:00,417.44,417.81,417.4,417.42,10450
2026-05-27 11:54:00,417.39,417.39,416.85,417.3,15031
2026-05-27 11:55:00,417.265,417.53,417.0,417.53,6422
2026-05-27 11:56:00,417.555,417.74,417.37,417.63,9922
2026-05-27 11:57:00,417.7,418.0,417.63,417.83,13410
2026-05-27 11:58:00,417.76,418.09,417.56,417.9101,8035
2026-05-27 11:59:00,418.02,418.17,417.61,417.61,13610
2026-05-27 12:00:00,417.73,417.76,417.19,417.435,12295
2026-05-27 12:01:00,417.52,418.195,417.52,417.85,8976
2026-05-27 12:02:00,418.0,418.0,417.66,417.855,5827
2026-05-27 12:03:00,417.855,418.24,417.575,417.675,15738
2026-05-27 12:04:00,417.82,417.89,417.43,417.694,10257
2026-05-27 12:05:00,417.69,417.82,417.4,417.505,14624
2026-05-27 12:06:00,417.53,417.53,417.1801,417.3,6208
2026-05-27 12:07:00,417.33,417.84,417.33,417.84,15110
2026-05-27 12:08:00,417.84,418.5,417.73,418.5,22428
2026-05-27 12:09:00,418.3975,418.9,418.29,418.88,17600
2026-05-27 12:10:00,418.79,418.95,418.61,418.77,9223
2026-05-27 12:11:00,418.735,419.1525,418.6,419.07,19288
2026-05-27 12:12:00,419.07,419.26,418.83,419.26,14219
2026-05-27 12:13:00,419.2,419.27,419.0,419.06,11073
2026-05-27 12:14:00,419.11,419.26,419.02,419.08,8120
2026-05-27 12:15:00,419.08,419.505,419.05,419.43,12347
2026-05-27 12:16:00,419.5,419.54,419.25,419.37,10991
2026-05-27 12:17:00,419.26,419.59,419.17,419.377,10310
2026-05-27 12:18:00,419.37,419.65,419.25,419.65,6334
2026-05-27 12:19:00,419.5313,419.71,419.46,419.655,4359
2026-05-27 12:20:00,419.655,419.9016,419.28,419.59,22318
2026-05-27 12:21:00,419.545,419.85,419.5025,419.83,8175
2026-05-27 12:22:00,419.82,419.83,419.495,419.645,5898
2026-05-27 12:23:00,419.65,419.73,419.41,419.49,7157
2026-05-27 12:24:00,419.49,419.49,419.19,419.26,8654
2026-05-27 12:25:00,419.26,419.37,418.888,419.0,9826
2026-05-27 12:26:00,419.025,419.21,418.9,419.15,8672
2026-05-27 12:27:00,419.14,419.15,418.99,419.12,3895
2026-05-27 12:28:00,419.03,419.12,418.77,418.85,6590
2026-05-27 12:29:00,418.82,419.32,418.82,419.18,7032
2026-05-27 12:30:00,419.18,419.24,418.9456,418.9456,6344
2026-05-27 12:31:00,419.06,419.26,418.8601,419.01,76972
2026-05-27 12:32:00,419.122,419.38,418.95,419.305,4055
2026-05-27 12:33:00,419.39,419.47,419.06,419.22,4333
2026-05-27 12:34:00,419.22,419.445,419.0725,419.32,7111
2026-05-27 12:35:00,419.21,419.4,419.09,419.365,3693
2026-05-27 12:36:00,419.4,419.56,419.15,419.18,9023
2026-05-27 12:37:00,419.25,419.4599,419.225,419.4,6674
2026-05-27 12:38:00,419.35,419.39,419.165,419.165,8958
2026-05-27 12:39:00,419.165,419.6,419.13,419.474,9199
2026-05-27 12:40:00,419.53,420.0,419.48,419.92,8889
2026-05-27 12:41:00,419.92,420.3,419.92,420.125,15288
2026-05-27 12:42:00,420.1335,420.35,420.125,420.31,5706
2026-05-27 12:43:00,420.295,420.81,420.26,420.6,16667
2026-05-27 12:44:00,420.54,420.74,420.41,420.57,8153
2026-05-27 12:45:00,420.645,421.0,420.6165,421.0,9179
2026-05-27 12:46:00,421.0,421.39,420.71,421.31,24829
2026-05-27 12:47:00,421.35,421.79,421.35,421.71,13182
2026-05-27 12:48:00,421.78,421.905,421.375,421.43,12962
2026-05-27 12:49:00,421.435,422.18,421.37,422.18,14050
2026-05-27 12:50:00,422.07,422.21,421.89,422.13,13649
2026-05-27 12:51:00,422.145,422.28,421.9,421.99,9828
2026-05-27 12:52:00,422.08,422.13,421.21,421.24,24202
2026-05-27 12:53:00,421.24,421.325,420.75,421.02,27531
2026-05-27 12:54:00,421.06,421.43,420.97,421.37,3567
2026-05-27 12:55:00,421.375,421.38,420.8,420.89,26274
2026-05-27 12:56:00,420.885,420.885,420.18,420.21,8841
2026-05-27 12:57:00,420.3299,420.43,420.07,420.1,7298
2026-05-27 12:58:00,420.118,420.26,419.98,420.125,14960
2026-05-27 12:59:00,420.14,420.1899,419.935,420.04,5350
2026-05-27 13:00:00,420.04,420.1985,419.98,420.04,6793
2026-05-27 13:01:00,420.0,420.18,419.73,419.75,9110
2026-05-27 13:02:00,419.745,419.915,419.72,419.895,3505
2026-05-27 13:03:00,419.89,420.26,419.89,420.15,8742
2026-05-27 13:04:00,420.16,420.23,419.7,420.0899,9092
2026-05-27 13:05:00,420.08,420.25,419.915,420.0,6083
2026-05-27 13:06:00,420.045,420.045,419.13,419.265,8263
2026-05-27 13:07:00,419.25,419.25,418.88,419.065,8438
2026-05-27 13:08:00,419.065,419.29,418.83,419.01,2690
2026-05-27 13:09:00,419.035,419.0351,418.46,418.66,13090
2026-05-27 13:10:00,418.71,419.4599,418.71,419.39,15753
2026-05-27 13:11:00,419.305,419.34,418.77,418.84,9252
2026-05-27 13:12:00,418.845,419.2,418.71,419.19,9319
2026-05-27 13:13:00,418.9,419.45,418.9,419.345,8529
2026-05-27 13:14:00,419.345,419.69,419.345,419.57,10383
2026-05-27 13:15:00,419.69,419.93,419.48,419.895,7669
2026-05-27 13:16:00,419.925,420.38,419.82,420.045,13240
2026-05-27 13:17:00,420.0,420.425,420.0,420.18,11631
2026-05-27 13:18:00,420.305,420.6,420.1801,420.48,6523
2026-05-27 13:19:00,420.6,420.69,420.42,420.4204,10968
2026-05-27 13:20:00,420.51,420.88,420.505,420.78,9362
2026-05-27 13:21:00,420.715,421.0,420.715,420.78,6842
2026-05-27 13:22:00,420.815,420.85,420.32,420.32,10709
2026-05-27 13:23:00,420.2501,420.83,420.2501,420.71,9903
2026-05-27 13:24:00,420.71,421.02,420.5801,420.95,23199
2026-05-27 13:25:00,420.87,421.28,420.82,421.28,13271
2026-05-27 13:26:00,421.3499,421.3499,421.16,421.21,6959
2026-05-27 13:27:00,421.3,421.57,421.25,421.325,20133
2026-05-27 13:28:00,421.28,421.62,421.22,421.42,14383
2026-05-27 13:29:00,421.42,421.65,421.28,421.61,19816
2026-05-27 13:30:00,421.62,422.0,421.61,421.83,10581
2026-05-27 13:31:00,421.83,422.42,421.75,422.1,18900
2026-05-27 13:32:00,422.14,422.205,421.9,422.195,14877
2026-05-27 13:33:00,422.195,422.28,421.76,422.01,23064
2026-05-27 13:34:00,422.01,422.02,421.75,421.76,7716
2026-05-27 13:35:00,421.795,421.8,421.425,421.57,8620
2026-05-27 13:36:00,421.5733,421.905,421.545,421.63,13253
2026-05-27 13:37:00,421.63,421.72,421.4401,421.57,6626
2026-05-27 13:38:00,421.49,422.0,421.45,421.853,12006
2026-05-27 13:39:00,421.9225,422.1,421.43,421.505,18725
2026-05-27 13:40:00,421.6,421.62,420.85,420.925,15347
2026-05-27 13:41:00,420.925,421.02,420.6,420.8801,6316
2026-05-27 13:42:00,420.88,421.07,420.67,420.935,10614
2026-05-27 13:43:00,421.01,421.15,420.7901,421.0609,6108
2026-05-27 13:44:00,421.115,421.4,420.94,421.15,6911
2026-05-27 13:45:00,421.12,421.29,421.02,421.185,6922
2026-05-27 13:46:00,421.3099,421.84,421.06,421.82,15012
2026-05-27 13:47:00,421.82,421.91,421.55,421.6,17060
2026-05-27 13:48:00,421.6,421.69,421.31,421.5395,62888
2026-05-27 13:49:00,421.53,421.74,421.48,421.565,11991
2026-05-27 13:50:00,421.585,421.6984,421.34,421.61,13676
2026-05-27 13:51:00,421.51,421.73,421.42,421.655,6776
2026-05-27 13:52:00,421.655,421.8,421.64,421.665,15295
2026-05-27 13:53:00,421.715,421.74,421.56,421.71,10192
2026-05-27 13:54:00,421.63,421.69,421.46,421.505,10518
2026-05-27 13:55:00,421.505,421.68,421.46,421.46,8621
2026-05-27 13:56:00,421.5,421.54,421.2585,421.43,7955
2026-05-27 13:57:00,421.4499,421.48,421.11,421.19,6850
2026-05-27 13:58:00,421.11,421.3199,421.11,421.24,6092
2026-05-27 13:59:00,421.29,421.29,420.93,420.9408,2972
2026-05-27 14:00:00,420.98,421.11,420.83,420.96,9328
2026-05-27 14:01:00,420.84,421.02,420.74,420.995,8728
2026-05-27 14:02:00,420.95,421.02,420.8,420.97,8270
2026-05-27 14:03:00,420.97,421.16,420.885,421.02,9164
2026-05-27 14:04:00,421.02,421.07,420.85,420.87,7530
2026-05-27 14:05:00,420.87,420.88,420.55,420.7,10446
2026-05-27 14:06:00,420.6901,420.725,420.44,420.5699,12746
2026-05-27 14:07:00,420.535,421.06,420.535,421.06,31660
2026-05-27 14:08:00,421.053,421.35,421.0001,421.02,10016
2026-05-27 14:09:00,421.13,421.185,420.97,421.02,7475
2026-05-27 14:10:00,421.06,421.5,421.015,421.5,14381
2026-05-27 14:11:00,421.435,421.54,421.23,421.365,14011
2026-05-27 14:12:00,421.39,421.48,421.0,421.144,20382
2026-05-27 14:13:00,421.0,421.095,420.715,420.74,7111
2026-05-27 14:14:00,420.715,421.1,420.58,421.035,7233
2026-05-27 14:15:00,421.035,421.215,420.965,421.215,5289
2026-05-27 14:16:00,421.19,421.4,421.06,421.15,16226
2026-05-27 14:17:00,421.107,421.29,421.107,421.23,6683
2026-05-27 14:18:00,421.215,421.445,421.14,421.34,9997
2026-05-27 14:19:00,421.37,421.45,421.26,421.26,13357
2026-05-27 14:20:00,421.26,421.39,420.91,420.91,8875
2026-05-27 14:21:00,420.82,421.13,420.8085,421.1107,9755
2026-05-27 14:22:00,421.0718,421.36,421.0701,421.32,7664
2026-05-27 14:23:00,421.295,421.355,420.865,420.87,15589
2026-05-27 14:24:00,420.92,421.02,420.73,420.889,8178
2026-05-27 14:25:00,420.915,421.06,420.85,420.93,5048
2026-05-27 14:26:00,420.97,421.28,420.93,421.225,10042
2026-05-27 14:27:00,421.225,421.52,421.2085,421.52,22124
2026-05-27 14:28:00,421.52,421.59,421.33,421.41,13648
2026-05-27 14:29:00,421.375,421.6,421.37,421.53,15497
2026-05-27 14:30:00,421.53,421.62,421.265,421.36,7996
2026-05-27 14:31:00,421.4,421.435,421.1334,421.335,6909
2026-05-27 14:32:00,421.34,421.4,421.14,421.155,10156
2026-05-27 14:33:00,421.155,421.23,421.0,421.0,7092
2026-05-27 14:34:00,420.99,421.105,420.92,420.99,7757
2026-05-27 14:35:00,421.0,421.0999,420.47,420.48,14150
2026-05-27 14:36:00,420.53,420.8,420.47,420.65,19233
2026-05-27 14:37:00,420.65,420.655,420.14,420.155,9386
2026-05-27 14:38:00,420.155,420.34,420.09,420.18,14014
2026-05-27 14:39:00,420.185,420.33,419.9,420.065,17223
2026-05-27 14:40:00,420.07,420.3399,420.065,420.105,9435
2026-05-27 14:41:00,420.105,420.39,420.07,420.35,24351
2026-05-27 14:42:00,420.37,420.76,420.27,420.74,11375
2026-05-27 14:43:00,420.76,420.93,420.62,420.845,11456
2026-05-27 14:44:00,420.92,421.05,420.59,420.685,9673
2026-05-27 14:45:00,420.61,420.69,420.5,420.65,8035
2026-05-27 14:46:00,420.65,420.83,420.61,420.64,10907
2026-05-27 14:47:00,420.61,420.93,420.56,420.92,9769
2026-05-27 14:48:00,420.93,420.935,420.74,420.74,4793
2026-05-27 14:49:00,420.77,420.8699,420.595,420.595,5300
2026-05-27 14:50:00,420.63,420.81,420.595,420.63,7451
2026-05-27 14:51:00,420.62,420.75,420.455,420.685,7549
2026-05-27 14:52:00,420.69,420.97,420.63,420.88,21887
2026-05-27 14:53:00,420.89,420.903,420.43,420.53,11113
2026-05-27 14:54:00,420.545,421.2399,420.4501,420.81,16817
2026-05-27 14:55:00,420.87,420.94,420.5901,420.93,5746
2026-05-27 14:56:00,420.8676,420.93,420.65,420.79,8701
2026-05-27 14:57:00,420.79,420.824,420.38,420.38,12235
2026-05-27 14:58:00,420.41,420.6999,420.33,420.395,17445
2026-05-27 14:59:00,420.43,420.54,420.33,420.42,9207
2026-05-27 15:00:00,420.42,420.5999,420.19,420.32,7125
2026-05-27 15:01:00,420.46,420.7,420.325,420.62,13357
2026-05-27 15:02:00,420.64,420.94,420.59,420.85,11145
2026-05-27 15:03:00,420.9,421.005,420.83,420.93,14524
2026-05-27 15:04:00,420.94,421.02,420.87,420.93,9637
2026-05-27 15:05:00,420.935,421.005,420.65,420.785,12935
2026-05-27 15:06:00,420.785,420.91,420.62,420.745,17823
2026-05-27 15:07:00,420.745,420.745,420.3618,420.375,10639
2026-05-27 15:08:00,420.45,420.56,420.41,420.54,11677
2026-05-27 15:09:00,420.5,420.5,420.22,420.47,12531
2026-05-27 15:10:00,420.4717,420.83,420.4,420.83,19306
2026-05-27 15:11:00,420.83,420.93,420.6101,420.885,25012
2026-05-27 15:12:00,420.885,421.33,420.69,421.32,36222
2026-05-27 15:13:00,421.24,421.4299,420.98,421.155,24948
2026-05-27 15:14:00,421.2299,421.4299,421.0,421.0,20255
2026-05-27 15:15:00,420.96,421.4,420.94,421.31,17061
2026-05-27 15:16:00,421.28,421.7799,421.1604,421.7799,64452
2026-05-27 15:17:00,421.7,422.98,421.52,422.87,64816
2026-05-27 15:18:00,422.98,423.55,422.87,423.235,41306
2026-05-27 15:19:00,423.235,423.235,423.0,423.1,26421
2026-05-27 15:20:00,423.14,423.61,423.06,423.33,22971
2026-05-27 15:21:00,423.345,423.68,423.27,423.4,16952
2026-05-27 15:22:00,423.4509,423.51,423.05,423.24,21848
2026-05-27 15:23:00,423.205,423.3,423.1,423.19,11085
2026-05-27 15:24:00,423.1396,423.3298,423.05,423.275,21882
2026-05-27 15:25:00,423.275,423.5,423.275,423.41,17380
2026-05-27 15:26:00,423.37,423.48,423.22,423.455,14149
2026-05-27 15:27:00,423.4525,423.46,423.06,423.225,15404
2026-05-27 15:28:00,423.23,423.66,423.216,423.615,13133
2026-05-27 15:29:00,423.5202,423.71,423.37,423.47,20463
2026-05-27 15:30:00,423.47,424.06,423.41,424.04,23522
2026-05-27 15:31:00,423.975,424.26,423.57,423.61,31214
2026-05-27 15:32:00,423.595,423.715,423.4,423.635,11810
2026-05-27 15:33:00,423.69,424.28,423.635,424.125,15626
2026-05-27 15:34:00,424.125,424.2,423.955,423.955,13072
2026-05-27 15:35:00,423.955,424.0799,423.7401,423.785,15655
2026-05-27 15:36:00,423.785,423.9499,423.6167,423.62,18442
2026-05-27 15:37:00,423.64,423.72,423.41,423.64,15783
2026-05-27 15:38:00,423.6,423.99,423.35,423.74,41162
2026-05-27 15:39:00,423.7825,424.07,423.65,423.75,14946
2026-05-27 15:40:00,423.79,423.9799,423.64,423.66,29250
2026-05-27 15:41:00,423.675,423.93,423.62,423.785,18570
2026-05-27 15:42:00,423.785,423.88,423.68,423.77,12865
2026-05-27 15:43:00,423.77,424.01,423.65,424.005,22131
2026-05-27 15:44:00,424.0,424.23,423.855,424.055,17430
2026-05-27 15:45:00,424.055,424.25,423.93,424.06,18643
2026-05-27 15:46:00,424.0,424.29,423.96,424.13,15428
2026-05-27 15:47:00,424.15,424.26,424.05,424.14,12542
2026-05-27 15:48:00,424.135,424.4299,424.06,424.34,17509
2026-05-27 15:49:00,424.39,424.77,424.1501,424.155,44379
2026-05-27 15:50:00,424.1,424.2899,423.41,424.21,46198
2026-05-27 15:51:00,424.1477,424.48,424.05,424.19,32897
2026-05-27 15:52:00,424.195,424.435,423.84,424.055,60278
2026-05-27 15:53:00,424.1,424.42,423.33,423.425,45082
2026-05-27 15:54:00,423.34,423.54,421.12,421.79,67872
2026-05-27 15:55:00,421.71,422.145,421.32,421.995,94110
2026-05-27 15:56:00,421.9712,422.31,421.925,422.06,67043
2026-05-27 15:57:00,422.06,422.12,420.89,421.215,130537
2026-05-27 15:58:00,421.27,421.415,420.97,421.29,116644
2026-05-27 15:59:00,421.29,422.02,421.11,421.94,268373
2026-05-27 16:00:00,421.97,422.0,421.86,421.86,3327100
2026-05-27 16:01:00,421.86,422.12,421.68,422.02,410
2026-05-27 16:02:00,423.38,423.38,422.5,422.5,734
2026-05-27 16:03:00,422.19,422.2,421.45,421.87,4155
2026-05-27 16:04:00,422.1687,422.2,421.86,422.2,1769
2026-05-27 16:05:00,422.21,422.21,421.86,421.86,610
2026-05-27 16:06:00,423.0,423.51,422.69,423.51,535
2026-05-27 16:07:00,423.52,423.58,422.69,422.69,1052
2026-05-27 16:08:00,423.69,423.72,422.1653,423.72,208
2026-05-27 16:09:00,422.857,422.8613,422.62,422.8613,197
2026-05-27 16:10:00,422.8,423.51,422.79,423.51,1051
2026-05-27 16:12:00,421.911,421.911,421.86,421.86,3505
2026-05-27 16:13:00,422.6,423.1993,421.97,422.2732,692
2026-05-27 16:14:00,422.97,422.97,422.97,422.97,59
2026-05-27 16:15:00,423.12,423.12,423.0,423.0,368
2026-05-27 16:16:00,423.19,423.2,423.03,423.2,1871
2026-05-27 16:17:00,423.2,424.2,423.15,424.2,12603
2026-05-27 16:18:00,424.24,424.45,424.048,424.45,874
2026-05-27 16:19:00,424.25,424.25,423.72,423.72,545
2026-05-27 16:20:00,423.72,424.174,423.71,424.0,1469
2026-05-27 16:21:00,423.69,424.109,423.69,424.05,450
2026-05-27 16:23:00,423.91,424.0,423.0258,424.0,1345
2026-05-27 16:24:00,424.0,424.0,423.0155,423.95,191
2026-05-27 16:25:00,423.11,423.11,423.11,423.11,100
2026-05-27 16:26:00,423.51,423.52,423.51,423.52,203
2026-05-27 16:27:00,423.08,423.49,423.08,423.08,2160
2026-05-27 16:28:00,423.52,423.52,423.52,423.52,150
2026-05-27 16:29:00,423.76,423.81,423.74,423.81,531
2026-05-27 16:30:00,423.5,423.74,423.5,423.74,178
2026-05-27 16:31:00,423.535,423.63,423.1155,423.1155,592
2026-05-27 16:32:00,423.73,423.73,423.5,423.5,107
2026-05-27 16:33:00,423.42,423.87,423.42,423.87,1508
2026-05-27 16:35:00,423.51,423.51,423.51,423.51,49
2026-05-27 16:38:00,423.5,423.5,423.5,423.5,189
2026-05-27 16:41:00,423.51,423.51,423.49,423.49,540
2026-05-27 16:42:00,423.46,423.46,423.46,423.46,40
2026-05-27 16:43:00,423.49,423.59,423.25,423.25,434
2026-05-27 16:44:00,423.6,423.6,423.48,423.5,879
2026-05-27 16:45:00,423.4978,423.5,423.48,423.5,1141
2026-05-27 16:46:00,423.5,423.5,423.5,423.5,300
2026-05-27 16:48:00,423.52,423.52,423.5,423.5,961
2026-05-27 16:49:00,423.5,423.5,423.2856,423.2856,240
2026-05-27 16:50:00,423.3073,423.3073,423.3073,423.3073,50
2026-05-27 16:52:00,423.36,423.3886,423.36,423.3886,150
2026-05-27 16:53:00,423.35,423.35,423.21,423.21,1435
2026-05-27 16:54:00,423.21,423.49,423.21,423.49,1275
2026-05-27 16:56:00,423.6158,423.6158,423.6158,423.6158,91
2026-05-27 16:57:00,423.43,423.43,423.21,423.25,2254
2026-05-27 16:58:00,423.25,423.25,423.21,423.25,8765
2026-05-27 16:59:00,423.48,423.59,423.48,423.59,109
2026-05-27 17:01:00,423.59,423.63,423.59,423.63,242
2026-05-27 17:02:00,423.63,423.63,423.21,423.22,1130
2026-05-27 17:03:00,423.22,423.22,423.1824,423.1824,243
2026-05-27 17:05:00,423.13,423.15,422.88,423.0,1666
2026-05-27 17:06:00,422.72,422.73,422.5,422.5,1867
2026-05-27 17:07:00,422.51,422.69,422.32,422.41,866
2026-05-27 17:08:00,422.41,422.52,422.1666,422.52,913
2026-05-27 17:09:00,422.52,422.52,422.1501,422.1501,439
2026-05-27 17:10:00,422.33,422.33,422.2,422.2,1385
2026-05-27 17:11:00,422.4,422.97,422.4,422.97,144
2026-05-27 17:12:00,422.5,422.5,422.5,422.5,42
2026-05-27 17:13:00,422.85,422.85,422.51,422.52,734
2026-05-27 17:14:00,422.25,422.52,422.25,422.3,697
2026-05-27 17:15:00,422.52,422.52,422.52,422.52,40
2026-05-27 17:16:00,422.52,422.52,422.25,422.25,390
2026-05-27 17:24:00,422.67,422.67,422.67,422.67,240
2026-05-27 17:25:00,422.5,422.54,422.41,422.54,365
2026-05-27 17:26:00,422.64,422.66,422.64,422.66,168
2026-05-27 17:27:00,422.51,422.51,422.5,422.5,92
2026-05-27 17:29:00,422.64,422.64,422.64,422.64,90
2026-05-27 17:30:00,422.7952,422.7952,422.67,422.67,160
2026-05-27 17:31:00,422.7709,422.7709,422.7709,422.7709,60
2026-05-27 17:32:00,422.73,422.73,422.73,422.73,100
2026-05-27 17:33:00,422.51,422.51,422.51,422.51,40
2026-05-27 17:34:00,423.0,423.0,423.0,423.0,40
2026-05-27 17:35:00,422.48,422.69,422.41,422.41,833
2026-05-27 17:41:00,422.41,422.41,422.41,422.41,1060
2026-05-27 17:42:00,422.4987,422.4987,422.4987,422.4987,100
2026-05-27 17:43:00,422.47,422.4705,422.47,422.4705,100
2026-05-27 17:44:00,422.4799,422.4799,422.47,422.47,189
2026-05-27 17:46:00,422.41,422.41,422.25,422.25,937
2026-05-27 17:48:00,422.42,422.42,422.42,422.42,400
2026-05-27 17:49:00,422.5,422.5,422.5,422.5,100
2026-05-27 17:51:00,422.5,422.5,422.5,422.5,149
2026-05-27 17:52:00,422.5923,422.7,422.5923,422.7,350
2026-05-27 17:53:00,422.6507,422.6507,422.6507,422.6507,48
2026-05-27 17:54:00,422.45,422.45,422.45,422.45,158
2026-05-27 17:56:00,422.54,422.56,422.54,422.56,418
2026-05-27 17:57:00,422.35,422.35,422.35,422.35,50
2026-05-27 17:58:00,423.0,423.0,423.0,423.0,50
2026-05-27 17:59:00,422.89,422.89,422.8,422.8,149
2026-05-27 18:00:00,422.8,423.09,422.8,423.08,853
2026-05-27 18:02:00,423.0,423.0,423.0,423.0,220
2026-05-27 18:05:00,423.32,423.32,423.32,423.32,54
2026-05-27 18:07:00,423.77,423.77,423.77,423.77,100
2026-05-27 18:08:00,423.48,423.48,423.13,423.13,179
2026-05-27 18:09:00,423.48,423.48,423.48,423.48,60
2026-05-27 18:10:00,423.0,423.0,423.0,423.0,100
2026-05-27 18:12:00,423.24,423.24,423.2,423.2,90
2026-05-27 18:14:00,423.07,423.2,423.07,423.07,293
2026-05-27 18:15:00,422.75,422.75,422.75,422.75,46
2026-05-27 18:16:00,423.48,423.48,422.6,422.6,341
2026-05-27 18:18:00,423.383,423.383,423.383,423.383,100
2026-05-27 18:19:00,423.29,423.66,423.28,423.66,648
2026-05-27 18:22:00,423.06,423.06,423.06,423.06,43
2026-05-27 18:25:00,422.6,422.6,422.6,422.6,128
2026-05-27 18:26:00,422.6,422.6,422.6,422.6,80
2026-05-27 18:27:00,422.51,422.51,422.5,422.5,99
2026-05-27 18:28:00,422.34,422.34,422.34,422.34,50
2026-05-27 18:30:00,422.04,422.04,421.67,421.67,844
2026-05-27 18:32:00,421.86,421.86,421.86,421.86,185
2026-05-27 18:35:00,421.99,421.99,421.79,421.79,100
2026-05-27 18:36:00,422.0715,422.0715,422.0715,422.0715,100
2026-05-27 18:38:00,422.14,422.14,422.14,422.14,70
2026-05-27 18:39:00,421.9,421.9,421.9,421.9,51
2026-05-27 18:41:00,422.0,423.2,422.0,423.2,1397
2026-05-27 18:43:00,423.01,423.01,422.73,422.73,148
2026-05-27 18:45:00,422.21,422.21,422.21,422.21,40
2026-05-27 18:49:00,422.0988,422.0988,422.0988,422.0988,40
2026-05-27 18:50:00,422.5,422.5,422.5,422.5,50
2026-05-27 18:57:00,422.75,422.75,422.75,422.75,100
2026-05-27 18:58:00,422.56,422.9444,422.56,422.9444,98
2026-05-27 19:00:00,422.591,422.591,422.591,422.591,100
2026-05-27 19:01:00,423.19,423.19,423.19,423.19,94
2026-05-27 19:02:00,423.19,423.19,423.19,423.19,50
2026-05-27 19:03:00,423.2,423.2,422.5,422.5,280
2026-05-27 19:04:00,423.22,423.22,422.66,422.66,129
2026-05-27 19:05:00,422.68,422.68,422.68,422.68,156
2026-05-27 19:08:00,422.9624,422.9624,422.35,422.36,1115
2026-05-27 19:09:00,422.35,422.3514,422.35,422.3514,589
2026-05-27 19:10:00,422.35,422.4,422.0001,422.4,1047
2026-05-27 19:13:00,422.25,422.25,422.25,422.25,300
2026-05-27 19:14:00,422.2,422.4,422.2,422.4,490
2026-05-27 19:15:00,422.4,422.4,422.4,422.4,231
2026-05-27 19:16:00,422.5,422.73,422.5,422.73,219
2026-05-27 19:17:00,422.96,422.9909,422.96,422.9909,128
2026-05-27 19:20:00,422.412,422.412,422.412,422.412,67
2026-05-27 19:21:00,422.27,422.27,421.88,421.88,964
2026-05-27 19:22:00,421.82,421.82,421.8,421.8,99
2026-05-27 19:23:00,421.6,421.6,421.6,421.6,70
2026-05-27 19:24:00,421.65,422.91,421.65,422.91,143
2026-05-27 19:26:00,422.1,422.1,422.0,422.0,152
2026-05-27 19:27:00,421.99,421.99,421.99,421.99,40
2026-05-27 19:29:00,422.0,422.0,422.0,422.0,89
2026-05-27 19:30:00,421.773,421.773,421.773,421.773,467
2026-05-27 19:31:00,422.0,422.0,422.0,422.0,45
2026-05-27 19:33:00,422.0,422.0,421.75,421.75,90
2026-05-27 19:34:00,421.76,421.76,421.6,421.6,454
2026-05-27 19:36:00,421.6,421.6,421.6,421.6,94
2026-05-27 19:38:00,421.65,421.65,421.65,421.65,500
2026-05-27 19:41:00,422.69,422.69,422.69,422.69,58
2026-05-27 19:42:00,421.81,422.0,421.71,422.0,202
2026-05-27 19:43:00,421.72,421.72,421.72,421.72,98
2026-05-27 19:44:00,422.43,422.87,421.71,422.87,204
2026-05-27 19:45:00,421.8,421.8,421.8,421.8,45
2026-05-27 19:46:00,421.8,422.26,421.8,421.8676,396
2026-05-27 19:47:00,421.9,421.9,421.9,421.9,91
2026-05-27 19:48:00,421.8,421.86,421.8,421.8,340
2026-05-27 19:49:00,421.8,421.8,421.7,421.7,446
2026-05-27 19:50:00,421.65,421.65,421.6,421.6,569
2026-05-27 19:51:00,421.6,421.6,421.03,421.03,15095
2026-05-27 19:52:00,421.6239,421.6239,421.04,421.34,614
2026-05-27 19:53:00,421.13,421.13,421.13,421.13,100
2026-05-27 19:54:00,421.0,421.5463,421.0,421.5463,192
2026-05-27 19:55:00,421.59,421.59,421.59,421.59,40
2026-05-27 19:56:00,421.57,421.66,421.3468,421.66,304
2026-05-27 19:58:00,421.05,421.05,421.05,421.05,50
2026-05-27 19:59:00,421.0,421.49,420.3,420.3,728
2026-05-28 04:00:00,417.31,420.68,416.6407,420.5,8822
2026-05-28 04:01:00,417.31,420.8,417.0,420.32,8313
2026-05-28 04:02:00,420.61,420.61,420.61,420.61,100
2026-05-28 04:03:00,420.5,420.5,420.5,420.5,233
2026-05-28 04:05:00,420.94,420.94,420.94,420.94,42
2026-05-28 04:06:00,420.85,420.85,420.85,420.85,47
2026-05-28 04:07:00,420.9,420.9,420.9,420.9,50
2026-05-28 04:10:00,420.33,420.33,418.46,418.46,308
2026-05-28 04:15:00,420.11,420.11,420.11,420.11,154
2026-05-28 04:16:00,420.1,420.1,420.0,420.0,233
2026-05-28 04:25:00,420.7,420.7,420.7,420.7,66
2026-05-28 04:32:00,419.53,419.78,419.5,419.5,853
2026-05-28 04:33:00,419.75,419.75,419.75,419.75,90
2026-05-28 04:34:00,419.2,419.2,419.2,419.2,50
2026-05-28 04:37:00,420.0,420.0,420.0,420.0,100
2026-05-28 04:43:00,420.2,420.2,420.2,420.2,90
2026-05-28 04:49:00,419.96,419.96,419.7,419.7,379
2026-05-28 04:50:00,419.79,419.79,419.79,419.79,40
2026-05-28 04:52:00,419.85,419.87,419.85,419.85,482
2026-05-28 04:53:00,419.98,419.98,419.98,419.98,40
2026-05-28 05:01:00,420.17,420.17,420.17,420.17,150
2026-05-28 05:06:00,420.27,420.27,420.2,420.2,130
2026-05-28 05:07:00,420.38,420.38,420.38,420.38,50
2026-05-28 05:08:00,420.02,420.02,419.75,419.75,572
2026-05-28 05:15:00,419.64,419.64,419.64,419.64,76
2026-05-28 05:20:00,419.84,419.84,419.84,419.84,50
2026-05-28 05:22:00,419.77,419.77,419.77,419.77,40
2026-05-28 05:23:00,419.9,419.9,419.9,419.9,50
2026-05-28 05:24:00,419.97,419.97,419.97,419.97,50
2026-05-28 05:25:00,420.0,420.0,420.0,420.0,50
2026-05-28 05:31:00,419.62,419.62,419.62,419.62,64
2026-05-28 05:32:00,419.2615,419.2615,419.2615,419.2615,40
2026-05-28 05:35:00,419.62,419.62,419.62,419.62,75
2026-05-28 05:38:00,419.6,419.6,419.51,419.51,225
2026-05-28 05:39:00,419.37,419.37,419.2,419.2,206
2026-05-28 05:42:00,419.5,419.5,419.5,419.5,100
2026-05-28 05:44:00,419.5,419.5,419.5,419.5,445
2026-05-28 05:46:00,419.0264,419.0264,419.0264,419.0264,500
2026-05-28 05:47:00,419.72,419.75,419.72,419.75,150
2026-05-28 05:48:00,420.0,420.37,420.0,420.37,462
2026-05-28 05:51:00,420.37,420.37,420.37,420.37,57
2026-05-28 05:54:00,420.37,420.5,420.37,420.5,555
2026-05-28 05:55:00,420.41,420.41,420.41,420.41,69
2026-05-28 05:56:00,420.49,420.49,420.49,420.49,80
2026-05-28 06:01:00,420.44,420.44,420.36,420.36,266
2026-05-28 06:07:00,420.37,420.37,420.11,420.11,434
2026-05-28 06:08:00,420.1,420.1,419.68,419.68,896
2026-05-28 06:12:00,419.6,419.6,419.6,419.6,70
2026-05-28 06:13:00,420.16,420.24,420.0,420.0,403
2026-05-28 06:14:00,419.8,419.8,419.8,419.8,85
2026-05-28 06:16:00,419.72,419.72,419.0,419.0,2022
2026-05-28 06:17:00,419.0,419.0,419.0,419.0,762
2026-05-28 06:18:00,418.77,418.77,418.06,418.06,1833
2026-05-28 06:19:00,418.06,418.06,418.05,418.06,1781
2026-05-28 06:20:00,418.05,418.05,418.05,418.05,150
2026-05-28 06:22:00,418.5,418.5,418.39,418.39,89
2026-05-28 06:23:00,418.4,418.4,417.69,417.69,1565
2026-05-28 06:26:00,417.9,417.9,417.8,417.8,332
2026-05-28 06:27:00,418.18,418.18,418.18,418.18,41
2026-05-28 06:29:00,417.27,417.98,417.0,417.98,3701
2026-05-28 06:30:00,417.57,417.67,417.04,417.56,754
2026-05-28 06:35:00,417.62,417.65,417.62,417.65,147
2026-05-28 06:37:00,417.77,417.77,417.77,417.77,47
2026-05-28 06:38:00,417.99,417.99,417.99,417.99,40
2026-05-28 06:42:00,418.13,418.13,418.0,418.0,191
2026-05-28 06:43:00,418.05,418.05,418.05,418.05,100
2026-05-28 06:45:00,418.0,418.0,418.0,418.0,41
2026-05-28 06:49:00,418.19,418.19,418.19,418.19,94
2026-05-28 06:50:00,418.16,418.16,417.62,417.62,349
2026-05-28 06:51:00,417.64,417.64,417.0,417.54,1132
2026-05-28 06:52:00,417.02,417.48,416.95,416.95,1695
2026-05-28 06:54:00,416.96,416.96,416.96,416.96,480
2026-05-28 06:57:00,417.0,417.0,417.0,417.0,50
2026-05-28 06:58:00,416.99,417.06,416.99,417.06,442
2026-05-28 06:59:00,417.2,417.2,417.03,417.03,197
2026-05-28 07:00:00,417.89,418.63,417.08,417.12,2872
2026-05-28 07:01:00,417.03,417.24,416.96,416.96,1705
2026-05-28 07:02:00,416.8668,417.59,416.8668,417.59,415
2026-05-28 07:03:00,417.5,417.5,417.0,417.47,410
2026-05-28 07:04:00,417.5,417.5,417.4181,417.4181,90
2026-05-28 07:05:00,417.01,417.01,417.01,417.01,976
2026-05-28 07:06:00,416.89,417.0591,416.8,416.9,2206
2026-05-28 07:07:00,416.8,417.0,416.8,417.0,199
2026-05-28 07:08:00,416.75,416.75,416.07,416.25,2279
2026-05-28 07:09:00,416.2181,416.62,416.2181,416.62,110
2026-05-28 07:10:00,416.89,416.89,416.2475,416.4,190
2026-05-28 07:11:00,416.33,416.4,416.31,416.4,320
2026-05-28 07:12:00,416.3,416.3,416.3,416.3,50
2026-05-28 07:13:00,416.7,416.7,416.28,416.28,207
2026-05-28 07:14:00,416.4912,416.5,416.3,416.32,420
2026-05-28 07:15:00,416.16,416.58,416.16,416.4662,1763
2026-05-28 07:16:00,416.5,416.8653,416.5,416.8653,178
2026-05-28 07:17:00,416.8,417.45,416.5001,417.45,3654
2026-05-28 07:18:00,417.3,417.3,417.3,417.3,2000
2026-05-28 07:19:00,417.39,417.56,417.05,417.45,2030
2026-05-28 07:20:00,417.0856,417.5605,417.0856,417.5605,280
2026-05-28 07:21:00,417.45,417.5785,417.45,417.5785,164
2026-05-28 07:22:00,417.59,417.8,417.59,417.8,926
2026-05-28 07:23:00,417.3389,417.3998,417.3389,417.3998,450
2026-05-28 07:24:00,417.55,417.7841,417.5,417.5,390
2026-05-28 07:25:00,417.55,417.55,417.55,417.55,500
2026-05-28 07:27:00,417.33,417.44,417.0,417.44,2754
2026-05-28 07:28:00,417.49,417.49,417.49,417.49,43
2026-05-28 07:30:00,416.81,416.81,416.81,416.81,50
2026-05-28 07:31:00,417.0,417.0,417.0,417.0,100
2026-05-28 07:32:00,416.9636,416.9856,416.72,416.9856,136
2026-05-28 07:33:00,417.0,417.0,417.0,417.0,65
2026-05-28 07:34:00,417.15,417.5,417.15,417.4784,407
2026-05-28 07:35:00,417.29,417.29,417.01,417.01,117
2026-05-28 07:36:00,417.4756,417.5,417.46,417.5,448
2026-05-28 07:37:00,417.63,417.97,417.0675,417.97,965
2026-05-28 07:39:00,418.08,418.3,418.08,418.3,346
2026-05-28 07:40:00,417.58,417.58,417.58,417.58,50
2026-05-28 07:41:00,417.724,418.25,417.724,418.25,270
2026-05-28 07:43:00,418.3,418.3,418.15,418.25,445
2026-05-28 07:44:00,418.08,418.5,418.08,418.5,634
2026-05-28 07:45:00,418.25,418.25,418.25,418.25,40
2026-05-28 07:47:00,418.25,418.25,418.25,418.25,100
2026-05-28 07:48:00,418.0,418.24,417.8493,418.24,290
2026-05-28 07:49:00,418.45,418.45,417.5,417.5,2653
2026-05-28 07:50:00,418.2376,418.2376,417.53,417.54,825
2026-05-28 07:52:00,417.8,417.8,417.8,417.8,51
2026-05-28 07:53:00,417.5,417.95,417.5,417.95,90
2026-05-28 07:54:00,417.95,417.95,417.95,417.95,46
2026-05-28 07:55:00,417.23,417.68,417.23,417.44,376
2026-05-28 07:57:00,417.7,417.7,417.5287,417.5287,519
2026-05-28 07:58:00,417.5467,417.55,417.0,417.0,2797
2026-05-28 07:59:00,417.19,417.5,415.81,415.81,10684
2026-05-28 08:00:00,415.79,416.53,415.0,416.0,4462
2026-05-28 08:01:00,415.53,416.34,415.53,415.8,1627
2026-05-28 08:02:00,415.85,416.39,415.85,416.39,156
2026-05-28 08:03:00,416.0,416.45,414.93,415.17,10011
2026-05-28 08:04:00,415.5,420.806,415.36,416.44,1638
2026-05-28 08:05:00,416.3882,417.0,416.01,416.45,1744
2026-05-28 08:06:00,417.0,417.0,416.68,416.68,325
2026-05-28 08:07:00,416.88,417.0997,415.55,415.69,5127
2026-05-28 08:08:00,415.79,416.0,415.5,415.5,1443
2026-05-28 08:09:00,415.4,415.4,414.8,415.4,5287
2026-05-28 08:10:00,415.82,415.99,415.5,415.6928,1625
2026-05-28 08:11:00,415.63,415.63,414.63,415.0,4944
2026-05-28 08:12:00,415.57,415.7,415.5,415.7,871
2026-05-28 08:13:00,415.69,415.95,415.5,415.6,2831
2026-05-28 08:14:00,415.92,416.8,415.85,416.8,2012
2026-05-28 08:15:00,416.8,416.9895,415.03,415.6,6691
2026-05-28 08:16:00,415.03,415.5,415.03,415.2,519
2026-05-28 08:17:00,415.35,415.35,414.95,414.97,3218
2026-05-28 08:18:00,415.0,415.0,415.0,415.0,4134
2026-05-28 08:19:00,415.01,415.09,414.82,414.82,2039
2026-05-28 08:20:00,414.9854,415.34,414.72,414.72,1065
2026-05-28 08:21:00,414.55,414.99,414.55,414.99,1791
2026-05-28 08:22:00,415.29,415.35,414.98,415.1,5085
2026-05-28 08:23:00,415.12,415.12,414.87,414.87,1250
2026-05-28 08:24:00,414.56,414.8,414.5,414.8,1130
2026-05-28 08:25:00,414.8,414.88,414.0,414.87,11188
2026-05-28 08:26:00,414.7,414.7,414.1,414.1,8041
2026-05-28 08:27:00,414.1,414.22,413.4,413.4,6443
2026-05-28 08:28:00,413.49,414.2,413.12,414.2,6274
2026-05-28 08:29:00,414.66,414.68,414.66,414.68,150
2026-05-28 08:30:00,414.8,415.9623,414.79,415.9623,7933
2026-05-28 08:31:00,415.02,415.65,414.6,414.6,2269
2026-05-28 08:32:00,415.4874,415.8,415.44,415.8,1437
2026-05-28 08:33:00,415.99,417.0,415.99,417.0,1439
2026-05-28 08:34:00,417.0,417.0,416.5,416.51,863
2026-05-28 08:35:00,416.4311,416.88,416.4278,416.88,1126
2026-05-28 08:36:00,416.9092,416.94,416.81,416.93,730
2026-05-28 08:37:00,416.8,417.2,416.73,417.0,849
2026-05-28 08:38:00,417.0,417.5,417.0,417.06,2690
2026-05-28 08:39:00,417.04,417.04,415.51,415.66,4335
2026-05-28 08:40:00,416.01,416.01,416.01,416.01,80
2026-05-28 08:41:00,416.2,416.7113,416.15,416.25,1351
2026-05-28 08:42:00,416.49,416.55,416.1,416.1,613
2026-05-28 08:43:00,416.12,417.2,416.1,417.2,1732
2026-05-28 08:44:00,417.42,417.5,417.42,417.5,702
2026-05-28 08:45:00,417.31,417.4997,417.01,417.01,1272
2026-05-28 08:46:00,417.0711,417.48,417.0711,417.2401,1372
2026-05-28 08:47:00,417.47,417.47,417.2,417.2,1132
2026-05-28 08:48:00,417.24,418.0,417.24,418.0,2915
2026-05-28 08:49:00,417.98,418.39,417.98,418.39,2629
2026-05-28 08:50:00,418.4,418.4,418.0,418.0,591
2026-05-28 08:51:00,417.99,418.0,417.5,417.5,3325
2026-05-28 08:52:00,417.5,418.0,417.5,418.0,243
2026-05-28 08:53:00,418.0,418.32,418.0,418.32,375
2026-05-28 08:54:00,418.49,418.49,417.93,417.93,1182
2026-05-28 08:55:00,417.9291,417.9291,417.01,417.37,4188
2026-05-28 08:56:00,417.5,417.7,417.0,417.6,1432
2026-05-28 08:57:00,417.5462,418.0,417.5462,417.8438,648
2026-05-28 08:58:00,418.0,418.24,418.0,418.14,941
2026-05-28 08:59:00,418.25,418.8,418.06,418.5,2212
2026-05-28 09:00:00,418.5,419.02,418.5,419.0,1681
2026-05-28 09:01:00,419.2,419.6,419.2,419.2,769
2026-05-28 09:02:00,419.0,419.0,418.75,418.75,220
2026-05-28 09:04:00,418.9558,419.02,418.9558,418.99,399
2026-05-28 09:05:00,419.0,419.0,418.5941,418.82,886
2026-05-28 09:06:00,418.76,418.76,417.56,417.56,1718
2026-05-28 09:07:00,417.6,417.65,417.33,417.33,522
2026-05-28 09:08:00,417.5,417.59,417.078,417.17,2952
2026-05-28 09:09:00,417.59,417.96,417.59,417.75,374
2026-05-28 09:10:00,417.6,417.9539,417.5,417.5,227
2026-05-28 09:11:00,417.33,417.7,417.33,417.33,1180
2026-05-28 09:12:00,417.41,417.7,417.3,417.7,501
2026-05-28 09:13:00,418.0,418.0,417.3,417.62,1238
2026-05-28 09:14:00,417.5871,417.66,417.3,417.63,1694
2026-05-28 09:15:00,417.81,418.0,417.81,418.0,248
2026-05-28 09:16:00,418.3603,418.3603,418.3603,418.3603,40
2026-05-28 09:17:00,418.05,418.34,418.0,418.34,218
2026-05-28 09:18:00,418.0572,418.57,418.0572,418.57,418
2026-05-28 09:19:00,418.69,419.51,418.69,419.138,1466
2026-05-28 09:20:00,419.0,419.55,419.0,419.0091,4058
2026-05-28 09:21:00,419.0,419.0,418.8,418.8,1873
2026-05-28 09:22:00,418.94,419.37,418.94,419.0,1769
2026-05-28 09:23:00,419.2,419.59,419.2,419.53,779
2026-05-28 09:24:00,419.5,419.55,419.01,419.01,3442
2026-05-28 09:25:00,419.59,420.56,419.58,420.4,5227
2026-05-28 09:26:00,420.5,421.6,420.5,421.5,3036
2026-05-28 09:27:00,421.01,421.38,419.06,419.06,3395
2026-05-28 09:28:00,419.51,420.5,418.81,420.45,7935
2026-05-28 09:29:00,419.13,421.6,419.13,421.6,1922
2026-05-28 09:30:00,421.6,421.68,415.35,420.495,590488
2026-05-28 09:31:00,420.23,424.4999,420.23,423.075,85659
2026-05-28 09:32:00,422.67,423.69,420.81,421.38,50357
2026-05-28 09:33:00,421.14,421.58,419.09,419.37,68318
2026-05-28 09:34:00,419.35,419.555,416.8,417.43,48464
2026-05-28 09:35:00,417.43,417.435,416.11,416.7787,68430
2026-05-28 09:36:00,416.47,417.43,415.95,416.0654,67841
2026-05-28 09:37:00,416.0,416.075,414.8,415.2099,82580
2026-05-28 09:38:00,414.93,416.0,414.42,415.57,73347
2026-05-28 09:39:00,415.57,415.87,414.38,414.49,48843
2026-05-28 09:40:00,414.33,414.98,414.01,414.885,62310
2026-05-28 09:41:00,414.885,415.5,414.55,414.975,107488
2026-05-28 09:42:00,414.975,415.73,414.55,415.73,84335
2026-05-28 09:43:00,415.73,416.31,415.18,415.56,35873
2026-05-28 09:44:00,415.5999,416.2465,415.46,416.085,48711
2026-05-28 09:45:00,416.13,418.2,416.12,417.62,63953
2026-05-28 09:46:00,417.62,418.04,417.06,417.62,60788
2026-05-28 09:47:00,417.64,418.26,417.28,418.045,51448
2026-05-28 09:48:00,418.045,418.045,417.34,417.63,60148
2026-05-28 09:49:00,417.63,417.82,417.21,417.62,49102
2026-05-28 09:50:00,417.78,418.4,417.28,418.02,53944
2026-05-28 09:51:00,418.001,418.46,417.635,418.0972,44843
2026-05-28 09:52:00,418.09,420.09,418.09,420.0,46908
2026-05-28 09:53:00,419.9963,420.27,419.68,420.17,40680
2026-05-28 09:54:00,420.233,420.64,419.54,419.83,44912
2026-05-28 09:55:00,419.87,420.75,419.33,420.5,39203
2026-05-28 09:56:00,420.52,421.498,420.36,421.48,30713
2026-05-28 09:57:00,421.5,422.0,421.39,421.84,42864
2026-05-28 09:58:00,421.785,421.835,421.2101,421.4,33733
2026-05-28 09:59:00,421.43,421.63,419.91,420.1544,43519
2026-05-28 10:00:00,420.155,421.22,420.01,420.81,41832
2026-05-28 10:01:00,420.81,420.9,419.13,419.22,34065
2026-05-28 10:02:00,419.22,420.0,419.19,419.755,49145
2026-05-28 10:03:00,419.765,420.07,419.295,419.42,98976
2026-05-28 10:04:00,419.42,420.19,419.17,419.594,71922
2026-05-28 10:05:00,419.58,419.75,418.75,418.9,52900
2026-05-28 10:06:00,418.9,418.9,418.16,418.71,40095
2026-05-28 10:07:00,418.7,419.69,418.7,419.6,31988
2026-05-28 10:08:00,419.69,420.0,419.18,419.335,21904
2026-05-28 10:09:00,419.19,420.29,419.19,420.175,39272
2026-05-28 10:10:00,420.27,420.385,419.31,419.455,50733
2026-05-28 10:11:00,419.46,419.755,419.17,419.755,29444
2026-05-28 10:12:00,419.77,421.61,419.3,421.395,44918
2026-05-28 10:13:00,421.395,421.785,420.18,421.66,81161
2026-05-28 10:14:00,421.59,422.1,421.26,422.0,47176
2026-05-28 10:15:00,422.02,422.42,421.37,421.49,33054
2026-05-28 10:16:00,421.555,422.06,420.7,421.86,58378
2026-05-28 10:17:00,421.86,421.94,421.105,421.22,28568
2026-05-28 10:18:00,421.21,422.2888,421.14,422.2792,22018
2026-05-28 10:19:00,422.19,422.29,421.1,421.19,38080
2026-05-28 10:20:00,421.2846,421.3299,420.1109,420.62,40798
2026-05-28 10:21:00,420.51,420.67,419.8,420.355,30653
2026-05-28 10:22:00,420.38,420.53,418.5,418.5133,40740
2026-05-28 10:23:00,418.48,419.66,417.1,417.1,43854
2026-05-28 10:24:00,417.16,417.63,416.88,417.255,37965
2026-05-28 10:25:00,417.42,417.8,417.09,417.595,20899
2026-05-28 10:26:00,417.595,417.94,417.14,417.5,37664
2026-05-28 10:27:00,417.6,417.95,417.45,417.84,24146
2026-05-28 10:28:00,417.84,418.44,417.65,417.88,57078
2026-05-28 10:29:00,417.815,418.37,417.72,418.17,12780
2026-05-28 10:30:00,418.15,418.99,418.145,418.675,25294
2026-05-28 10:31:00,418.69,418.99,418.42,418.75,19783
2026-05-28 10:32:00,418.9,419.33,418.77,419.2687,12227
2026-05-28 10:33:00,419.23,419.2948,418.38,418.65,20847
2026-05-28 10:34:00,418.585,418.73,418.11,418.34,72143
2026-05-28 10:35:00,418.235,419.0,418.1,418.54,24481
2026-05-28 10:36:00,418.665,418.79,418.4,418.775,8424
2026-05-28 10:37:00,418.775,419.5,418.69,419.425,18736
2026-05-28 10:38:00,419.43,419.43,418.5,418.77,22095
2026-05-28 10:39:00,418.79,418.81,418.56,418.65,9757
2026-05-28 10:40:00,418.57,419.88,418.38,419.795,39713
2026-05-28 10:41:00,419.89,420.01,419.57,419.675,26769
2026-05-28 10:42:00,419.73,419.97,419.52,419.84,24119
2026-05-28 10:43:00,419.9,420.29,419.7101,420.21,17681
2026-05-28 10:44:00,420.17,420.42,420.0,420.3,10532
2026-05-28 10:45:00,420.31,420.8799,420.195,420.8799,14067
2026-05-28 10:46:00,420.765,421.03,420.18,420.3701,36237
2026-05-28 10:47:00,420.56,420.56,420.26,420.37,8060
2026-05-28 10:48:00,420.3,420.93,420.29,420.93,21469
2026-05-28 10:49:00,420.81,420.94,420.6405,420.84,12684
2026-05-28 10:50:00,420.89,421.3246,420.82,421.125,22627
2026-05-28 10:51:00,421.125,421.32,420.97,421.03,20075
2026-05-28 10:52:00,421.035,421.5,420.88,421.29,28305
2026-05-28 10:53:00,421.38,422.0,421.3,421.92,34416
2026-05-28 10:54:00,421.93,422.05,421.82,422.05,17604
2026-05-28 10:55:00,422.02,422.59,421.925,422.495,35369
2026-05-28 10:56:00,422.495,422.61,422.36,422.58,9155
2026-05-28 10:57:00,422.58,422.62,422.17,422.17,13895
2026-05-28 10:58:00,422.18,422.74,421.7527,422.74,22915
2026-05-28 10:59:00,422.68,423.315,422.45,423.315,21204
2026-05-28 11:00:00,423.24,423.88,423.21,423.88,17555
2026-05-28 11:01:00,423.89,424.3,423.83,424.2599,39725
2026-05-28 11:02:00,424.2599,424.73,424.0201,424.57,34669
2026-05-28 11:03:00,424.475,424.86,424.2001,424.58,21418
2026-05-28 11:04:00,424.53,425.11,424.48,424.9599,52037
2026-05-28 11:05:00,424.895,425.34,424.785,424.95,26947
2026-05-28 11:06:00,424.92,425.5,424.83,425.1,40383
2026-05-28 11:07:00,425.05,425.19,424.7001,425.09,21588
2026-05-28 11:08:00,424.88,424.88,423.28,423.52,20666
2026-05-28 11:09:00,423.52,423.62,423.01,423.45,15741
2026-05-28 11:10:00,423.47,423.64,422.85,423.065,27347
2026-05-28 11:11:00,423.05,423.21,422.9,423.07,10702
2026-05-28 11:12:00,423.11,423.42,423.0801,423.275,10347
2026-05-28 11:13:00,423.2,423.3,422.92,423.2599,15526
2026-05-28 11:14:00,423.15,423.37,422.99,423.02,8249
2026-05-28 11:15:00,423.04,423.13,422.92,423.06,18260
2026-05-28 11:16:00,423.07,423.395,422.99,423.2465,8384
2026-05-28 11:17:00,423.215,423.215,423.0,423.02,7961
2026-05-28 11:18:00,423.05,423.38,422.94,423.19,11516
2026-05-28 11:19:00,423.28,423.35,422.82,422.83,14294
2026-05-28 11:20:00,422.9,423.09,422.78,423.005,13070
2026-05-28 11:21:00,422.98,423.12,422.96,423.055,10622
2026-05-28 11:22:00,423.12,423.4965,423.05,423.415,13044
2026-05-28 11:23:00,423.39,423.4099,423.05,423.15,6874
2026-05-28 11:24:00,423.05,423.2,423.02,423.2,14707
2026-05-28 11:25:00,423.205,423.24,423.02,423.0201,13215
2026-05-28 11:26:00,423.02,423.25,422.98,423.09,17278
2026-05-28 11:27:00,423.15,423.53,422.82,423.513,18489
2026-05-28 11:28:00,423.445,423.86,423.36,423.7,19685
2026-05-28 11:29:00,423.55,423.91,423.5,423.5,17074
2026-05-28 11:30:00,423.43,423.69,423.31,423.68,10318
2026-05-28 11:31:00,423.6088,423.85,423.6088,423.64,15441
2026-05-28 11:32:00,423.63,424.1,423.57,424.055,23231
2026-05-28 11:33:00,424.08,424.4855,423.99,424.43,25681
2026-05-28 11:34:00,424.43,424.67,424.3,424.42,28763
2026-05-28 11:35:00,424.37,424.6,424.19,424.485,13887
2026-05-28 11:36:00,424.5,424.87,424.485,424.6,26140
2026-05-28 11:37:00,424.6,424.88,424.56,424.81,18139
2026-05-28 11:38:00,424.805,424.88,424.5001,424.6,16354
2026-05-28 11:39:00,424.6,425.08,424.38,424.42,31970
2026-05-28 11:40:00,424.28,424.539,423.7,424.275,18828
2026-05-28 11:41:00,424.17,424.52,424.17,424.44,18129
2026-05-28 11:42:00,424.435,424.6,424.13,424.19,14843
2026-05-28 11:43:00,424.14,424.2499,423.73,423.91,15385
2026-05-28 11:44:00,423.82,423.99,423.4,423.72,11612
2026-05-28 11:45:00,423.72,423.9699,423.42,423.855,10313
2026-05-28 11:46:00,423.84,424.37,423.835,424.3,11041
2026-05-28 11:47:00,424.295,424.295,423.89,424.18,8193
2026-05-28 11:48:00,424.18,424.55,423.9101,424.41,12059
2026-05-28 11:49:00,424.36,424.665,424.26,424.665,8750
2026-05-28 11:50:00,424.6,425.16,424.59,425.02,30876
2026-05-28 11:51:00,424.94,425.396,424.94,425.31,19048
2026-05-28 11:52:00,425.325,425.55,425.3,425.485,18368
2026-05-28 11:53:00,425.49,425.56,425.05,425.05,10964
2026-05-28 11:54:00,425.09,425.29,425.05,425.08,13815
2026-05-28 11:55:00,425.04,425.35,425.03,425.31,7453
2026-05-28 11:56:00,425.3439,425.77,425.23,425.705,12860
2026-05-28 11:57:00,425.715,425.715,425.235,425.5534,10842
2026-05-28 11:58:00,425.515,425.77,425.39,425.6399,9186
2026-05-28 11:59:00,425.54,425.8,425.5,425.78,11711
2026-05-28 12:00:00,425.75,425.8183,425.63,425.675,8940
2026-05-28 12:01:00,425.65,425.65,425.43,425.62,12819
2026-05-28 12:02:00,425.53,425.54,425.05,425.05,7899
2026-05-28 12:03:00,425.05,425.1705,424.82,424.98,9496
2026-05-28 12:04:00,425.02,425.2,424.95,424.95,9864
2026-05-28 12:05:00,425.05,425.16,424.98,425.08,8754
2026-05-28 12:06:00,425.11,425.32,425.07,425.205,3159
2026-05-28 12:07:00,425.16,425.29,425.0,425.05,7470
2026-05-28 12:08:00,425.01,425.43,425.01,425.4,10903
2026-05-28 12:09:00,425.41,425.62,425.33,425.4289,10876
2026-05-28 12:10:00,425.375,425.49,425.29,425.475,5438
2026-05-28 12:11:00,425.465,425.465,425.14,425.24,11464
2026-05-28 12:12:00,425.1818,425.26,424.73,424.81,8807
2026-05-28 12:13:00,424.895,425.15,424.8,425.15,8929
2026-05-28 12:14:00,425.2,425.2587,425.0387,425.14,6446
2026-05-28 12:15:00,425.14,425.42,425.14,425.22,11197
2026-05-28 12:16:00,425.315,425.61,425.3,425.505,7877
2026-05-28 12:17:00,425.6138,425.68,425.27,425.395,13998
2026-05-28 12:18:00,425.42,425.99,425.42,425.88,22036
2026-05-28 12:19:00,425.89,426.6,425.83,426.56,43558
2026-05-28 12:20:00,426.56,427.08,426.46,426.965,18717
2026-05-28 12:21:00,426.965,427.04,426.63,426.895,25597
2026-05-28 12:22:00,426.93,427.03,426.783,426.82,16145
2026-05-28 12:23:00,426.93,427.25,426.93,427.085,19673
2026-05-28 12:24:00,427.07,427.44,426.83,427.3,29393
2026-05-28 12:25:00,427.255,427.31,427.04,427.06,18056
2026-05-28 12:26:00,427.06,427.31,427.02,427.07,14497
2026-05-28 12:27:00,427.07,427.31,427.05,427.195,11718
2026-05-28 12:28:00,427.215,427.28,426.69,426.7,13677
2026-05-28 12:29:00,426.68,426.76,426.28,426.32,6790
2026-05-28 12:30:00,426.36,426.38,426.01,426.125,13312
2026-05-28 12:31:00,426.095,426.1,425.8,425.83,7030
2026-05-28 12:32:00,425.76,425.91,425.4101,425.45,13939
2026-05-28 12:33:00,425.45,425.51,425.05,425.51,17601
2026-05-28 12:34:00,425.32,425.5699,425.0,425.0,9327
2026-05-28 12:35:00,425.13,425.3499,425.01,425.11,8176
2026-05-28 12:36:00,425.11,425.3164,425.0,425.3164,10221
2026-05-28 12:37:00,425.33,425.79,425.19,425.7,7604
2026-05-28 12:38:00,425.69,425.83,425.5501,425.6875,4196
2026-05-28 12:39:00,425.7374,426.0,425.47,425.795,13059
2026-05-28 12:40:00,425.85,426.7,425.82,426.63,27771
2026-05-28 12:41:00,426.6299,426.85,426.41,426.8458,40629
2026-05-28 12:42:00,426.73,426.82,426.56,426.605,32143
2026-05-28 12:43:00,426.6087,426.85,426.56,426.7498,9107
2026-05-28 12:44:00,426.65,427.3,426.6355,427.16,18007
2026-05-28 12:45:00,427.2195,427.38,427.07,427.275,51542
2026-05-28 12:46:00,427.23,427.73,427.01,427.16,45272
2026-05-28 12:47:00,427.14,427.6,427.075,427.52,10959
2026-05-28 12:48:00,427.52,427.855,427.51,427.81,21468
2026-05-28 12:49:00,427.79,428.0,427.75,427.835,16608
2026-05-28 12:50:00,427.8,427.85,427.64,427.68,18105
2026-05-28 12:51:00,427.68,427.8,427.04,427.04,45034
2026-05-28 12:52:00,427.08,427.47,426.75,426.75,14664
2026-05-28 12:53:00,426.76,426.84,426.42,426.5,14242
2026-05-28 12:54:00,426.42,426.515,426.13,426.205,30267
2026-05-28 12:55:00,426.2,426.38,426.07,426.19,16577
2026-05-28 12:56:00,426.27,426.46,426.19,426.405,9500
2026-05-28 12:57:00,426.405,426.405,426.24,426.24,6327
2026-05-28 12:58:00,426.315,426.42,426.2101,426.35,11113
2026-05-28 12:59:00,426.32,426.44,426.27,426.3272,9498
2026-05-28 13:00:00,426.315,426.49,426.18,426.43,8908
2026-05-28 13:01:00,426.37,426.435,425.96,426.23,52487
2026-05-28 13:02:00,426.19,426.69,426.18,426.39,12052
2026-05-28 13:03:00,426.44,427.01,426.42,426.92,16120
2026-05-28 13:04:00,426.97,427.2128,426.81,426.995,12150
2026-05-28 13:05:00,427.05,427.11,426.7201,426.905,11007
2026-05-28 13:06:00,426.905,427.04,426.7084,426.875,13817
2026-05-28 13:07:00,426.875,426.875,426.6,426.6502,12251
2026-05-28 13:08:00,426.72,426.9,426.56,426.75,14653
2026-05-28 13:09:00,426.91,426.98,426.6601,426.9652,9114
2026-05-28 13:10:00,426.945,426.945,426.6401,426.65,13121
2026-05-28 13:11:00,426.77,426.782,426.48,426.6,10600
2026-05-28 13:12:00,426.665,427.11,426.596,426.62,21921
2026-05-28 13:13:00,426.7799,426.7799,426.57,426.69,4582
2026-05-28 13:14:00,426.69,427.23,426.6541,427.0101,12436
2026-05-28 13:15:00,427.11,427.135,426.76,426.835,7887
2026-05-28 13:16:00,426.835,427.25,426.68,426.68,15934
2026-05-28 13:17:00,426.71,426.88,426.58,426.6345,5045
2026-05-28 13:18:00,426.715,426.87,426.63,426.75,19026
2026-05-28 13:19:00,426.7,427.15,426.645,427.0462,14037
2026-05-28 13:20:00,427.1,427.6,426.9984,427.52,21281
2026-05-28 13:21:00,427.59,427.9899,427.41,427.8201,20532
2026-05-28 13:22:00,427.9,427.97,427.6402,427.93,10749
2026-05-28 13:23:00,427.89,428.02,427.78,427.95,23917
2026-05-28 13:24:00,427.96,428.24,427.93,428.135,15830
2026-05-28 13:25:00,428.135,428.15,427.8101,427.87,15655
2026-05-28 13:26:00,427.845,428.22,427.79,428.16,19764
2026-05-28 13:27:00,428.16,428.29,428.05,428.29,14067
2026-05-28 13:28:00,428.26,428.265,428.04,428.125,22309
2026-05-28 13:29:00,428.05,428.24,427.91,428.0051,18147
2026-05-28 13:30:00,428.005,428.49,427.93,428.238,15548
2026-05-28 13:31:00,428.25,428.3499,428.03,428.105,9591
2026-05-28 13:32:00,428.105,428.35,428.05,428.235,11439
2026-05-28 13:33:00,428.235,428.355,427.74,427.845,33565
2026-05-28 13:34:00,427.84,427.85,427.2519,427.2519,19892
2026-05-28 13:35:00,427.31,427.52,427.2501,427.41,7705
2026-05-28 13:36:00,427.41,427.45,427.09,427.355,18334
2026-05-28 13:37:00,427.355,427.42,427.115,427.25,31386
2026-05-28 13:38:00,427.25,427.59,427.2,427.445,21327
2026-05-28 13:39:00,427.32,427.555,427.251,427.52,15339
2026-05-28 13:40:00,427.58,427.675,426.88,426.95,85980
2026-05-28 13:41:00,426.935,427.65,426.935,427.32,21399
2026-05-28 13:42:00,427.43,427.56,427.24,427.39,10313
2026-05-28 13:43:00,427.39,427.8,427.26,427.65,18908
2026-05-28 13:44:00,427.725,427.725,427.52,427.65,5872
2026-05-28 13:45:00,427.58,428.14,427.58,428.0,13794
2026-05-28 13:46:00,427.995,428.25,427.995,428.16,9396
2026-05-28 13:47:00,428.1123,428.43,428.1123,428.32,14352
2026-05-28 13:48:00,428.325,428.5,428.28,428.38,14112
2026-05-28 13:49:00,428.37,428.529,428.26,428.43,18856
2026-05-28 13:50:00,428.371,428.58,428.335,428.44,11249
2026-05-28 13:51:00,428.44,428.72,428.39,428.67,14205
2026-05-28 13:52:00,428.67,428.7138,428.38,428.47,16455
2026-05-28 13:53:00,428.5,428.66,428.38,428.54,12963
2026-05-28 13:54:00,428.55,428.71,428.505,428.58,7443
2026-05-28 13:55:00,428.58,428.6,428.33,428.375,17853
2026-05-28 13:56:00,428.3873,428.4231,428.28,428.29,12740
2026-05-28 13:57:00,428.28,428.46,428.05,428.1,18199
2026-05-28 13:58:00,428.085,428.49,428.03,428.425,13306
2026-05-28 13:59:00,428.425,428.79,428.375,428.41,15346
2026-05-28 14:00:00,428.355,428.46,428.05,428.17,13517
2026-05-28 14:01:00,428.11,428.47,428.11,428.47,11949
2026-05-28 14:02:00,428.41,428.66,428.305,428.57,10691
2026-05-28 14:03:00,428.595,428.78,428.4901,428.76,9791
2026-05-28 14:04:00,428.76,429.15,428.7387,429.12,39431
2026-05-28 14:05:00,429.15,429.39,429.055,429.36,12687
2026-05-28 14:06:00,429.38,429.39,429.1412,429.19,17670
2026-05-28 14:07:00,429.19,429.2399,428.93,429.02,32575
2026-05-28 14:08:00,428.99,429.2,428.75,428.985,25225
2026-05-28 14:09:00,429.0999,429.0999,428.87,428.9,12029
2026-05-28 14:10:00,428.94,428.9999,428.361,428.415,25762
2026-05-28 14:11:00,428.33,428.73,428.25,428.49,13480
2026-05-28 14:12:00,428.43,428.49,428.16,428.22,13219
2026-05-28 14:13:00,428.15,428.6,428.1001,428.485,22213
2026-05-28 14:14:00,428.44,428.79,428.4,428.785,24081
2026-05-28 14:15:00,428.785,429.0,428.69,428.935,20558
2026-05-28 14:16:00,428.93,429.49,428.82,429.34,23076
2026-05-28 14:17:00,429.34,429.5,429.2,429.3384,21946
2026-05-28 14:18:00,429.335,429.5,429.28,429.31,11326
2026-05-28 14:19:00,429.31,429.36,429.0,429.0007,14215
2026-05-28 14:20:00,428.98,429.05,428.6701,428.76,11098
2026-05-28 14:21:00,428.72,429.183,428.6775,429.0298,22555
2026-05-28 14:22:00,428.965,429.3,428.9101,429.29,11702
2026-05-28 14:23:00,429.29,429.68,429.13,429.45,16046
2026-05-28 14:24:00,429.54,429.575,429.25,429.315,14213
2026-05-28 14:25:00,429.32,429.49,429.305,429.4,25951
2026-05-28 14:26:00,429.28,429.46,429.25,429.425,13731
2026-05-28 14:27:00,429.425,429.58,429.12,429.16,20018
2026-05-28 14:28:00,429.16,429.29,428.84,429.0,11073
2026-05-28 14:29:00,429.02,429.085,428.92,428.946,8012
2026-05-28 14:30:00,428.93,428.96,428.61,428.81,16556
2026-05-28 14:31:00,428.69,428.69,428.43,428.615,11317
2026-05-28 14:32:00,428.67,428.78,428.38,428.46,10209
2026-05-28 14:33:00,428.455,428.51,427.88,427.88,13598
2026-05-28 14:34:00,427.88,427.8919,427.31,427.3901,15936
2026-05-28 14:35:00,427.465,427.68,427.27,427.5475,23758
2026-05-28 14:36:00,427.515,427.85,427.45,427.84,19228
2026-05-28 14:37:00,427.76,427.96,427.75,427.82,11177
2026-05-28 14:38:00,427.83,428.3,427.82,428.021,15092
2026-05-28 14:39:00,428.0688,428.275,427.975,427.99,11051
2026-05-28 14:40:00,427.99,428.135,427.9,427.9,9416
2026-05-28 14:41:00,427.89,428.0,427.7613,427.96,14623
2026-05-28 14:42:00,427.96,428.01,427.76,427.965,10922
2026-05-28 14:43:00,427.965,427.965,427.51,427.62,34196
2026-05-28 14:44:00,427.62,428.1,427.62,427.9,15666
2026-05-28 14:45:00,427.93,427.96,427.57,427.57,10382
2026-05-28 14:46:00,427.6,427.7199,427.4,427.4,9148
2026-05-28 14:47:00,427.455,427.545,427.25,427.425,11197
2026-05-28 14:48:00,427.425,427.4293,426.85,426.91,19726
2026-05-28 14:49:00,426.915,426.97,426.53,426.83,10661
2026-05-28 14:50:00,426.82,427.09,426.74,426.9101,12795
2026-05-28 14:51:00,427.02,427.32,426.9,427.27,12725
2026-05-28 14:52:00,427.32,427.615,427.27,427.535,13276
2026-05-28 14:53:00,427.5,427.79,427.48,427.71,18674
2026-05-28 14:54:00,427.715,427.715,427.24,427.33,12438
2026-05-28 14:55:00,427.33,427.48,427.23,427.23,14984
2026-05-28 14:56:00,427.3,427.3612,427.0401,427.155,15383
2026-05-28 14:57:00,427.1605,427.3964,427.06,427.11,15191
2026-05-28 14:58:00,427.11,427.39,427.0601,427.21,23017
2026-05-28 14:59:00,427.22,427.22,426.38,426.38,13306
2026-05-28 15:00:00,426.38,426.97,426.33,426.97,23280
2026-05-28 15:01:00,426.87,427.596,426.87,427.38,18851
2026-05-28 15:02:00,427.389,428.1,427.28,428.09,27486
2026-05-28 15:03:00,428.09,428.15,427.76,427.82,14767
2026-05-28 15:04:00,427.82,428.12,427.82,427.94,12924
2026-05-28 15:05:00,427.98,428.3,427.9301,428.295,13949
2026-05-28 15:06:00,428.305,428.43,428.2401,428.42,11152
2026-05-28 15:07:00,428.4495,428.63,428.03,428.09,62037
2026-05-28 15:08:00,428.12,428.37,428.09,428.31,11140
2026-05-28 15:09:00,428.31,428.34,427.88,428.015,12490
2026-05-28 15:10:00,428.0675,428.35,427.88,428.314,9058
2026-05-28 15:11:00,428.305,428.52,428.26,428.48,12037
2026-05-28 15:12:00,428.44,428.52,428.12,428.17,17206
2026-05-28 15:13:00,428.17,428.17,428.02,428.085,13901
2026-05-28 15:14:00,428.085,428.15,428.02,428.125,11455
2026-05-28 15:15:00,428.15,428.3,427.87,428.3,49389
2026-05-28 15:16:00,428.285,428.61,427.93,427.95,83620
2026-05-28 15:17:00,428.025,428.0748,427.73,427.99,18878
2026-05-28 15:18:00,428.0,428.03,427.65,427.705,43434
2026-05-28 15:19:00,427.61,427.61,427.21,427.22,17094
2026-05-28 15:20:00,427.25,427.3,426.94,427.22,23587
2026-05-28 15:21:00,427.255,427.265,426.94,427.0147,15819
2026-05-28 15:22:00,426.995,426.995,426.33,426.34,21439
2026-05-28 15:23:00,426.375,426.42,425.97,426.01,21005
2026-05-28 15:24:00,426.01,426.11,425.95,426.11,13027
2026-05-28 15:25:00,426.13,426.36,426.06,426.33,16120
2026-05-28 15:26:00,426.335,426.41,425.99,426.05,21259
2026-05-28 15:27:00,426.05,426.1,425.76,425.945,23647
2026-05-28 15:28:00,425.93,425.9401,425.55,425.7,13558
2026-05-28 15:29:00,425.7,425.79,425.23,425.29,12945
2026-05-28 15:30:00,425.29,426.1,425.17,425.99,30186
2026-05-28 15:31:00,425.985,425.985,425.5808,425.71,11401
2026-05-28 15:32:00,425.73,425.86,425.6,425.79,11332
2026-05-28 15:33:00,425.755,425.96,425.6401,425.75,10377
2026-05-28 15:34:00,425.8,426.21,425.66,426.11,24803
2026-05-28 15:35:00,426.03,426.18,425.9,426.12,13388
2026-05-28 15:36:00,426.09,426.376,425.95,426.27,13607
2026-05-28 15:37:00,426.33,426.33,426.06,426.2,14664
2026-05-28 15:38:00,426.2,426.3,426.1001,426.145,12168
2026-05-28 15:39:00,426.1,426.2,426.03,426.06,23896
2026-05-28 15:40:00,426.06,426.19,426.0,426.085,17839
2026-05-28 15:41:00,426.05,426.4999,426.045,426.4,18657
2026-05-28 15:42:00,426.34,426.48,425.91,426.01,34552
2026-05-28 15:43:00,426.0087,426.09,425.87,425.98,14824
2026-05-28 15:44:00,425.99,426.75,425.99,426.705,15713
2026-05-28 15:45:00,426.67,426.9,426.51,426.83,21174
2026-05-28 15:46:00,426.83,427.0899,426.81,426.93,22972
2026-05-28 15:47:00,426.93,426.935,426.62,426.63,19914
2026-05-28 15:48:00,426.64,426.93,426.64,426.855,21717
2026-05-28 15:49:00,426.85,426.9,426.53,426.53,19143
2026-05-28 15:50:00,426.55,426.64,426.09,426.63,41893
2026-05-28 15:51:00,426.59,426.59,426.17,426.17,28637
2026-05-28 15:52:00,426.17,427.09,426.03,426.64,102950
2026-05-28 15:53:00,426.65,427.5,426.58,426.62,93256
2026-05-28 15:54:00,426.58,426.84,426.27,426.6,39081
2026-05-28 15:55:00,426.66,426.74,426.06,426.16,43718
2026-05-28 15:56:00,426.135,426.34,425.71,425.75,49325
2026-05-28 15:57:00,425.82,426.24,425.51,426.24,71636
2026-05-28 15:58:00,426.25,426.5,426.24,426.5,99361
2026-05-28 15:59:00,426.51,426.58,426.41,426.58,154729
2026-05-28 16:00:00,426.52,426.58,425.5,425.5,3382539
2026-05-28 16:01:00,425.6378,426.6,425.6378,426.58,3664
2026-05-28 16:02:00,426.4,426.58,426.4,426.58,73575
2026-05-28 16:03:00,426.58,426.58,426.2,426.32,1586
2026-05-28 16:04:00,426.2,426.2,426.2,426.2,127
2026-05-28 16:05:00,426.57,426.57,426.5436,426.5436,255
2026-05-28 16:06:00,426.3,426.3,426.3,426.3,300
2026-05-28 16:07:00,426.4,426.4,426.4,426.4,76
2026-05-28 16:08:00,426.06,426.35,426.01,426.35,1708
2026-05-28 16:09:00,426.5,426.58,426.49,426.58,950
2026-05-28 16:10:00,426.58,426.6,426.3,426.3,424
2026-05-28 16:11:00,426.7,426.7,426.1823,426.59,2820
2026-05-28 16:12:00,426.8,427.0,426.8,427.0,272
2026-05-28 16:13:00,427.07,427.22,427.0,427.21,729
2026-05-28 16:14:00,427.0,427.25,427.0,427.2,229
2026-05-28 16:16:00,427.26,427.59,427.26,427.59,1289
2026-05-28 16:17:00,427.29,427.75,427.15,427.75,1439
2026-05-28 16:18:00,427.3,427.49,427.0629,427.0629,919
2026-05-28 16:19:00,427.4,427.49,427.0,427.0,650
2026-05-28 16:20:00,427.01,427.01,427.01,427.01,100
2026-05-28 16:21:00,427.4819,427.5,427.0,427.5,861
2026-05-28 16:22:00,427.21,427.54,427.21,427.54,380
2026-05-28 16:23:00,427.0,427.0,427.0,427.0,50
2026-05-28 16:24:00,427.58,427.58,427.58,427.58,40
2026-05-28 16:25:00,427.65,427.8,427.65,427.8,597
2026-05-28 16:26:00,427.7999,427.8,427.7999,427.8,100
2026-05-28 16:27:00,427.8,427.8,427.64,427.8,869
2026-05-28 16:29:00,427.8,427.8,427.7999,427.7999,741
2026-05-28 16:30:00,427.8,427.8,427.79,427.79,369
2026-05-28 16:31:00,427.8,427.8,427.6,427.8,274
2026-05-28 16:33:00,427.74,427.85,427.65,427.85,558
2026-05-28 16:34:00,427.85,428.0,427.85,428.0,350
2026-05-28 16:35:00,428.01,428.18,428.01,428.18,129
2026-05-28 16:36:00,428.09,428.25,428.0896,428.25,316
2026-05-28 16:37:00,428.48,428.75,428.44,428.75,1201
2026-05-28 16:38:00,428.54,428.54,428.54,428.54,50
2026-05-28 16:39:00,428.5325,428.75,428.5,428.51,1439
2026-05-28 16:40:00,428.75,428.75,428.75,428.75,450
2026-05-28 16:41:00,428.68,428.75,428.68,428.75,118
2026-05-28 16:42:00,428.69,428.69,428.57,428.57,363
2026-05-28 16:43:00,428.65,428.65,428.57,428.57,429
2026-05-28 16:44:00,428.7,428.74,428.7,428.74,404
2026-05-28 16:45:00,428.73,428.83,428.73,428.75,2727
2026-05-28 16:46:00,428.79,428.79,428.79,428.79,76
2026-05-28 16:47:00,428.77,428.77,428.77,428.77,40
2026-05-28 16:48:00,428.97,433.05,428.97,430.99,24460
2026-05-28 16:49:00,431.98,434.84,431.97,431.97,18925
2026-05-28 16:50:00,432.93,433.3,431.1,432.3401,3020
2026-05-28 16:51:00,431.67,432.17,431.27,431.27,2244
2026-05-28 16:52:00,431.27,431.27,430.0,430.0,7006
2026-05-28 16:53:00,430.99,431.0,430.19,430.22,3777
2026-05-28 16:54:00,430.12,431.49,430.12,431.3,2441
2026-05-28 16:55:00,431.49,432.5,431.3,431.99,6375
2026-05-28 16:56:00,432.42,432.9447,432.42,432.9447,1370
2026-05-28 16:57:00,432.98,432.98,432.5,432.51,3850
2026-05-28 16:58:00,432.5,432.89,432.5,432.5,954
2026-05-28 16:59:00,432.5,432.5,431.3475,431.94,1100
2026-05-28 17:00:00,431.25,431.55,431.0,431.0,2957
2026-05-28 17:01:00,429.93,430.63,429.93,429.93,1046
2026-05-28 17:02:00,431.1,431.1,431.1,431.1,45
2026-05-28 17:03:00,430.5052,430.5052,430.5052,430.5052,50
2026-05-28 17:04:00,431.0,431.0,430.8873,431.0,198
2026-05-28 17:05:00,430.97,431.87,430.97,431.35,522
2026-05-28 17:06:00,431.8,431.8,431.1144,431.1144,180
2026-05-28 17:07:00,431.8111,431.8111,431.8,431.8,600
2026-05-28 17:08:00,431.5,431.8,431.5,431.8,1484
2026-05-28 17:09:00,431.8,431.88,431.8,431.88,516
2026-05-28 17:10:00,431.78,431.9,431.69,431.9,906
2026-05-28 17:11:00,431.98,432.0,431.98,432.0,120
2026-05-28 17:12:00,431.86,432.0,431.86,431.95,1548
2026-05-28 17:13:00,431.76,431.76,431.76,431.76,40
2026-05-28 17:14:00,431.79,431.8,431.79,431.8,133
2026-05-28 17:15:00,431.8,431.8,431.79,431.79,95
2026-05-28 17:17:00,431.41,431.41,431.36,431.4,520
2026-05-28 17:18:00,431.4,431.4,431.4,431.4,500
2026-05-28 17:19:00,431.25,431.39,431.2,431.2,503
2026-05-28 17:20:00,431.3997,431.4,431.3797,431.4,691
2026-05-28 17:21:00,431.2,431.34,431.2,431.21,243
2026-05-28 17:22:00,431.2,431.21,431.0647,431.21,1203
2026-05-28 17:23:00,431.3607,431.3607,431.0412,431.0412,200
2026-05-28 17:24:00,431.4,431.82,431.38,431.82,1591
2026-05-28 17:25:00,431.7,431.82,431.7,431.82,320
2026-05-28 17:26:00,431.6,431.6,431.6,431.6,98
2026-05-28 17:27:00,432.0,432.0,432.0,432.0,100
2026-05-28 17:28:00,431.82,431.82,431.82,431.82,183
2026-05-28 17:29:00,431.6638,431.6638,431.65,431.65,287
2026-05-28 17:30:00,431.3464,431.71,431.3464,431.71,325
2026-05-28 17:31:00,431.9,431.98,431.22,431.22,2175
2026-05-28 17:32:00,431.01,431.01,430.0,430.01,2506
2026-05-28 17:33:00,430.63,430.63,430.54,430.54,187
2026-05-28 17:34:00,430.33,430.96,430.0503,430.96,549
2026-05-28 17:35:00,430.33,430.59,429.6,429.9837,3387
2026-05-28 17:36:00,429.57,430.0,429.57,430.0,500
2026-05-28 17:37:00,429.7,429.7,429.7,429.7,80
2026-05-28 17:38:00,429.9,429.9,429.86,429.8612,401
2026-05-28 17:39:00,429.8782,429.95,429.85,429.85,357
2026-05-28 17:40:00,429.99,430.0,429.7,429.99,1151
2026-05-28 17:42:00,429.88,429.9253,429.5572,429.9253,338
2026-05-28 17:43:00,429.92,429.9296,429.88,429.88,236
2026-05-28 17:44:00,429.8,429.8,429.8,429.8,155
2026-05-28 17:45:00,429.99,429.99,429.8,429.83,288
2026-05-28 17:46:00,429.81,429.81,429.0,429.0,4713
2026-05-28 17:47:00,428.59,429.27,428.0,429.27,681
2026-05-28 17:48:00,429.79,429.8,429.79,429.8,250
2026-05-28 17:49:00,428.7733,429.5,428.7733,429.5,1084
2026-05-28 17:50:00,429.4999,429.5,429.43,429.5,1677
2026-05-28 17:51:00,429.5,429.69,429.5,429.53,124
2026-05-28 17:52:00,429.7,429.7,429.7,429.7,40
2026-05-28 17:53:00,430.0,430.51,430.0,430.5,277
2026-05-28 17:54:00,430.5,431.0,430.5,431.0,896
2026-05-28 17:55:00,430.49,430.49,430.49,430.49,40
2026-05-28 17:57:00,430.49,430.49,430.44,430.44,172
2026-05-28 17:58:00,430.35,430.42,430.35,430.42,198
2026-05-28 17:59:00,430.35,430.4566,430.3,430.3,240
2026-05-28 18:00:00,430.3005,430.48,430.3005,430.4,1165
2026-05-28 18:01:00,430.95,430.95,430.91,430.91,240
2026-05-28 18:02:00,430.92,431.0,430.92,431.0,296
2026-05-28 18:03:00,431.0,431.0,431.0,431.0,150
2026-05-28 18:04:00,430.99,430.99,430.99,430.99,724
2026-05-28 18:05:00,430.51,430.75,430.5,430.75,827
2026-05-28 18:06:00,430.52,431.0,430.4263,430.73,510
2026-05-28 18:07:00,430.69,430.98,430.49,430.5,3835
2026-05-28 18:08:00,430.4,430.852,430.4,430.852,211
2026-05-28 18:09:00,430.3897,430.3897,430.3897,430.3897,75
2026-05-28 18:10:00,430.85,430.9,430.1,430.1,980
2026-05-28 18:12:00,429.82,429.82,429.82,429.82,55
2026-05-28 18:13:00,429.53,429.53,429.53,429.53,75
2026-05-28 18:15:00,429.06,429.06,429.06,429.06,50
2026-05-28 18:16:00,429.32,429.32,429.11,429.11,80
2026-05-28 18:17:00,429.7281,429.7281,429.7281,429.7281,50
2026-05-28 18:18:00,429.5,429.5,429.5,429.5,40
2026-05-28 18:19:00,429.5,429.51,429.3692,429.5,534
2026-05-28 18:20:00,429.8048,429.86,429.8048,429.86,140
2026-05-28 18:22:00,429.6,429.86,429.4609,429.86,396
2026-05-28 18:24:00,429.36,429.9011,429.35,429.9011,211
2026-05-28 18:26:00,429.56,429.56,429.56,429.56,44
2026-05-28 18:27:00,429.95,430.0,429.95,430.0,359
2026-05-28 18:28:00,429.65,429.9,429.65,429.9,339
2026-05-28 18:29:00,429.9816,429.9816,429.65,429.75,1475
2026-05-28 18:30:00,429.99,429.99,429.9,429.99,190
2026-05-28 18:31:00,429.9982,430.0,429.82,429.8261,1019
2026-05-28 18:33:00,429.89,430.44,429.89,430.44,438
2026-05-28 18:34:00,430.44,430.5,430.44,430.5,797
2026-05-28 18:35:00,430.25,430.44,430.24,430.44,417
2026-05-28 18:36:00,430.0,430.26,430.0,430.26,191
2026-05-28 18:37:00,430.2,430.2,430.02,430.04,864
2026-05-28 18:38:00,430.2548,430.26,430.2548,430.26,179
2026-05-28 18:39:00,430.32,430.6,430.32,430.6,1322
2026-05-28 18:40:00,430.6,430.6,430.6,430.6,293
2026-05-28 18:41:00,430.84,431.0,430.45,430.47,2402
2026-05-28 18:43:00,430.87,430.94,430.87,430.94,366
2026-05-28 18:44:00,430.94,431.1,430.65,431.1,1087
2026-05-28 18:45:00,431.19,431.25,431.0412,431.25,356
2026-05-28 18:46:00,431.21,431.21,430.82,430.967,2013
2026-05-28 18:47:00,431.0742,431.0742,431.0742,431.0742,150
2026-05-28 18:48:00,430.75,430.99,430.75,430.99,334
2026-05-28 18:49:00,430.9,430.9,430.9,430.9,100
2026-05-28 18:50:00,430.75,430.9345,430.2897,430.5,686
2026-05-28 18:51:00,430.455,430.455,430.455,430.455,40
2026-05-28 18:53:00,430.6001,430.99,430.6001,430.9588,581
2026-05-28 18:54:00,430.51,430.51,430.15,430.15,210
2026-05-28 18:55:00,430.9,430.9,430.9,430.9,300
2026-05-28 18:56:00,430.9,430.9,430.89,430.89,592
2026-05-28 18:57:00,430.08,430.15,428.5,430.15,3990
2026-05-28 18:58:00,430.15,430.34,430.02,430.02,816
2026-05-28 18:59:00,430.99,430.99,428.76,430.99,300
2026-05-28 19:00:00,430.0,430.0,430.0,430.0,500
2026-05-28 19:01:00,430.01,430.01,430.01,430.01,48
2026-05-28 19:05:00,430.42,430.42,430.2,430.2,250
2026-05-28 19:06:00,430.01,430.2,430.01,430.2,137
2026-05-28 19:07:00,430.2,430.27,430.2,430.27,103
2026-05-28 19:08:00,430.41,430.41,430.0,430.0,1651
2026-05-28 19:09:00,430.0546,430.0546,430.0546,430.0546,45
2026-05-28 19:10:00,430.26,430.42,430.26,430.42,83
2026-05-28 19:11:00,430.49,430.9413,430.49,430.9413,530
2026-05-28 19:15:00,430.8326,430.84,430.6,430.84,460
2026-05-28 19:16:00,430.85,430.9,430.7,430.9,406
2026-05-28 19:17:00,430.6138,430.6138,430.6138,430.6138,200
2026-05-28 19:18:00,430.8261,430.85,430.8261,430.83,373
2026-05-28 19:19:00,430.98,430.98,430.98,430.98,50
2026-05-28 19:20:00,430.9159,430.934,430.85,430.915,440
2026-05-28 19:21:00,430.94,431.0,430.927,431.0,443
2026-05-28 19:22:00,431.1882,431.21,431.1882,431.21,190
2026-05-28 19:23:00,431.24,431.25,431.2,431.2,1663
2026-05-28 19:24:00,431.1713,431.1713,430.98,430.98,311
2026-05-28 19:25:00,431.1,431.1,430.99,430.99,340
2026-05-28 19:26:00,430.85,430.85,430.6918,430.6918,114
2026-05-28 19:27:00,430.89,430.89,430.89,430.89,616
2026-05-28 19:28:00,430.8942,430.9,430.89,430.9,698
2026-05-28 19:30:00,431.0,431.06,430.89,430.99,1445
2026-05-28 19:31:00,430.93,430.93,430.93,430.93,80
2026-05-28 19:32:00,430.95,430.95,430.95,430.95,40
2026-05-28 19:33:00,430.9974,431.0,430.9974,431.0,182
2026-05-28 19:34:00,431.06,431.06,431.05,431.05,282
2026-05-28 19:35:00,431.23,431.23,431.0,431.0,361
2026-05-28 19:36:00,431.18,431.18,431.18,431.18,99
2026-05-28 19:37:00,431.19,431.25,431.19,431.25,435
2026-05-28 19:38:00,431.25,431.25,431.13,431.13,336
2026-05-28 19:39:00,431.25,431.34,431.25,431.34,121
2026-05-28 19:41:00,431.33,431.33,431.33,431.33,426
2026-05-28 19:42:00,431.43,431.5,431.43,431.4999,200
2026-05-28 19:43:00,431.49,431.49,431.49,431.49,49
2026-05-28 19:44:00,431.13,431.13,431.13,431.13,90
2026-05-28 19:45:00,431.13,431.5,430.994,431.35,1691
2026-05-28 19:46:00,431.05,431.4263,431.0,431.0,220
2026-05-28 19:47:00,430.92,430.92,430.92,430.92,464
2026-05-28 19:48:00,430.6,430.8678,430.5,430.8678,906
2026-05-28 19:50:00,431.0,431.0,430.86,431.0,4829
2026-05-28 19:51:00,430.5594,430.98,430.55,430.55,222
2026-05-28 19:52:00,431.0,431.0,431.0,431.0,50
2026-05-28 19:53:00,431.0,431.4537,431.0,431.01,4399
2026-05-28 19:54:00,431.01,431.01,431.0,431.0,150
2026-05-28 19:55:00,431.1,431.3149,431.09,431.09,240
2026-05-28 19:56:00,431.5,431.5,431.1346,431.1346,981
2026-05-28 19:57:00,431.1058,431.5,431.1058,431.4732,730
2026-05-28 19:58:00,431.4967,431.5,431.4967,431.4999,1850
2026-05-28 19:59:00,431.8828,431.8828,431.36,431.37,897
